ISO-10303-21;
HEADER;
/* Generated by software containing ST-Developer
 * from STEP Tools, Inc. (www.steptools.com) 
 */

FILE_DESCRIPTION(
/* description */ (''),
/* implementation_level */ '2;1');

FILE_NAME(
/* name */ '1xmidseg.step',
/* time_stamp */ '2026-07-27T18:42:48+05:30',
/* author */ (''),
/* organization */ (''),
/* preprocessor_version */ 'ST-DEVELOPER v20.1',
/* originating_system */ 'Autodesk Translation Framework v15.8.0.0',
/* authorisation */ '');

FILE_SCHEMA (('AUTOMOTIVE_DESIGN { 1 0 10303 214 3 1 1 }'));
ENDSEC;

DATA;
#10=MECHANICAL_DESIGN_GEOMETRIC_PRESENTATION_REPRESENTATION('',(#13),#6099);
#11=SHAPE_REPRESENTATION_RELATIONSHIP('SRR','None',#6106,#12);
#12=ADVANCED_BREP_SHAPE_REPRESENTATION('',(#14),#6098);
#13=STYLED_ITEM('',(#6116),#14);
#14=MANIFOLD_SOLID_BREP('1xmidseg',#3696);
#15=B_SPLINE_CURVE_WITH_KNOTS('',3,(#5909,#5910,#5911,#5912,#5913,#5914,
#5915,#5916,#5917,#5918,#5919,#5920,#5921,#5922,#5923,#5924),
 .UNSPECIFIED.,.F.,.F.,(4,2,2,2,2,2,2,4),(0.,0.0435379123073671,0.0870758246147343,
0.124880117989342,0.154681571515849,0.184483025042355,0.24440093505555,
0.304318845068744),.UNSPECIFIED.);
#16=B_SPLINE_CURVE_WITH_KNOTS('',3,(#5926,#5927,#5928,#5929,#5930,#5931,
#5932,#5933,#5934,#5935,#5936,#5937,#5938,#5939,#5940,#5941,#5942,#5943,
#5944,#5945,#5946,#5947,#5948,#5949,#5950,#5951,#5952,#5953,#5954,#5955),
 .UNSPECIFIED.,.F.,.F.,(4,2,2,2,2,2,2,2,2,2,2,2,2,2,4),(0.304318845068744,
0.364236755081938,0.424154665095133,0.453956118621639,0.483757572148146,
0.521561865522754,0.565099777830121,0.608637690137488,0.652175602444855,
0.695713514752222,0.73351780812683,0.763319261653337,0.793120715179843,
0.853038625193038,0.912956535206232),.UNSPECIFIED.);
#17=B_SPLINE_CURVE_WITH_KNOTS('',3,(#5956,#5957,#5958,#5959,#5960,#5961,
#5962,#5963,#5964,#5965,#5966,#5967,#5968,#5969,#5970,#5971),
 .UNSPECIFIED.,.F.,.F.,(4,2,2,2,2,2,2,4),(0.912956535206232,0.972874445219427,
1.03279235523262,1.06259380875913,1.09239526228563,1.13019955566024,1.17373746796761,
1.21727538027498),.UNSPECIFIED.);
#18=B_SPLINE_CURVE_WITH_KNOTS('',3,(#5985,#5986,#5987,#5988,#5989,#5990,
#5991,#5992,#5993,#5994,#5995,#5996,#5997,#5998,#5999,#6000,#6001,#6002,
#6003,#6004,#6005,#6006,#6007,#6008,#6009,#6010,#6011,#6012,#6013,#6014,
#6015,#6016,#6017,#6018,#6019,#6020,#6021,#6022,#6023,#6024,#6025,#6026,
#6027,#6028,#6029,#6030,#6031,#6032,#6033,#6034,#6035,#6036,#6037,#6038,
#6039,#6040,#6041,#6042),.UNSPECIFIED.,.T.,.F.,(4,2,2,2,2,2,2,2,2,2,2,2,
2,2,2,2,2,2,2,2,2,2,2,2,2,2,2,2,4),(0.,0.0653624506180173,0.098043675927026,
0.130724901236035,0.159681209859882,0.188637518483729,0.24615239769669,
0.30366727690965,0.36118215612261,0.41869703533557,0.447653343959418,0.476609652583265,
0.509290877892274,0.541972103201282,0.6073345538193,0.672697004437317,0.705378229746326,
0.738059455055335,0.767015763679182,0.795972072303029,0.853486951515989,
0.91100183072895,0.96851670994191,1.02603158915487,1.05498789777872,1.08394420640257,
1.11662543171157,1.14930665702058,1.2146691076386),.UNSPECIFIED.);
#19=CYLINDRICAL_SURFACE('',#3729,3.62441302137761);
#20=CYLINDRICAL_SURFACE('',#3784,1.5);
#21=CYLINDRICAL_SURFACE('',#3787,1.5);
#22=CYLINDRICAL_SURFACE('',#3788,1.5);
#23=CYLINDRICAL_SURFACE('',#3791,1.5);
#24=CYLINDRICAL_SURFACE('',#3794,1.1);
#25=CYLINDRICAL_SURFACE('',#3798,1.1);
#26=CYLINDRICAL_SURFACE('',#3803,2.35000000000001);
#27=CYLINDRICAL_SURFACE('',#3806,1.09999999999999);
#28=CYLINDRICAL_SURFACE('',#3810,1.10000000000005);
#29=CYLINDRICAL_SURFACE('',#3819,2.35);
#30=CYLINDRICAL_SURFACE('',#3822,2.34999999999999);
#31=CYLINDRICAL_SURFACE('',#3825,2.35000000000001);
#32=CYLINDRICAL_SURFACE('',#3829,7.);
#33=CYLINDRICAL_SURFACE('',#3833,7.);
#34=CYLINDRICAL_SURFACE('',#3845,1.1);
#35=CYLINDRICAL_SURFACE('',#3849,1.1);
#36=CYLINDRICAL_SURFACE('',#3854,2.35000000000001);
#37=CYLINDRICAL_SURFACE('',#3857,1.09999999999999);
#38=CYLINDRICAL_SURFACE('',#3861,1.10000000000005);
#39=CYLINDRICAL_SURFACE('',#3870,2.35);
#40=CYLINDRICAL_SURFACE('',#3873,2.34999999999999);
#41=CYLINDRICAL_SURFACE('',#3876,2.35000000000001);
#42=CYLINDRICAL_SURFACE('',#3880,7.);
#43=CYLINDRICAL_SURFACE('',#3884,7.);
#44=CYLINDRICAL_SURFACE('',#3906,1.5);
#45=CYLINDRICAL_SURFACE('',#3909,1.5);
#46=CYLINDRICAL_SURFACE('',#3910,1.5);
#47=CYLINDRICAL_SURFACE('',#3911,1.5);
#48=CYLINDRICAL_SURFACE('',#3936,1.25);
#49=CYLINDRICAL_SURFACE('',#3937,1.25);
#50=CYLINDRICAL_SURFACE('',#3941,1.25);
#51=CYLINDRICAL_SURFACE('',#3942,1.25);
#52=CYLINDRICAL_SURFACE('',#3945,1.35);
#53=CYLINDRICAL_SURFACE('',#3948,1.35);
#54=CYLINDRICAL_SURFACE('',#3951,1.35);
#55=CYLINDRICAL_SURFACE('',#3955,1.35);
#56=CYLINDRICAL_SURFACE('',#3959,1.25);
#57=CYLINDRICAL_SURFACE('',#3962,1.25);
#58=CYLINDRICAL_SURFACE('',#3965,1.25);
#59=CYLINDRICAL_SURFACE('',#3968,1.25);
#60=FACE_BOUND('',#379,.T.);
#61=FACE_BOUND('',#389,.T.);
#62=FACE_BOUND('',#404,.T.);
#63=FACE_BOUND('',#406,.T.);
#64=FACE_BOUND('',#437,.T.);
#65=FACE_BOUND('',#438,.T.);
#66=FACE_BOUND('',#439,.T.);
#67=FACE_BOUND('',#440,.T.);
#68=FACE_BOUND('',#442,.T.);
#69=FACE_BOUND('',#443,.T.);
#70=FACE_BOUND('',#483,.T.);
#71=FACE_BOUND('',#484,.T.);
#72=FACE_BOUND('',#516,.T.);
#73=FACE_BOUND('',#517,.T.);
#74=FACE_BOUND('',#522,.T.);
#75=FACE_BOUND('',#523,.T.);
#76=FACE_BOUND('',#532,.T.);
#77=FACE_BOUND('',#533,.T.);
#78=FACE_BOUND('',#534,.T.);
#79=FACE_BOUND('',#535,.T.);
#80=FACE_BOUND('',#536,.T.);
#81=FACE_BOUND('',#538,.T.);
#82=FACE_BOUND('',#539,.T.);
#83=FACE_BOUND('',#540,.T.);
#84=FACE_BOUND('',#541,.T.);
#85=FACE_BOUND('',#542,.T.);
#86=FACE_BOUND('',#547,.T.);
#87=FACE_BOUND('',#548,.T.);
#88=FACE_BOUND('',#549,.T.);
#89=FACE_BOUND('',#550,.T.);
#90=FACE_BOUND('',#551,.T.);
#91=FACE_BOUND('',#553,.T.);
#92=FACE_BOUND('',#554,.T.);
#93=FACE_BOUND('',#555,.T.);
#94=FACE_BOUND('',#556,.T.);
#95=FACE_BOUND('',#557,.T.);
#96=FACE_BOUND('',#559,.T.);
#97=FACE_BOUND('',#560,.T.);
#98=FACE_BOUND('',#562,.T.);
#99=FACE_BOUND('',#563,.T.);
#100=FACE_BOUND('',#564,.T.);
#101=FACE_BOUND('',#565,.T.);
#102=FACE_BOUND('',#567,.T.);
#103=FACE_BOUND('',#568,.T.);
#104=FACE_BOUND('',#572,.T.);
#105=FACE_BOUND('',#574,.T.);
#106=FACE_BOUND('',#577,.T.);
#107=FACE_BOUND('',#582,.T.);
#108=FACE_BOUND('',#588,.T.);
#109=FACE_BOUND('',#599,.T.);
#110=FACE_BOUND('',#606,.T.);
#111=FACE_BOUND('',#608,.T.);
#112=FACE_BOUND('',#611,.T.);
#113=CIRCLE('',#3712,3.62441302137761);
#114=CIRCLE('',#3722,3.62441302137761);
#115=CIRCLE('',#3737,1.25);
#116=CIRCLE('',#3739,1.35);
#117=CIRCLE('',#3770,1.25);
#118=CIRCLE('',#3771,1.25);
#119=CIRCLE('',#3772,1.25);
#120=CIRCLE('',#3773,1.25);
#121=CIRCLE('',#3775,1.5);
#122=CIRCLE('',#3776,1.5);
#123=CIRCLE('',#3783,1.5);
#124=CIRCLE('',#3786,1.5);
#125=CIRCLE('',#3789,1.5);
#126=CIRCLE('',#3790,1.5);
#127=CIRCLE('',#3792,1.5);
#128=CIRCLE('',#3793,1.5);
#129=CIRCLE('',#3795,1.1);
#130=CIRCLE('',#3796,1.1);
#131=CIRCLE('',#3799,1.1);
#132=CIRCLE('',#3800,1.1);
#133=CIRCLE('',#3804,2.35000000000001);
#134=CIRCLE('',#3805,2.35000000000001);
#135=CIRCLE('',#3807,1.09999999999999);
#136=CIRCLE('',#3808,1.09999999999999);
#137=CIRCLE('',#3811,1.10000000000005);
#138=CIRCLE('',#3812,1.10000000000005);
#139=CIRCLE('',#3820,2.35);
#140=CIRCLE('',#3821,2.35);
#141=CIRCLE('',#3823,2.34999999999999);
#142=CIRCLE('',#3824,2.34999999999999);
#143=CIRCLE('',#3826,2.35000000000001);
#144=CIRCLE('',#3827,2.35000000000001);
#145=CIRCLE('',#3830,7.);
#146=CIRCLE('',#3831,7.);
#147=CIRCLE('',#3834,7.);
#148=CIRCLE('',#3835,7.);
#149=CIRCLE('',#3842,1.5);
#150=CIRCLE('',#3843,1.5);
#151=CIRCLE('',#3846,1.1);
#152=CIRCLE('',#3847,1.1);
#153=CIRCLE('',#3850,1.1);
#154=CIRCLE('',#3851,1.1);
#155=CIRCLE('',#3855,2.35000000000001);
#156=CIRCLE('',#3856,2.35000000000001);
#157=CIRCLE('',#3858,1.09999999999999);
#158=CIRCLE('',#3859,1.09999999999999);
#159=CIRCLE('',#3862,1.10000000000005);
#160=CIRCLE('',#3863,1.10000000000005);
#161=CIRCLE('',#3871,2.35);
#162=CIRCLE('',#3872,2.35);
#163=CIRCLE('',#3874,2.34999999999999);
#164=CIRCLE('',#3875,2.34999999999999);
#165=CIRCLE('',#3877,2.35000000000001);
#166=CIRCLE('',#3878,2.35000000000001);
#167=CIRCLE('',#3881,7.);
#168=CIRCLE('',#3882,7.);
#169=CIRCLE('',#3885,7.);
#170=CIRCLE('',#3886,7.);
#171=CIRCLE('',#3895,1.5);
#172=CIRCLE('',#3896,1.5);
#173=CIRCLE('',#3901,1.5);
#174=CIRCLE('',#3902,1.5);
#175=CIRCLE('',#3905,1.5);
#176=CIRCLE('',#3908,1.5);
#177=CIRCLE('',#3921,1.25);
#178=CIRCLE('',#3922,1.25);
#179=CIRCLE('',#3923,1.25);
#180=CIRCLE('',#3924,1.25);
#181=CIRCLE('',#3932,1.35);
#182=CIRCLE('',#3935,1.25);
#183=CIRCLE('',#3938,1.25);
#184=CIRCLE('',#3940,1.25);
#185=CIRCLE('',#3944,1.35);
#186=CIRCLE('',#3947,1.35);
#187=CIRCLE('',#3950,1.35);
#188=CIRCLE('',#3952,1.35);
#189=CIRCLE('',#3954,1.35);
#190=CIRCLE('',#3956,1.35);
#191=CIRCLE('',#3958,1.25);
#192=CIRCLE('',#3961,1.25);
#193=CIRCLE('',#3964,1.25);
#194=CIRCLE('',#3967,1.25);
#195=FACE_OUTER_BOUND('',#377,.T.);
#196=FACE_OUTER_BOUND('',#378,.T.);
#197=FACE_OUTER_BOUND('',#380,.T.);
#198=FACE_OUTER_BOUND('',#381,.T.);
#199=FACE_OUTER_BOUND('',#382,.T.);
#200=FACE_OUTER_BOUND('',#383,.T.);
#201=FACE_OUTER_BOUND('',#384,.T.);
#202=FACE_OUTER_BOUND('',#385,.T.);
#203=FACE_OUTER_BOUND('',#386,.T.);
#204=FACE_OUTER_BOUND('',#387,.T.);
#205=FACE_OUTER_BOUND('',#388,.T.);
#206=FACE_OUTER_BOUND('',#390,.T.);
#207=FACE_OUTER_BOUND('',#391,.T.);
#208=FACE_OUTER_BOUND('',#392,.T.);
#209=FACE_OUTER_BOUND('',#393,.T.);
#210=FACE_OUTER_BOUND('',#394,.T.);
#211=FACE_OUTER_BOUND('',#395,.T.);
#212=FACE_OUTER_BOUND('',#396,.T.);
#213=FACE_OUTER_BOUND('',#397,.T.);
#214=FACE_OUTER_BOUND('',#398,.T.);
#215=FACE_OUTER_BOUND('',#399,.T.);
#216=FACE_OUTER_BOUND('',#400,.T.);
#217=FACE_OUTER_BOUND('',#401,.T.);
#218=FACE_OUTER_BOUND('',#402,.T.);
#219=FACE_OUTER_BOUND('',#403,.T.);
#220=FACE_OUTER_BOUND('',#405,.T.);
#221=FACE_OUTER_BOUND('',#407,.T.);
#222=FACE_OUTER_BOUND('',#408,.T.);
#223=FACE_OUTER_BOUND('',#409,.T.);
#224=FACE_OUTER_BOUND('',#410,.T.);
#225=FACE_OUTER_BOUND('',#411,.T.);
#226=FACE_OUTER_BOUND('',#412,.T.);
#227=FACE_OUTER_BOUND('',#413,.T.);
#228=FACE_OUTER_BOUND('',#414,.T.);
#229=FACE_OUTER_BOUND('',#415,.T.);
#230=FACE_OUTER_BOUND('',#416,.T.);
#231=FACE_OUTER_BOUND('',#417,.T.);
#232=FACE_OUTER_BOUND('',#418,.T.);
#233=FACE_OUTER_BOUND('',#419,.T.);
#234=FACE_OUTER_BOUND('',#420,.T.);
#235=FACE_OUTER_BOUND('',#421,.T.);
#236=FACE_OUTER_BOUND('',#422,.T.);
#237=FACE_OUTER_BOUND('',#423,.T.);
#238=FACE_OUTER_BOUND('',#424,.T.);
#239=FACE_OUTER_BOUND('',#425,.T.);
#240=FACE_OUTER_BOUND('',#426,.T.);
#241=FACE_OUTER_BOUND('',#427,.T.);
#242=FACE_OUTER_BOUND('',#428,.T.);
#243=FACE_OUTER_BOUND('',#429,.T.);
#244=FACE_OUTER_BOUND('',#430,.T.);
#245=FACE_OUTER_BOUND('',#431,.T.);
#246=FACE_OUTER_BOUND('',#432,.T.);
#247=FACE_OUTER_BOUND('',#433,.T.);
#248=FACE_OUTER_BOUND('',#434,.T.);
#249=FACE_OUTER_BOUND('',#435,.T.);
#250=FACE_OUTER_BOUND('',#436,.T.);
#251=FACE_OUTER_BOUND('',#441,.T.);
#252=FACE_OUTER_BOUND('',#444,.T.);
#253=FACE_OUTER_BOUND('',#445,.T.);
#254=FACE_OUTER_BOUND('',#446,.T.);
#255=FACE_OUTER_BOUND('',#447,.T.);
#256=FACE_OUTER_BOUND('',#448,.T.);
#257=FACE_OUTER_BOUND('',#449,.T.);
#258=FACE_OUTER_BOUND('',#450,.T.);
#259=FACE_OUTER_BOUND('',#451,.T.);
#260=FACE_OUTER_BOUND('',#452,.T.);
#261=FACE_OUTER_BOUND('',#453,.T.);
#262=FACE_OUTER_BOUND('',#454,.T.);
#263=FACE_OUTER_BOUND('',#455,.T.);
#264=FACE_OUTER_BOUND('',#456,.T.);
#265=FACE_OUTER_BOUND('',#457,.T.);
#266=FACE_OUTER_BOUND('',#458,.T.);
#267=FACE_OUTER_BOUND('',#459,.T.);
#268=FACE_OUTER_BOUND('',#460,.T.);
#269=FACE_OUTER_BOUND('',#461,.T.);
#270=FACE_OUTER_BOUND('',#462,.T.);
#271=FACE_OUTER_BOUND('',#463,.T.);
#272=FACE_OUTER_BOUND('',#464,.T.);
#273=FACE_OUTER_BOUND('',#465,.T.);
#274=FACE_OUTER_BOUND('',#466,.T.);
#275=FACE_OUTER_BOUND('',#467,.T.);
#276=FACE_OUTER_BOUND('',#468,.T.);
#277=FACE_OUTER_BOUND('',#469,.T.);
#278=FACE_OUTER_BOUND('',#470,.T.);
#279=FACE_OUTER_BOUND('',#471,.T.);
#280=FACE_OUTER_BOUND('',#472,.T.);
#281=FACE_OUTER_BOUND('',#473,.T.);
#282=FACE_OUTER_BOUND('',#474,.T.);
#283=FACE_OUTER_BOUND('',#475,.T.);
#284=FACE_OUTER_BOUND('',#476,.T.);
#285=FACE_OUTER_BOUND('',#477,.T.);
#286=FACE_OUTER_BOUND('',#478,.T.);
#287=FACE_OUTER_BOUND('',#479,.T.);
#288=FACE_OUTER_BOUND('',#480,.T.);
#289=FACE_OUTER_BOUND('',#481,.T.);
#290=FACE_OUTER_BOUND('',#482,.T.);
#291=FACE_OUTER_BOUND('',#485,.T.);
#292=FACE_OUTER_BOUND('',#486,.T.);
#293=FACE_OUTER_BOUND('',#487,.T.);
#294=FACE_OUTER_BOUND('',#488,.T.);
#295=FACE_OUTER_BOUND('',#489,.T.);
#296=FACE_OUTER_BOUND('',#490,.T.);
#297=FACE_OUTER_BOUND('',#491,.T.);
#298=FACE_OUTER_BOUND('',#492,.T.);
#299=FACE_OUTER_BOUND('',#493,.T.);
#300=FACE_OUTER_BOUND('',#494,.T.);
#301=FACE_OUTER_BOUND('',#495,.T.);
#302=FACE_OUTER_BOUND('',#496,.T.);
#303=FACE_OUTER_BOUND('',#497,.T.);
#304=FACE_OUTER_BOUND('',#498,.T.);
#305=FACE_OUTER_BOUND('',#499,.T.);
#306=FACE_OUTER_BOUND('',#500,.T.);
#307=FACE_OUTER_BOUND('',#501,.T.);
#308=FACE_OUTER_BOUND('',#502,.T.);
#309=FACE_OUTER_BOUND('',#503,.T.);
#310=FACE_OUTER_BOUND('',#504,.T.);
#311=FACE_OUTER_BOUND('',#505,.T.);
#312=FACE_OUTER_BOUND('',#506,.T.);
#313=FACE_OUTER_BOUND('',#507,.T.);
#314=FACE_OUTER_BOUND('',#508,.T.);
#315=FACE_OUTER_BOUND('',#509,.T.);
#316=FACE_OUTER_BOUND('',#510,.T.);
#317=FACE_OUTER_BOUND('',#511,.T.);
#318=FACE_OUTER_BOUND('',#512,.T.);
#319=FACE_OUTER_BOUND('',#513,.T.);
#320=FACE_OUTER_BOUND('',#514,.T.);
#321=FACE_OUTER_BOUND('',#515,.T.);
#322=FACE_OUTER_BOUND('',#518,.T.);
#323=FACE_OUTER_BOUND('',#519,.T.);
#324=FACE_OUTER_BOUND('',#520,.T.);
#325=FACE_OUTER_BOUND('',#521,.T.);
#326=FACE_OUTER_BOUND('',#524,.T.);
#327=FACE_OUTER_BOUND('',#525,.T.);
#328=FACE_OUTER_BOUND('',#526,.T.);
#329=FACE_OUTER_BOUND('',#527,.T.);
#330=FACE_OUTER_BOUND('',#528,.T.);
#331=FACE_OUTER_BOUND('',#529,.T.);
#332=FACE_OUTER_BOUND('',#530,.T.);
#333=FACE_OUTER_BOUND('',#531,.T.);
#334=FACE_OUTER_BOUND('',#537,.T.);
#335=FACE_OUTER_BOUND('',#543,.T.);
#336=FACE_OUTER_BOUND('',#544,.T.);
#337=FACE_OUTER_BOUND('',#545,.T.);
#338=FACE_OUTER_BOUND('',#546,.T.);
#339=FACE_OUTER_BOUND('',#552,.T.);
#340=FACE_OUTER_BOUND('',#558,.T.);
#341=FACE_OUTER_BOUND('',#561,.T.);
#342=FACE_OUTER_BOUND('',#566,.T.);
#343=FACE_OUTER_BOUND('',#569,.T.);
#344=FACE_OUTER_BOUND('',#570,.T.);
#345=FACE_OUTER_BOUND('',#571,.T.);
#346=FACE_OUTER_BOUND('',#573,.T.);
#347=FACE_OUTER_BOUND('',#575,.T.);
#348=FACE_OUTER_BOUND('',#576,.T.);
#349=FACE_OUTER_BOUND('',#578,.T.);
#350=FACE_OUTER_BOUND('',#579,.T.);
#351=FACE_OUTER_BOUND('',#580,.T.);
#352=FACE_OUTER_BOUND('',#581,.T.);
#353=FACE_OUTER_BOUND('',#583,.T.);
#354=FACE_OUTER_BOUND('',#584,.T.);
#355=FACE_OUTER_BOUND('',#585,.T.);
#356=FACE_OUTER_BOUND('',#586,.T.);
#357=FACE_OUTER_BOUND('',#587,.T.);
#358=FACE_OUTER_BOUND('',#589,.T.);
#359=FACE_OUTER_BOUND('',#590,.T.);
#360=FACE_OUTER_BOUND('',#591,.T.);
#361=FACE_OUTER_BOUND('',#592,.T.);
#362=FACE_OUTER_BOUND('',#593,.T.);
#363=FACE_OUTER_BOUND('',#594,.T.);
#364=FACE_OUTER_BOUND('',#595,.T.);
#365=FACE_OUTER_BOUND('',#596,.T.);
#366=FACE_OUTER_BOUND('',#597,.T.);
#367=FACE_OUTER_BOUND('',#598,.T.);
#368=FACE_OUTER_BOUND('',#600,.T.);
#369=FACE_OUTER_BOUND('',#601,.T.);
#370=FACE_OUTER_BOUND('',#602,.T.);
#371=FACE_OUTER_BOUND('',#603,.T.);
#372=FACE_OUTER_BOUND('',#604,.T.);
#373=FACE_OUTER_BOUND('',#605,.T.);
#374=FACE_OUTER_BOUND('',#607,.T.);
#375=FACE_OUTER_BOUND('',#609,.T.);
#376=FACE_OUTER_BOUND('',#610,.T.);
#377=EDGE_LOOP('',(#2337,#2338,#2339,#2340,#2341,#2342,#2343,#2344,#2345,
#2346,#2347));
#378=EDGE_LOOP('',(#2348,#2349,#2350,#2351,#2352,#2353));
#379=EDGE_LOOP('',(#2354));
#380=EDGE_LOOP('',(#2355,#2356,#2357,#2358));
#381=EDGE_LOOP('',(#2359,#2360,#2361,#2362,#2363,#2364));
#382=EDGE_LOOP('',(#2365,#2366,#2367,#2368));
#383=EDGE_LOOP('',(#2369,#2370,#2371,#2372,#2373,#2374));
#384=EDGE_LOOP('',(#2375,#2376,#2377,#2378,#2379));
#385=EDGE_LOOP('',(#2380,#2381,#2382,#2383,#2384,#2385,#2386,#2387,#2388,
#2389,#2390));
#386=EDGE_LOOP('',(#2391,#2392,#2393,#2394,#2395,#2396));
#387=EDGE_LOOP('',(#2397,#2398,#2399,#2400));
#388=EDGE_LOOP('',(#2401,#2402,#2403,#2404,#2405,#2406));
#389=EDGE_LOOP('',(#2407));
#390=EDGE_LOOP('',(#2408,#2409,#2410,#2411));
#391=EDGE_LOOP('',(#2412,#2413,#2414,#2415));
#392=EDGE_LOOP('',(#2416,#2417,#2418,#2419,#2420,#2421,#2422,#2423));
#393=EDGE_LOOP('',(#2424,#2425,#2426,#2427));
#394=EDGE_LOOP('',(#2428,#2429,#2430,#2431));
#395=EDGE_LOOP('',(#2432,#2433,#2434,#2435));
#396=EDGE_LOOP('',(#2436,#2437,#2438,#2439));
#397=EDGE_LOOP('',(#2440,#2441,#2442,#2443,#2444,#2445,#2446,#2447,#2448,
#2449));
#398=EDGE_LOOP('',(#2450,#2451,#2452,#2453));
#399=EDGE_LOOP('',(#2454,#2455,#2456,#2457,#2458,#2459,#2460,#2461));
#400=EDGE_LOOP('',(#2462,#2463,#2464,#2465));
#401=EDGE_LOOP('',(#2466,#2467,#2468,#2469,#2470,#2471));
#402=EDGE_LOOP('',(#2472,#2473,#2474,#2475,#2476,#2477));
#403=EDGE_LOOP('',(#2478,#2479,#2480,#2481,#2482,#2483,#2484,#2485,#2486,
#2487,#2488,#2489,#2490,#2491));
#404=EDGE_LOOP('',(#2492));
#405=EDGE_LOOP('',(#2493,#2494,#2495,#2496,#2497,#2498,#2499,#2500,#2501,
#2502));
#406=EDGE_LOOP('',(#2503));
#407=EDGE_LOOP('',(#2504,#2505,#2506,#2507));
#408=EDGE_LOOP('',(#2508,#2509,#2510,#2511,#2512));
#409=EDGE_LOOP('',(#2513,#2514,#2515,#2516,#2517,#2518));
#410=EDGE_LOOP('',(#2519,#2520,#2521,#2522,#2523,#2524,#2525));
#411=EDGE_LOOP('',(#2526,#2527,#2528,#2529));
#412=EDGE_LOOP('',(#2530,#2531,#2532,#2533));
#413=EDGE_LOOP('',(#2534,#2535,#2536,#2537));
#414=EDGE_LOOP('',(#2538,#2539,#2540,#2541,#2542));
#415=EDGE_LOOP('',(#2543,#2544,#2545,#2546,#2547,#2548,#2549,#2550,#2551,
#2552));
#416=EDGE_LOOP('',(#2553,#2554,#2555,#2556,#2557,#2558,#2559,#2560,#2561,
#2562));
#417=EDGE_LOOP('',(#2563,#2564,#2565,#2566,#2567,#2568,#2569,#2570));
#418=EDGE_LOOP('',(#2571,#2572,#2573,#2574));
#419=EDGE_LOOP('',(#2575,#2576,#2577,#2578,#2579,#2580,#2581));
#420=EDGE_LOOP('',(#2582,#2583,#2584,#2585,#2586,#2587,#2588));
#421=EDGE_LOOP('',(#2589,#2590,#2591,#2592));
#422=EDGE_LOOP('',(#2593,#2594,#2595,#2596));
#423=EDGE_LOOP('',(#2597,#2598,#2599,#2600));
#424=EDGE_LOOP('',(#2601,#2602,#2603,#2604));
#425=EDGE_LOOP('',(#2605,#2606,#2607,#2608,#2609,#2610,#2611,#2612,#2613));
#426=EDGE_LOOP('',(#2614,#2615,#2616,#2617,#2618));
#427=EDGE_LOOP('',(#2619,#2620,#2621,#2622));
#428=EDGE_LOOP('',(#2623,#2624,#2625,#2626));
#429=EDGE_LOOP('',(#2627,#2628,#2629,#2630,#2631));
#430=EDGE_LOOP('',(#2632,#2633,#2634,#2635));
#431=EDGE_LOOP('',(#2636,#2637,#2638,#2639,#2640,#2641));
#432=EDGE_LOOP('',(#2642,#2643,#2644,#2645,#2646,#2647));
#433=EDGE_LOOP('',(#2648,#2649,#2650,#2651,#2652,#2653,#2654));
#434=EDGE_LOOP('',(#2655,#2656,#2657,#2658,#2659,#2660));
#435=EDGE_LOOP('',(#2661,#2662,#2663,#2664,#2665,#2666,#2667,#2668,#2669,
#2670,#2671,#2672,#2673,#2674,#2675,#2676,#2677,#2678,#2679,#2680,#2681,
#2682,#2683,#2684,#2685,#2686));
#436=EDGE_LOOP('',(#2687,#2688,#2689,#2690,#2691,#2692,#2693,#2694));
#437=EDGE_LOOP('',(#2695));
#438=EDGE_LOOP('',(#2696));
#439=EDGE_LOOP('',(#2697));
#440=EDGE_LOOP('',(#2698));
#441=EDGE_LOOP('',(#2699,#2700,#2701,#2702));
#442=EDGE_LOOP('',(#2703));
#443=EDGE_LOOP('',(#2704));
#444=EDGE_LOOP('',(#2705,#2706,#2707,#2708,#2709,#2710,#2711,#2712,#2713,
#2714));
#445=EDGE_LOOP('',(#2715,#2716,#2717,#2718));
#446=EDGE_LOOP('',(#2719,#2720,#2721,#2722));
#447=EDGE_LOOP('',(#2723,#2724,#2725,#2726));
#448=EDGE_LOOP('',(#2727,#2728,#2729,#2730));
#449=EDGE_LOOP('',(#2731));
#450=EDGE_LOOP('',(#2732,#2733,#2734,#2735));
#451=EDGE_LOOP('',(#2736));
#452=EDGE_LOOP('',(#2737,#2738,#2739,#2740));
#453=EDGE_LOOP('',(#2741,#2742,#2743,#2744));
#454=EDGE_LOOP('',(#2745,#2746,#2747,#2748));
#455=EDGE_LOOP('',(#2749,#2750,#2751,#2752));
#456=EDGE_LOOP('',(#2753,#2754,#2755,#2756));
#457=EDGE_LOOP('',(#2757,#2758,#2759,#2760));
#458=EDGE_LOOP('',(#2761,#2762,#2763,#2764));
#459=EDGE_LOOP('',(#2765,#2766,#2767,#2768));
#460=EDGE_LOOP('',(#2769,#2770,#2771,#2772));
#461=EDGE_LOOP('',(#2773,#2774,#2775,#2776));
#462=EDGE_LOOP('',(#2777,#2778,#2779,#2780));
#463=EDGE_LOOP('',(#2781,#2782,#2783,#2784));
#464=EDGE_LOOP('',(#2785,#2786,#2787,#2788));
#465=EDGE_LOOP('',(#2789,#2790,#2791,#2792));
#466=EDGE_LOOP('',(#2793,#2794,#2795,#2796));
#467=EDGE_LOOP('',(#2797,#2798,#2799,#2800));
#468=EDGE_LOOP('',(#2801,#2802,#2803,#2804));
#469=EDGE_LOOP('',(#2805,#2806,#2807,#2808));
#470=EDGE_LOOP('',(#2809,#2810,#2811,#2812));
#471=EDGE_LOOP('',(#2813,#2814,#2815,#2816));
#472=EDGE_LOOP('',(#2817,#2818,#2819,#2820));
#473=EDGE_LOOP('',(#2821,#2822,#2823,#2824));
#474=EDGE_LOOP('',(#2825,#2826,#2827,#2828));
#475=EDGE_LOOP('',(#2829,#2830,#2831,#2832));
#476=EDGE_LOOP('',(#2833,#2834,#2835,#2836));
#477=EDGE_LOOP('',(#2837,#2838,#2839,#2840));
#478=EDGE_LOOP('',(#2841,#2842,#2843,#2844));
#479=EDGE_LOOP('',(#2845,#2846,#2847,#2848));
#480=EDGE_LOOP('',(#2849,#2850,#2851,#2852));
#481=EDGE_LOOP('',(#2853,#2854,#2855,#2856,#2857));
#482=EDGE_LOOP('',(#2858,#2859,#2860,#2861));
#483=EDGE_LOOP('',(#2862));
#484=EDGE_LOOP('',(#2863));
#485=EDGE_LOOP('',(#2864,#2865,#2866,#2867,#2868,#2869,#2870,#2871,#2872,
#2873));
#486=EDGE_LOOP('',(#2874,#2875,#2876,#2877));
#487=EDGE_LOOP('',(#2878,#2879,#2880,#2881));
#488=EDGE_LOOP('',(#2882,#2883,#2884,#2885));
#489=EDGE_LOOP('',(#2886,#2887,#2888,#2889));
#490=EDGE_LOOP('',(#2890,#2891,#2892,#2893));
#491=EDGE_LOOP('',(#2894,#2895,#2896,#2897));
#492=EDGE_LOOP('',(#2898,#2899,#2900,#2901));
#493=EDGE_LOOP('',(#2902,#2903,#2904,#2905));
#494=EDGE_LOOP('',(#2906,#2907,#2908,#2909));
#495=EDGE_LOOP('',(#2910,#2911,#2912,#2913,#2914));
#496=EDGE_LOOP('',(#2915,#2916,#2917,#2918));
#497=EDGE_LOOP('',(#2919,#2920,#2921,#2922));
#498=EDGE_LOOP('',(#2923,#2924,#2925,#2926));
#499=EDGE_LOOP('',(#2927,#2928,#2929,#2930));
#500=EDGE_LOOP('',(#2931,#2932,#2933,#2934));
#501=EDGE_LOOP('',(#2935,#2936,#2937,#2938));
#502=EDGE_LOOP('',(#2939,#2940,#2941,#2942));
#503=EDGE_LOOP('',(#2943,#2944,#2945,#2946));
#504=EDGE_LOOP('',(#2947,#2948,#2949,#2950));
#505=EDGE_LOOP('',(#2951,#2952,#2953,#2954));
#506=EDGE_LOOP('',(#2955,#2956,#2957,#2958));
#507=EDGE_LOOP('',(#2959,#2960,#2961,#2962));
#508=EDGE_LOOP('',(#2963,#2964,#2965,#2966));
#509=EDGE_LOOP('',(#2967,#2968,#2969,#2970));
#510=EDGE_LOOP('',(#2971,#2972,#2973,#2974));
#511=EDGE_LOOP('',(#2975,#2976,#2977,#2978));
#512=EDGE_LOOP('',(#2979,#2980,#2981,#2982));
#513=EDGE_LOOP('',(#2983,#2984,#2985,#2986));
#514=EDGE_LOOP('',(#2987,#2988,#2989,#2990,#2991,#2992,#2993,#2994,#2995,
#2996));
#515=EDGE_LOOP('',(#2997,#2998,#2999,#3000));
#516=EDGE_LOOP('',(#3001));
#517=EDGE_LOOP('',(#3002));
#518=EDGE_LOOP('',(#3003,#3004,#3005,#3006));
#519=EDGE_LOOP('',(#3007,#3008,#3009,#3010));
#520=EDGE_LOOP('',(#3011,#3012,#3013,#3014));
#521=EDGE_LOOP('',(#3015,#3016,#3017,#3018));
#522=EDGE_LOOP('',(#3019));
#523=EDGE_LOOP('',(#3020));
#524=EDGE_LOOP('',(#3021,#3022,#3023,#3024));
#525=EDGE_LOOP('',(#3025));
#526=EDGE_LOOP('',(#3026,#3027,#3028,#3029));
#527=EDGE_LOOP('',(#3030));
#528=EDGE_LOOP('',(#3031,#3032,#3033,#3034));
#529=EDGE_LOOP('',(#3035,#3036,#3037,#3038));
#530=EDGE_LOOP('',(#3039,#3040,#3041,#3042));
#531=EDGE_LOOP('',(#3043,#3044,#3045,#3046,#3047,#3048,#3049,#3050,#3051,
#3052,#3053,#3054,#3055,#3056,#3057,#3058,#3059,#3060,#3061,#3062));
#532=EDGE_LOOP('',(#3063,#3064,#3065,#3066));
#533=EDGE_LOOP('',(#3067));
#534=EDGE_LOOP('',(#3068));
#535=EDGE_LOOP('',(#3069));
#536=EDGE_LOOP('',(#3070));
#537=EDGE_LOOP('',(#3071,#3072,#3073,#3074,#3075,#3076,#3077,#3078,#3079,
#3080,#3081,#3082,#3083,#3084,#3085,#3086,#3087,#3088,#3089,#3090,#3091,
#3092));
#538=EDGE_LOOP('',(#3093));
#539=EDGE_LOOP('',(#3094));
#540=EDGE_LOOP('',(#3095));
#541=EDGE_LOOP('',(#3096));
#542=EDGE_LOOP('',(#3097,#3098,#3099,#3100));
#543=EDGE_LOOP('',(#3101,#3102,#3103,#3104));
#544=EDGE_LOOP('',(#3105,#3106,#3107,#3108));
#545=EDGE_LOOP('',(#3109,#3110,#3111,#3112));
#546=EDGE_LOOP('',(#3113,#3114,#3115,#3116,#3117,#3118,#3119,#3120,#3121,
#3122,#3123,#3124,#3125,#3126,#3127,#3128,#3129,#3130,#3131,#3132,#3133,
#3134));
#547=EDGE_LOOP('',(#3135));
#548=EDGE_LOOP('',(#3136));
#549=EDGE_LOOP('',(#3137));
#550=EDGE_LOOP('',(#3138));
#551=EDGE_LOOP('',(#3139,#3140,#3141,#3142));
#552=EDGE_LOOP('',(#3143,#3144,#3145,#3146,#3147,#3148,#3149,#3150,#3151,
#3152,#3153,#3154,#3155,#3156,#3157,#3158,#3159,#3160,#3161,#3162));
#553=EDGE_LOOP('',(#3163));
#554=EDGE_LOOP('',(#3164));
#555=EDGE_LOOP('',(#3165));
#556=EDGE_LOOP('',(#3166));
#557=EDGE_LOOP('',(#3167,#3168,#3169,#3170));
#558=EDGE_LOOP('',(#3171,#3172,#3173,#3174));
#559=EDGE_LOOP('',(#3175));
#560=EDGE_LOOP('',(#3176));
#561=EDGE_LOOP('',(#3177,#3178,#3179,#3180,#3181,#3182,#3183,#3184));
#562=EDGE_LOOP('',(#3185));
#563=EDGE_LOOP('',(#3186));
#564=EDGE_LOOP('',(#3187));
#565=EDGE_LOOP('',(#3188));
#566=EDGE_LOOP('',(#3189,#3190,#3191,#3192));
#567=EDGE_LOOP('',(#3193));
#568=EDGE_LOOP('',(#3194));
#569=EDGE_LOOP('',(#3195,#3196,#3197,#3198));
#570=EDGE_LOOP('',(#3199,#3200,#3201,#3202));
#571=EDGE_LOOP('',(#3203,#3204,#3205,#3206,#3207,#3208,#3209,#3210,#3211,
#3212,#3213));
#572=EDGE_LOOP('',(#3214,#3215,#3216,#3217));
#573=EDGE_LOOP('',(#3218,#3219,#3220,#3221,#3222,#3223,#3224,#3225,#3226,
#3227,#3228));
#574=EDGE_LOOP('',(#3229,#3230,#3231,#3232));
#575=EDGE_LOOP('',(#3233,#3234,#3235,#3236,#3237,#3238,#3239,#3240,#3241,
#3242));
#576=EDGE_LOOP('',(#3243,#3244,#3245,#3246,#3247,#3248,#3249,#3250,#3251));
#577=EDGE_LOOP('',(#3252));
#578=EDGE_LOOP('',(#3253,#3254,#3255,#3256,#3257,#3258,#3259,#3260,#3261,
#3262));
#579=EDGE_LOOP('',(#3263));
#580=EDGE_LOOP('',(#3264,#3265,#3266,#3267));
#581=EDGE_LOOP('',(#3268,#3269,#3270,#3271));
#582=EDGE_LOOP('',(#3272,#3273,#3274));
#583=EDGE_LOOP('',(#3275));
#584=EDGE_LOOP('',(#3276,#3277,#3278,#3279));
#585=EDGE_LOOP('',(#3280,#3281,#3282,#3283));
#586=EDGE_LOOP('',(#3284));
#587=EDGE_LOOP('',(#3285,#3286,#3287,#3288));
#588=EDGE_LOOP('',(#3289));
#589=EDGE_LOOP('',(#3290));
#590=EDGE_LOOP('',(#3291,#3292,#3293,#3294));
#591=EDGE_LOOP('',(#3295));
#592=EDGE_LOOP('',(#3296,#3297,#3298,#3299));
#593=EDGE_LOOP('',(#3300));
#594=EDGE_LOOP('',(#3301,#3302,#3303,#3304,#3305,#3306,#3307,#3308,#3309));
#595=EDGE_LOOP('',(#3310));
#596=EDGE_LOOP('',(#3311,#3312,#3313,#3314));
#597=EDGE_LOOP('',(#3315));
#598=EDGE_LOOP('',(#3316,#3317,#3318,#3319));
#599=EDGE_LOOP('',(#3320));
#600=EDGE_LOOP('',(#3321));
#601=EDGE_LOOP('',(#3322,#3323,#3324,#3325));
#602=EDGE_LOOP('',(#3326));
#603=EDGE_LOOP('',(#3327,#3328,#3329,#3330));
#604=EDGE_LOOP('',(#3331,#3332,#3333,#3334,#3335,#3336,#3337,#3338));
#605=EDGE_LOOP('',(#3339,#3340,#3341,#3342,#3343,#3344,#3345,#3346,#3347));
#606=EDGE_LOOP('',(#3348));
#607=EDGE_LOOP('',(#3349,#3350,#3351,#3352,#3353,#3354));
#608=EDGE_LOOP('',(#3355));
#609=EDGE_LOOP('',(#3356,#3357,#3358,#3359,#3360,#3361));
#610=EDGE_LOOP('',(#3362,#3363,#3364,#3365,#3366,#3367,#3368,#3369,#3370,
#3371));
#611=EDGE_LOOP('',(#3372));
#612=LINE('',#4940,#1044);
#613=LINE('',#4942,#1045);
#614=LINE('',#4944,#1046);
#615=LINE('',#4946,#1047);
#616=LINE('',#4948,#1048);
#617=LINE('',#4950,#1049);
#618=LINE('',#4952,#1050);
#619=LINE('',#4954,#1051);
#620=LINE('',#4956,#1052);
#621=LINE('',#4958,#1053);
#622=LINE('',#4959,#1054);
#623=LINE('',#4962,#1055);
#624=LINE('',#4964,#1056);
#625=LINE('',#4966,#1057);
#626=LINE('',#4968,#1058);
#627=LINE('',#4969,#1059);
#628=LINE('',#4974,#1060);
#629=LINE('',#4976,#1061);
#630=LINE('',#4977,#1062);
#631=LINE('',#4981,#1063);
#632=LINE('',#4983,#1064);
#633=LINE('',#4985,#1065);
#634=LINE('',#4987,#1066);
#635=LINE('',#4989,#1067);
#636=LINE('',#4990,#1068);
#637=LINE('',#4993,#1069);
#638=LINE('',#4994,#1070);
#639=LINE('',#4997,#1071);
#640=LINE('',#4999,#1072);
#641=LINE('',#5001,#1073);
#642=LINE('',#5002,#1074);
#643=LINE('',#5006,#1075);
#644=LINE('',#5008,#1076);
#645=LINE('',#5010,#1077);
#646=LINE('',#5012,#1078);
#647=LINE('',#5013,#1079);
#648=LINE('',#5016,#1080);
#649=LINE('',#5017,#1081);
#650=LINE('',#5019,#1082);
#651=LINE('',#5020,#1083);
#652=LINE('',#5022,#1084);
#653=LINE('',#5025,#1085);
#654=LINE('',#5027,#1086);
#655=LINE('',#5029,#1087);
#656=LINE('',#5030,#1088);
#657=LINE('',#5033,#1089);
#658=LINE('',#5034,#1090);
#659=LINE('',#5037,#1091);
#660=LINE('',#5038,#1092);
#661=LINE('',#5039,#1093);
#662=LINE('',#5044,#1094);
#663=LINE('',#5045,#1095);
#664=LINE('',#5047,#1096);
#665=LINE('',#5049,#1097);
#666=LINE('',#5051,#1098);
#667=LINE('',#5052,#1099);
#668=LINE('',#5053,#1100);
#669=LINE('',#5056,#1101);
#670=LINE('',#5059,#1102);
#671=LINE('',#5063,#1103);
#672=LINE('',#5064,#1104);
#673=LINE('',#5065,#1105);
#674=LINE('',#5068,#1106);
#675=LINE('',#5069,#1107);
#676=LINE('',#5072,#1108);
#677=LINE('',#5074,#1109);
#678=LINE('',#5075,#1110);
#679=LINE('',#5077,#1111);
#680=LINE('',#5080,#1112);
#681=LINE('',#5082,#1113);
#682=LINE('',#5084,#1114);
#683=LINE('',#5086,#1115);
#684=LINE('',#5087,#1116);
#685=LINE('',#5090,#1117);
#686=LINE('',#5092,#1118);
#687=LINE('',#5094,#1119);
#688=LINE('',#5096,#1120);
#689=LINE('',#5097,#1121);
#690=LINE('',#5101,#1122);
#691=LINE('',#5103,#1123);
#692=LINE('',#5105,#1124);
#693=LINE('',#5107,#1125);
#694=LINE('',#5109,#1126);
#695=LINE('',#5110,#1127);
#696=LINE('',#5112,#1128);
#697=LINE('',#5114,#1129);
#698=LINE('',#5115,#1130);
#699=LINE('',#5120,#1131);
#700=LINE('',#5122,#1132);
#701=LINE('',#5124,#1133);
#702=LINE('',#5125,#1134);
#703=LINE('',#5127,#1135);
#704=LINE('',#5128,#1136);
#705=LINE('',#5132,#1137);
#706=LINE('',#5134,#1138);
#707=LINE('',#5138,#1139);
#708=LINE('',#5140,#1140);
#709=LINE('',#5142,#1141);
#710=LINE('',#5144,#1142);
#711=LINE('',#5146,#1143);
#712=LINE('',#5147,#1144);
#713=LINE('',#5151,#1145);
#714=LINE('',#5153,#1146);
#715=LINE('',#5155,#1147);
#716=LINE('',#5157,#1148);
#717=LINE('',#5159,#1149);
#718=LINE('',#5161,#1150);
#719=LINE('',#5162,#1151);
#720=LINE('',#5164,#1152);
#721=LINE('',#5165,#1153);
#722=LINE('',#5167,#1154);
#723=LINE('',#5168,#1155);
#724=LINE('',#5172,#1156);
#725=LINE('',#5173,#1157);
#726=LINE('',#5174,#1158);
#727=LINE('',#5176,#1159);
#728=LINE('',#5179,#1160);
#729=LINE('',#5181,#1161);
#730=LINE('',#5183,#1162);
#731=LINE('',#5185,#1163);
#732=LINE('',#5187,#1164);
#733=LINE('',#5189,#1165);
#734=LINE('',#5191,#1166);
#735=LINE('',#5192,#1167);
#736=LINE('',#5195,#1168);
#737=LINE('',#5197,#1169);
#738=LINE('',#5199,#1170);
#739=LINE('',#5201,#1171);
#740=LINE('',#5203,#1172);
#741=LINE('',#5205,#1173);
#742=LINE('',#5206,#1174);
#743=LINE('',#5209,#1175);
#744=LINE('',#5211,#1176);
#745=LINE('',#5213,#1177);
#746=LINE('',#5215,#1178);
#747=LINE('',#5217,#1179);
#748=LINE('',#5218,#1180);
#749=LINE('',#5221,#1181);
#750=LINE('',#5222,#1182);
#751=LINE('',#5226,#1183);
#752=LINE('',#5228,#1184);
#753=LINE('',#5229,#1185);
#754=LINE('',#5231,#1186);
#755=LINE('',#5233,#1187);
#756=LINE('',#5235,#1188);
#757=LINE('',#5236,#1189);
#758=LINE('',#5239,#1190);
#759=LINE('',#5240,#1191);
#760=LINE('',#5242,#1192);
#761=LINE('',#5244,#1193);
#762=LINE('',#5245,#1194);
#763=LINE('',#5248,#1195);
#764=LINE('',#5249,#1196);
#765=LINE('',#5251,#1197);
#766=LINE('',#5254,#1198);
#767=LINE('',#5255,#1199);
#768=LINE('',#5257,#1200);
#769=LINE('',#5260,#1201);
#770=LINE('',#5262,#1202);
#771=LINE('',#5264,#1203);
#772=LINE('',#5266,#1204);
#773=LINE('',#5268,#1205);
#774=LINE('',#5270,#1206);
#775=LINE('',#5271,#1207);
#776=LINE('',#5274,#1208);
#777=LINE('',#5276,#1209);
#778=LINE('',#5277,#1210);
#779=LINE('',#5280,#1211);
#780=LINE('',#5282,#1212);
#781=LINE('',#5283,#1213);
#782=LINE('',#5286,#1214);
#783=LINE('',#5287,#1215);
#784=LINE('',#5290,#1216);
#785=LINE('',#5292,#1217);
#786=LINE('',#5293,#1218);
#787=LINE('',#5295,#1219);
#788=LINE('',#5297,#1220);
#789=LINE('',#5298,#1221);
#790=LINE('',#5300,#1222);
#791=LINE('',#5303,#1223);
#792=LINE('',#5304,#1224);
#793=LINE('',#5305,#1225);
#794=LINE('',#5307,#1226);
#795=LINE('',#5309,#1227);
#796=LINE('',#5313,#1228);
#797=LINE('',#5315,#1229);
#798=LINE('',#5316,#1230);
#799=LINE('',#5318,#1231);
#800=LINE('',#5320,#1232);
#801=LINE('',#5322,#1233);
#802=LINE('',#5324,#1234);
#803=LINE('',#5326,#1235);
#804=LINE('',#5328,#1236);
#805=LINE('',#5329,#1237);
#806=LINE('',#5331,#1238);
#807=LINE('',#5333,#1239);
#808=LINE('',#5335,#1240);
#809=LINE('',#5336,#1241);
#810=LINE('',#5338,#1242);
#811=LINE('',#5340,#1243);
#812=LINE('',#5342,#1244);
#813=LINE('',#5344,#1245);
#814=LINE('',#5346,#1246);
#815=LINE('',#5348,#1247);
#816=LINE('',#5349,#1248);
#817=LINE('',#5350,#1249);
#818=LINE('',#5353,#1250);
#819=LINE('',#5354,#1251);
#820=LINE('',#5355,#1252);
#821=LINE('',#5357,#1253);
#822=LINE('',#5358,#1254);
#823=LINE('',#5369,#1255);
#824=LINE('',#5371,#1256);
#825=LINE('',#5372,#1257);
#826=LINE('',#5380,#1258);
#827=LINE('',#5381,#1259);
#828=LINE('',#5383,#1260);
#829=LINE('',#5385,#1261);
#830=LINE('',#5387,#1262);
#831=LINE('',#5389,#1263);
#832=LINE('',#5391,#1264);
#833=LINE('',#5393,#1265);
#834=LINE('',#5394,#1266);
#835=LINE('',#5396,#1267);
#836=LINE('',#5397,#1268);
#837=LINE('',#5400,#1269);
#838=LINE('',#5401,#1270);
#839=LINE('',#5403,#1271);
#840=LINE('',#5408,#1272);
#841=LINE('',#5413,#1273);
#842=LINE('',#5418,#1274);
#843=LINE('',#5424,#1275);
#844=LINE('',#5431,#1276);
#845=LINE('',#5434,#1277);
#846=LINE('',#5437,#1278);
#847=LINE('',#5439,#1279);
#848=LINE('',#5440,#1280);
#849=LINE('',#5446,#1281);
#850=LINE('',#5449,#1282);
#851=LINE('',#5451,#1283);
#852=LINE('',#5452,#1284);
#853=LINE('',#5456,#1285);
#854=LINE('',#5457,#1286);
#855=LINE('',#5458,#1287);
#856=LINE('',#5463,#1288);
#857=LINE('',#5470,#1289);
#858=LINE('',#5473,#1290);
#859=LINE('',#5476,#1291);
#860=LINE('',#5478,#1292);
#861=LINE('',#5479,#1293);
#862=LINE('',#5485,#1294);
#863=LINE('',#5489,#1295);
#864=LINE('',#5491,#1296);
#865=LINE('',#5493,#1297);
#866=LINE('',#5494,#1298);
#867=LINE('',#5498,#1299);
#868=LINE('',#5499,#1300);
#869=LINE('',#5500,#1301);
#870=LINE('',#5503,#1302);
#871=LINE('',#5505,#1303);
#872=LINE('',#5506,#1304);
#873=LINE('',#5508,#1305);
#874=LINE('',#5509,#1306);
#875=LINE('',#5513,#1307);
#876=LINE('',#5514,#1308);
#877=LINE('',#5515,#1309);
#878=LINE('',#5517,#1310);
#879=LINE('',#5518,#1311);
#880=LINE('',#5523,#1312);
#881=LINE('',#5529,#1313);
#882=LINE('',#5535,#1314);
#883=LINE('',#5540,#1315);
#884=LINE('',#5541,#1316);
#885=LINE('',#5542,#1317);
#886=LINE('',#5547,#1318);
#887=LINE('',#5552,#1319);
#888=LINE('',#5553,#1320);
#889=LINE('',#5554,#1321);
#890=LINE('',#5559,#1322);
#891=LINE('',#5564,#1323);
#892=LINE('',#5566,#1324);
#893=LINE('',#5568,#1325);
#894=LINE('',#5569,#1326);
#895=LINE('',#5572,#1327);
#896=LINE('',#5574,#1328);
#897=LINE('',#5575,#1329);
#898=LINE('',#5578,#1330);
#899=LINE('',#5580,#1331);
#900=LINE('',#5581,#1332);
#901=LINE('',#5583,#1333);
#902=LINE('',#5584,#1334);
#903=LINE('',#5587,#1335);
#904=LINE('',#5588,#1336);
#905=LINE('',#5589,#1337);
#906=LINE('',#5593,#1338);
#907=LINE('',#5595,#1339);
#908=LINE('',#5597,#1340);
#909=LINE('',#5598,#1341);
#910=LINE('',#5606,#1342);
#911=LINE('',#5607,#1343);
#912=LINE('',#5609,#1344);
#913=LINE('',#5611,#1345);
#914=LINE('',#5613,#1346);
#915=LINE('',#5615,#1347);
#916=LINE('',#5617,#1348);
#917=LINE('',#5619,#1349);
#918=LINE('',#5620,#1350);
#919=LINE('',#5626,#1351);
#920=LINE('',#5629,#1352);
#921=LINE('',#5632,#1353);
#922=LINE('',#5634,#1354);
#923=LINE('',#5635,#1355);
#924=LINE('',#5640,#1356);
#925=LINE('',#5644,#1357);
#926=LINE('',#5646,#1358);
#927=LINE('',#5647,#1359);
#928=LINE('',#5651,#1360);
#929=LINE('',#5652,#1361);
#930=LINE('',#5653,#1362);
#931=LINE('',#5658,#1363);
#932=LINE('',#5665,#1364);
#933=LINE('',#5668,#1365);
#934=LINE('',#5671,#1366);
#935=LINE('',#5673,#1367);
#936=LINE('',#5674,#1368);
#937=LINE('',#5679,#1369);
#938=LINE('',#5683,#1370);
#939=LINE('',#5685,#1371);
#940=LINE('',#5687,#1372);
#941=LINE('',#5688,#1373);
#942=LINE('',#5692,#1374);
#943=LINE('',#5693,#1375);
#944=LINE('',#5694,#1376);
#945=LINE('',#5697,#1377);
#946=LINE('',#5699,#1378);
#947=LINE('',#5700,#1379);
#948=LINE('',#5702,#1380);
#949=LINE('',#5703,#1381);
#950=LINE('',#5707,#1382);
#951=LINE('',#5708,#1383);
#952=LINE('',#5709,#1384);
#953=LINE('',#5711,#1385);
#954=LINE('',#5712,#1386);
#955=LINE('',#5717,#1387);
#956=LINE('',#5723,#1388);
#957=LINE('',#5729,#1389);
#958=LINE('',#5734,#1390);
#959=LINE('',#5735,#1391);
#960=LINE('',#5736,#1392);
#961=LINE('',#5742,#1393);
#962=LINE('',#5746,#1394);
#963=LINE('',#5747,#1395);
#964=LINE('',#5748,#1396);
#965=LINE('',#5754,#1397);
#966=LINE('',#5758,#1398);
#967=LINE('',#5760,#1399);
#968=LINE('',#5762,#1400);
#969=LINE('',#5763,#1401);
#970=LINE('',#5766,#1402);
#971=LINE('',#5768,#1403);
#972=LINE('',#5769,#1404);
#973=LINE('',#5772,#1405);
#974=LINE('',#5774,#1406);
#975=LINE('',#5775,#1407);
#976=LINE('',#5777,#1408);
#977=LINE('',#5778,#1409);
#978=LINE('',#5781,#1410);
#979=LINE('',#5783,#1411);
#980=LINE('',#5784,#1412);
#981=LINE('',#5787,#1413);
#982=LINE('',#5789,#1414);
#983=LINE('',#5790,#1415);
#984=LINE('',#5794,#1416);
#985=LINE('',#5796,#1417);
#986=LINE('',#5798,#1418);
#987=LINE('',#5799,#1419);
#988=LINE('',#5801,#1420);
#989=LINE('',#5803,#1421);
#990=LINE('',#5804,#1422);
#991=LINE('',#5805,#1423);
#992=LINE('',#5807,#1424);
#993=LINE('',#5813,#1425);
#994=LINE('',#5814,#1426);
#995=LINE('',#5816,#1427);
#996=LINE('',#5819,#1428);
#997=LINE('',#5820,#1429);
#998=LINE('',#5830,#1430);
#999=LINE('',#5835,#1431);
#1000=LINE('',#5837,#1432);
#1001=LINE('',#5839,#1433);
#1002=LINE('',#5841,#1434);
#1003=LINE('',#5844,#1435);
#1004=LINE('',#5845,#1436);
#1005=LINE('',#5847,#1437);
#1006=LINE('',#5851,#1438);
#1007=LINE('',#5852,#1439);
#1008=LINE('',#5856,#1440);
#1009=LINE('',#5857,#1441);
#1010=LINE('',#5858,#1442);
#1011=LINE('',#5860,#1443);
#1012=LINE('',#5862,#1444);
#1013=LINE('',#5865,#1445);
#1014=LINE('',#5866,#1446);
#1015=LINE('',#5868,#1447);
#1016=LINE('',#5870,#1448);
#1017=LINE('',#5871,#1449);
#1018=LINE('',#5881,#1450);
#1019=LINE('',#5883,#1451);
#1020=LINE('',#5886,#1452);
#1021=LINE('',#5887,#1453);
#1022=LINE('',#5889,#1454);
#1023=LINE('',#5891,#1455);
#1024=LINE('',#5894,#1456);
#1025=LINE('',#5902,#1457);
#1026=LINE('',#5905,#1458);
#1027=LINE('',#5976,#1459);
#1028=LINE('',#5978,#1460);
#1029=LINE('',#5983,#1461);
#1030=LINE('',#6047,#1462);
#1031=LINE('',#6054,#1463);
#1032=LINE('',#6061,#1464);
#1033=LINE('',#6062,#1465);
#1034=LINE('',#6067,#1466);
#1035=LINE('',#6072,#1467);
#1036=LINE('',#6077,#1468);
#1037=LINE('',#6082,#1469);
#1038=LINE('',#6085,#1470);
#1039=LINE('',#6086,#1471);
#1040=LINE('',#6089,#1472);
#1041=LINE('',#6090,#1473);
#1042=LINE('',#6092,#1474);
#1043=LINE('',#6094,#1475);
#1044=VECTOR('',#3978,10.);
#1045=VECTOR('',#3979,10.);
#1046=VECTOR('',#3980,10.);
#1047=VECTOR('',#3981,10.);
#1048=VECTOR('',#3982,10.);
#1049=VECTOR('',#3983,10.);
#1050=VECTOR('',#3984,10.);
#1051=VECTOR('',#3985,10.);
#1052=VECTOR('',#3986,10.);
#1053=VECTOR('',#3987,10.);
#1054=VECTOR('',#3988,10.);
#1055=VECTOR('',#3991,10.);
#1056=VECTOR('',#3992,10.);
#1057=VECTOR('',#3993,10.);
#1058=VECTOR('',#3994,10.);
#1059=VECTOR('',#3995,10.);
#1060=VECTOR('',#4000,10.);
#1061=VECTOR('',#4001,10.);
#1062=VECTOR('',#4002,10.);
#1063=VECTOR('',#4005,10.);
#1064=VECTOR('',#4006,10.);
#1065=VECTOR('',#4007,10.);
#1066=VECTOR('',#4008,10.);
#1067=VECTOR('',#4009,10.);
#1068=VECTOR('',#4010,10.);
#1069=VECTOR('',#4013,10.);
#1070=VECTOR('',#4014,10.);
#1071=VECTOR('',#4017,10.);
#1072=VECTOR('',#4018,10.);
#1073=VECTOR('',#4019,10.);
#1074=VECTOR('',#4020,10.);
#1075=VECTOR('',#4023,10.);
#1076=VECTOR('',#4024,10.);
#1077=VECTOR('',#4025,10.);
#1078=VECTOR('',#4026,10.);
#1079=VECTOR('',#4027,10.);
#1080=VECTOR('',#4030,10.);
#1081=VECTOR('',#4031,10.);
#1082=VECTOR('',#4032,10.);
#1083=VECTOR('',#4033,10.);
#1084=VECTOR('',#4034,10.);
#1085=VECTOR('',#4037,10.);
#1086=VECTOR('',#4038,10.);
#1087=VECTOR('',#4039,10.);
#1088=VECTOR('',#4040,10.);
#1089=VECTOR('',#4043,10.);
#1090=VECTOR('',#4044,10.);
#1091=VECTOR('',#4047,10.);
#1092=VECTOR('',#4048,10.);
#1093=VECTOR('',#4049,10.);
#1094=VECTOR('',#4054,10.);
#1095=VECTOR('',#4055,10.);
#1096=VECTOR('',#4058,10.);
#1097=VECTOR('',#4061,10.);
#1098=VECTOR('',#4062,10.);
#1099=VECTOR('',#4063,10.);
#1100=VECTOR('',#4064,10.);
#1101=VECTOR('',#4069,10.);
#1102=VECTOR('',#4074,3.62441302137761);
#1103=VECTOR('',#4077,10.);
#1104=VECTOR('',#4078,10.);
#1105=VECTOR('',#4079,10.);
#1106=VECTOR('',#4082,10.);
#1107=VECTOR('',#4083,10.);
#1108=VECTOR('',#4086,10.);
#1109=VECTOR('',#4087,10.);
#1110=VECTOR('',#4088,10.);
#1111=VECTOR('',#4091,10.);
#1112=VECTOR('',#4094,10.);
#1113=VECTOR('',#4095,10.);
#1114=VECTOR('',#4096,10.);
#1115=VECTOR('',#4097,10.);
#1116=VECTOR('',#4098,10.);
#1117=VECTOR('',#4101,10.);
#1118=VECTOR('',#4102,10.);
#1119=VECTOR('',#4103,10.);
#1120=VECTOR('',#4104,10.);
#1121=VECTOR('',#4105,10.);
#1122=VECTOR('',#4108,10.);
#1123=VECTOR('',#4109,10.);
#1124=VECTOR('',#4110,10.);
#1125=VECTOR('',#4111,10.);
#1126=VECTOR('',#4112,10.);
#1127=VECTOR('',#4113,10.);
#1128=VECTOR('',#4114,10.);
#1129=VECTOR('',#4115,10.);
#1130=VECTOR('',#4116,10.);
#1131=VECTOR('',#4121,10.);
#1132=VECTOR('',#4122,10.);
#1133=VECTOR('',#4123,10.);
#1134=VECTOR('',#4124,10.);
#1135=VECTOR('',#4125,10.);
#1136=VECTOR('',#4126,10.);
#1137=VECTOR('',#4131,10.);
#1138=VECTOR('',#4134,10.);
#1139=VECTOR('',#4137,10.);
#1140=VECTOR('',#4138,10.);
#1141=VECTOR('',#4139,10.);
#1142=VECTOR('',#4140,10.);
#1143=VECTOR('',#4141,10.);
#1144=VECTOR('',#4142,10.);
#1145=VECTOR('',#4145,10.);
#1146=VECTOR('',#4146,10.);
#1147=VECTOR('',#4147,10.);
#1148=VECTOR('',#4148,10.);
#1149=VECTOR('',#4149,10.);
#1150=VECTOR('',#4150,10.);
#1151=VECTOR('',#4151,10.);
#1152=VECTOR('',#4154,10.);
#1153=VECTOR('',#4155,10.);
#1154=VECTOR('',#4158,10.);
#1155=VECTOR('',#4159,10.);
#1156=VECTOR('',#4162,10.);
#1157=VECTOR('',#4163,10.);
#1158=VECTOR('',#4164,10.);
#1159=VECTOR('',#4167,10.);
#1160=VECTOR('',#4170,10.);
#1161=VECTOR('',#4171,10.);
#1162=VECTOR('',#4172,10.);
#1163=VECTOR('',#4173,10.);
#1164=VECTOR('',#4174,10.);
#1165=VECTOR('',#4175,10.);
#1166=VECTOR('',#4176,10.);
#1167=VECTOR('',#4177,10.);
#1168=VECTOR('',#4180,10.);
#1169=VECTOR('',#4181,10.);
#1170=VECTOR('',#4182,10.);
#1171=VECTOR('',#4183,10.);
#1172=VECTOR('',#4184,10.);
#1173=VECTOR('',#4185,10.);
#1174=VECTOR('',#4186,10.);
#1175=VECTOR('',#4189,10.);
#1176=VECTOR('',#4190,10.);
#1177=VECTOR('',#4191,10.);
#1178=VECTOR('',#4192,10.);
#1179=VECTOR('',#4193,10.);
#1180=VECTOR('',#4194,10.);
#1181=VECTOR('',#4197,10.);
#1182=VECTOR('',#4198,10.);
#1183=VECTOR('',#4201,10.);
#1184=VECTOR('',#4202,10.);
#1185=VECTOR('',#4203,10.);
#1186=VECTOR('',#4204,10.);
#1187=VECTOR('',#4205,10.);
#1188=VECTOR('',#4206,10.);
#1189=VECTOR('',#4207,10.);
#1190=VECTOR('',#4210,10.);
#1191=VECTOR('',#4211,10.);
#1192=VECTOR('',#4212,10.);
#1193=VECTOR('',#4213,10.);
#1194=VECTOR('',#4214,10.);
#1195=VECTOR('',#4217,10.);
#1196=VECTOR('',#4218,10.);
#1197=VECTOR('',#4221,10.);
#1198=VECTOR('',#4224,10.);
#1199=VECTOR('',#4225,10.);
#1200=VECTOR('',#4228,10.);
#1201=VECTOR('',#4231,10.);
#1202=VECTOR('',#4232,10.);
#1203=VECTOR('',#4233,10.);
#1204=VECTOR('',#4234,10.);
#1205=VECTOR('',#4235,10.);
#1206=VECTOR('',#4236,10.);
#1207=VECTOR('',#4237,10.);
#1208=VECTOR('',#4240,10.);
#1209=VECTOR('',#4241,10.);
#1210=VECTOR('',#4242,10.);
#1211=VECTOR('',#4245,10.);
#1212=VECTOR('',#4246,10.);
#1213=VECTOR('',#4247,10.);
#1214=VECTOR('',#4250,10.);
#1215=VECTOR('',#4251,10.);
#1216=VECTOR('',#4254,10.);
#1217=VECTOR('',#4255,10.);
#1218=VECTOR('',#4256,10.);
#1219=VECTOR('',#4259,10.);
#1220=VECTOR('',#4260,10.);
#1221=VECTOR('',#4261,10.);
#1222=VECTOR('',#4264,10.);
#1223=VECTOR('',#4267,10.);
#1224=VECTOR('',#4268,10.);
#1225=VECTOR('',#4269,10.);
#1226=VECTOR('',#4272,10.);
#1227=VECTOR('',#4275,10.);
#1228=VECTOR('',#4278,10.);
#1229=VECTOR('',#4279,10.);
#1230=VECTOR('',#4280,10.);
#1231=VECTOR('',#4281,10.);
#1232=VECTOR('',#4282,10.);
#1233=VECTOR('',#4283,10.);
#1234=VECTOR('',#4284,10.);
#1235=VECTOR('',#4285,10.);
#1236=VECTOR('',#4286,10.);
#1237=VECTOR('',#4287,10.);
#1238=VECTOR('',#4288,10.);
#1239=VECTOR('',#4289,10.);
#1240=VECTOR('',#4290,10.);
#1241=VECTOR('',#4291,10.);
#1242=VECTOR('',#4292,10.);
#1243=VECTOR('',#4293,10.);
#1244=VECTOR('',#4294,10.);
#1245=VECTOR('',#4295,10.);
#1246=VECTOR('',#4296,10.);
#1247=VECTOR('',#4297,10.);
#1248=VECTOR('',#4298,10.);
#1249=VECTOR('',#4299,10.);
#1250=VECTOR('',#4302,10.);
#1251=VECTOR('',#4303,10.);
#1252=VECTOR('',#4304,10.);
#1253=VECTOR('',#4305,10.);
#1254=VECTOR('',#4306,10.);
#1255=VECTOR('',#4317,10.);
#1256=VECTOR('',#4318,10.);
#1257=VECTOR('',#4319,10.);
#1258=VECTOR('',#4326,10.);
#1259=VECTOR('',#4327,10.);
#1260=VECTOR('',#4328,10.);
#1261=VECTOR('',#4329,10.);
#1262=VECTOR('',#4330,10.);
#1263=VECTOR('',#4331,10.);
#1264=VECTOR('',#4332,10.);
#1265=VECTOR('',#4333,10.);
#1266=VECTOR('',#4334,10.);
#1267=VECTOR('',#4337,10.);
#1268=VECTOR('',#4338,10.);
#1269=VECTOR('',#4343,10.);
#1270=VECTOR('',#4344,10.);
#1271=VECTOR('',#4347,10.);
#1272=VECTOR('',#4354,1.5);
#1273=VECTOR('',#4361,1.5);
#1274=VECTOR('',#4366,1.5);
#1275=VECTOR('',#4373,1.5);
#1276=VECTOR('',#4380,10.);
#1277=VECTOR('',#4383,10.);
#1278=VECTOR('',#4386,10.);
#1279=VECTOR('',#4387,10.);
#1280=VECTOR('',#4388,10.);
#1281=VECTOR('',#4395,10.);
#1282=VECTOR('',#4398,10.);
#1283=VECTOR('',#4399,10.);
#1284=VECTOR('',#4400,10.);
#1285=VECTOR('',#4403,10.);
#1286=VECTOR('',#4404,10.);
#1287=VECTOR('',#4405,10.);
#1288=VECTOR('',#4410,3.35000000000001);
#1289=VECTOR('',#4417,10.);
#1290=VECTOR('',#4420,10.);
#1291=VECTOR('',#4423,10.);
#1292=VECTOR('',#4424,10.);
#1293=VECTOR('',#4425,10.);
#1294=VECTOR('',#4432,10.);
#1295=VECTOR('',#4435,10.);
#1296=VECTOR('',#4436,10.);
#1297=VECTOR('',#4437,10.);
#1298=VECTOR('',#4438,10.);
#1299=VECTOR('',#4441,10.);
#1300=VECTOR('',#4442,10.);
#1301=VECTOR('',#4443,10.);
#1302=VECTOR('',#4446,10.);
#1303=VECTOR('',#4447,10.);
#1304=VECTOR('',#4448,10.);
#1305=VECTOR('',#4451,10.);
#1306=VECTOR('',#4452,10.);
#1307=VECTOR('',#4455,10.);
#1308=VECTOR('',#4456,10.);
#1309=VECTOR('',#4457,10.);
#1310=VECTOR('',#4460,10.);
#1311=VECTOR('',#4461,10.);
#1312=VECTOR('',#4466,3.35);
#1313=VECTOR('',#4473,3.34999999999999);
#1314=VECTOR('',#4480,3.35000000000001);
#1315=VECTOR('',#4485,10.);
#1316=VECTOR('',#4486,10.);
#1317=VECTOR('',#4487,10.);
#1318=VECTOR('',#4492,10.);
#1319=VECTOR('',#4497,10.);
#1320=VECTOR('',#4498,10.);
#1321=VECTOR('',#4499,10.);
#1322=VECTOR('',#4504,10.);
#1323=VECTOR('',#4509,10.);
#1324=VECTOR('',#4510,10.);
#1325=VECTOR('',#4511,10.);
#1326=VECTOR('',#4512,10.);
#1327=VECTOR('',#4515,10.);
#1328=VECTOR('',#4516,10.);
#1329=VECTOR('',#4517,10.);
#1330=VECTOR('',#4520,10.);
#1331=VECTOR('',#4521,10.);
#1332=VECTOR('',#4522,10.);
#1333=VECTOR('',#4525,10.);
#1334=VECTOR('',#4526,10.);
#1335=VECTOR('',#4529,10.);
#1336=VECTOR('',#4530,10.);
#1337=VECTOR('',#4531,10.);
#1338=VECTOR('',#4534,10.);
#1339=VECTOR('',#4535,10.);
#1340=VECTOR('',#4536,10.);
#1341=VECTOR('',#4537,10.);
#1342=VECTOR('',#4544,10.);
#1343=VECTOR('',#4545,10.);
#1344=VECTOR('',#4546,10.);
#1345=VECTOR('',#4547,10.);
#1346=VECTOR('',#4548,10.);
#1347=VECTOR('',#4549,10.);
#1348=VECTOR('',#4550,10.);
#1349=VECTOR('',#4551,10.);
#1350=VECTOR('',#4552,10.);
#1351=VECTOR('',#4557,10.);
#1352=VECTOR('',#4560,10.);
#1353=VECTOR('',#4563,10.);
#1354=VECTOR('',#4564,10.);
#1355=VECTOR('',#4565,10.);
#1356=VECTOR('',#4570,10.);
#1357=VECTOR('',#4575,10.);
#1358=VECTOR('',#4576,10.);
#1359=VECTOR('',#4577,10.);
#1360=VECTOR('',#4580,10.);
#1361=VECTOR('',#4581,10.);
#1362=VECTOR('',#4582,10.);
#1363=VECTOR('',#4587,3.35000000000001);
#1364=VECTOR('',#4594,10.);
#1365=VECTOR('',#4597,10.);
#1366=VECTOR('',#4600,10.);
#1367=VECTOR('',#4601,10.);
#1368=VECTOR('',#4602,10.);
#1369=VECTOR('',#4607,10.);
#1370=VECTOR('',#4612,10.);
#1371=VECTOR('',#4613,10.);
#1372=VECTOR('',#4614,10.);
#1373=VECTOR('',#4615,10.);
#1374=VECTOR('',#4618,10.);
#1375=VECTOR('',#4619,10.);
#1376=VECTOR('',#4620,10.);
#1377=VECTOR('',#4623,10.);
#1378=VECTOR('',#4624,10.);
#1379=VECTOR('',#4625,10.);
#1380=VECTOR('',#4628,10.);
#1381=VECTOR('',#4629,10.);
#1382=VECTOR('',#4632,10.);
#1383=VECTOR('',#4633,10.);
#1384=VECTOR('',#4634,10.);
#1385=VECTOR('',#4637,10.);
#1386=VECTOR('',#4638,10.);
#1387=VECTOR('',#4643,3.35);
#1388=VECTOR('',#4650,3.34999999999999);
#1389=VECTOR('',#4657,3.35000000000001);
#1390=VECTOR('',#4662,10.);
#1391=VECTOR('',#4663,10.);
#1392=VECTOR('',#4664,10.);
#1393=VECTOR('',#4671,10.);
#1394=VECTOR('',#4674,10.);
#1395=VECTOR('',#4675,10.);
#1396=VECTOR('',#4676,10.);
#1397=VECTOR('',#4683,10.);
#1398=VECTOR('',#4686,10.);
#1399=VECTOR('',#4687,10.);
#1400=VECTOR('',#4688,10.);
#1401=VECTOR('',#4689,10.);
#1402=VECTOR('',#4692,10.);
#1403=VECTOR('',#4693,10.);
#1404=VECTOR('',#4694,10.);
#1405=VECTOR('',#4697,10.);
#1406=VECTOR('',#4698,10.);
#1407=VECTOR('',#4699,10.);
#1408=VECTOR('',#4702,10.);
#1409=VECTOR('',#4703,10.);
#1410=VECTOR('',#4706,10.);
#1411=VECTOR('',#4707,10.);
#1412=VECTOR('',#4708,10.);
#1413=VECTOR('',#4711,10.);
#1414=VECTOR('',#4712,10.);
#1415=VECTOR('',#4713,10.);
#1416=VECTOR('',#4716,10.);
#1417=VECTOR('',#4717,10.);
#1418=VECTOR('',#4718,10.);
#1419=VECTOR('',#4719,10.);
#1420=VECTOR('',#4720,10.);
#1421=VECTOR('',#4721,10.);
#1422=VECTOR('',#4722,10.);
#1423=VECTOR('',#4723,10.);
#1424=VECTOR('',#4726,10.);
#1425=VECTOR('',#4733,10.);
#1426=VECTOR('',#4734,10.);
#1427=VECTOR('',#4737,10.);
#1428=VECTOR('',#4742,10.);
#1429=VECTOR('',#4743,10.);
#1430=VECTOR('',#4756,1.5);
#1431=VECTOR('',#4763,1.5);
#1432=VECTOR('',#4766,1.5);
#1433=VECTOR('',#4769,1.5);
#1434=VECTOR('',#4772,10.);
#1435=VECTOR('',#4775,10.);
#1436=VECTOR('',#4776,10.);
#1437=VECTOR('',#4779,10.);
#1438=VECTOR('',#4784,10.);
#1439=VECTOR('',#4785,10.);
#1440=VECTOR('',#4788,10.);
#1441=VECTOR('',#4789,10.);
#1442=VECTOR('',#4790,10.);
#1443=VECTOR('',#4793,10.);
#1444=VECTOR('',#4796,10.);
#1445=VECTOR('',#4799,10.);
#1446=VECTOR('',#4800,10.);
#1447=VECTOR('',#4801,10.);
#1448=VECTOR('',#4802,10.);
#1449=VECTOR('',#4803,10.);
#1450=VECTOR('',#4814,10.);
#1451=VECTOR('',#4817,10.);
#1452=VECTOR('',#4820,10.);
#1453=VECTOR('',#4821,10.);
#1454=VECTOR('',#4824,10.);
#1455=VECTOR('',#4827,10.);
#1456=VECTOR('',#4832,10.);
#1457=VECTOR('',#4843,1.25);
#1458=VECTOR('',#4846,1.25);
#1459=VECTOR('',#4855,1.25);
#1460=VECTOR('',#4858,1.25);
#1461=VECTOR('',#4865,1.35);
#1462=VECTOR('',#4872,1.35);
#1463=VECTOR('',#4881,1.35);
#1464=VECTOR('',#4890,1.35);
#1465=VECTOR('',#4891,1.35);
#1466=VECTOR('',#4898,1.25);
#1467=VECTOR('',#4905,1.25);
#1468=VECTOR('',#4912,1.25);
#1469=VECTOR('',#4919,1.25);
#1470=VECTOR('',#4922,10.);
#1471=VECTOR('',#4923,10.);
#1472=VECTOR('',#4926,10.);
#1473=VECTOR('',#4927,10.);
#1474=VECTOR('',#4930,10.);
#1475=VECTOR('',#4933,10.);
#1476=VERTEX_POINT('',#4938);
#1477=VERTEX_POINT('',#4939);
#1478=VERTEX_POINT('',#4941);
#1479=VERTEX_POINT('',#4943);
#1480=VERTEX_POINT('',#4945);
#1481=VERTEX_POINT('',#4947);
#1482=VERTEX_POINT('',#4949);
#1483=VERTEX_POINT('',#4951);
#1484=VERTEX_POINT('',#4953);
#1485=VERTEX_POINT('',#4955);
#1486=VERTEX_POINT('',#4957);
#1487=VERTEX_POINT('',#4961);
#1488=VERTEX_POINT('',#4963);
#1489=VERTEX_POINT('',#4965);
#1490=VERTEX_POINT('',#4967);
#1491=VERTEX_POINT('',#4970);
#1492=VERTEX_POINT('',#4973);
#1493=VERTEX_POINT('',#4975);
#1494=VERTEX_POINT('',#4979);
#1495=VERTEX_POINT('',#4980);
#1496=VERTEX_POINT('',#4982);
#1497=VERTEX_POINT('',#4984);
#1498=VERTEX_POINT('',#4986);
#1499=VERTEX_POINT('',#4988);
#1500=VERTEX_POINT('',#4992);
#1501=VERTEX_POINT('',#4996);
#1502=VERTEX_POINT('',#4998);
#1503=VERTEX_POINT('',#5000);
#1504=VERTEX_POINT('',#5004);
#1505=VERTEX_POINT('',#5005);
#1506=VERTEX_POINT('',#5007);
#1507=VERTEX_POINT('',#5009);
#1508=VERTEX_POINT('',#5011);
#1509=VERTEX_POINT('',#5015);
#1510=VERTEX_POINT('',#5018);
#1511=VERTEX_POINT('',#5021);
#1512=VERTEX_POINT('',#5024);
#1513=VERTEX_POINT('',#5026);
#1514=VERTEX_POINT('',#5028);
#1515=VERTEX_POINT('',#5032);
#1516=VERTEX_POINT('',#5036);
#1517=VERTEX_POINT('',#5040);
#1518=VERTEX_POINT('',#5043);
#1519=VERTEX_POINT('',#5050);
#1520=VERTEX_POINT('',#5061);
#1521=VERTEX_POINT('',#5062);
#1522=VERTEX_POINT('',#5067);
#1523=VERTEX_POINT('',#5071);
#1524=VERTEX_POINT('',#5073);
#1525=VERTEX_POINT('',#5079);
#1526=VERTEX_POINT('',#5081);
#1527=VERTEX_POINT('',#5083);
#1528=VERTEX_POINT('',#5085);
#1529=VERTEX_POINT('',#5089);
#1530=VERTEX_POINT('',#5091);
#1531=VERTEX_POINT('',#5093);
#1532=VERTEX_POINT('',#5095);
#1533=VERTEX_POINT('',#5099);
#1534=VERTEX_POINT('',#5100);
#1535=VERTEX_POINT('',#5102);
#1536=VERTEX_POINT('',#5104);
#1537=VERTEX_POINT('',#5106);
#1538=VERTEX_POINT('',#5108);
#1539=VERTEX_POINT('',#5111);
#1540=VERTEX_POINT('',#5113);
#1541=VERTEX_POINT('',#5116);
#1542=VERTEX_POINT('',#5119);
#1543=VERTEX_POINT('',#5121);
#1544=VERTEX_POINT('',#5123);
#1545=VERTEX_POINT('',#5126);
#1546=VERTEX_POINT('',#5129);
#1547=VERTEX_POINT('',#5136);
#1548=VERTEX_POINT('',#5137);
#1549=VERTEX_POINT('',#5139);
#1550=VERTEX_POINT('',#5141);
#1551=VERTEX_POINT('',#5143);
#1552=VERTEX_POINT('',#5145);
#1553=VERTEX_POINT('',#5149);
#1554=VERTEX_POINT('',#5150);
#1555=VERTEX_POINT('',#5152);
#1556=VERTEX_POINT('',#5154);
#1557=VERTEX_POINT('',#5156);
#1558=VERTEX_POINT('',#5158);
#1559=VERTEX_POINT('',#5160);
#1560=VERTEX_POINT('',#5170);
#1561=VERTEX_POINT('',#5171);
#1562=VERTEX_POINT('',#5178);
#1563=VERTEX_POINT('',#5180);
#1564=VERTEX_POINT('',#5182);
#1565=VERTEX_POINT('',#5184);
#1566=VERTEX_POINT('',#5186);
#1567=VERTEX_POINT('',#5188);
#1568=VERTEX_POINT('',#5190);
#1569=VERTEX_POINT('',#5194);
#1570=VERTEX_POINT('',#5196);
#1571=VERTEX_POINT('',#5198);
#1572=VERTEX_POINT('',#5200);
#1573=VERTEX_POINT('',#5202);
#1574=VERTEX_POINT('',#5204);
#1575=VERTEX_POINT('',#5208);
#1576=VERTEX_POINT('',#5210);
#1577=VERTEX_POINT('',#5212);
#1578=VERTEX_POINT('',#5214);
#1579=VERTEX_POINT('',#5216);
#1580=VERTEX_POINT('',#5220);
#1581=VERTEX_POINT('',#5224);
#1582=VERTEX_POINT('',#5225);
#1583=VERTEX_POINT('',#5227);
#1584=VERTEX_POINT('',#5230);
#1585=VERTEX_POINT('',#5232);
#1586=VERTEX_POINT('',#5234);
#1587=VERTEX_POINT('',#5238);
#1588=VERTEX_POINT('',#5241);
#1589=VERTEX_POINT('',#5243);
#1590=VERTEX_POINT('',#5247);
#1591=VERTEX_POINT('',#5253);
#1592=VERTEX_POINT('',#5259);
#1593=VERTEX_POINT('',#5261);
#1594=VERTEX_POINT('',#5263);
#1595=VERTEX_POINT('',#5265);
#1596=VERTEX_POINT('',#5267);
#1597=VERTEX_POINT('',#5269);
#1598=VERTEX_POINT('',#5273);
#1599=VERTEX_POINT('',#5275);
#1600=VERTEX_POINT('',#5279);
#1601=VERTEX_POINT('',#5281);
#1602=VERTEX_POINT('',#5285);
#1603=VERTEX_POINT('',#5289);
#1604=VERTEX_POINT('',#5291);
#1605=VERTEX_POINT('',#5296);
#1606=VERTEX_POINT('',#5302);
#1607=VERTEX_POINT('',#5311);
#1608=VERTEX_POINT('',#5312);
#1609=VERTEX_POINT('',#5314);
#1610=VERTEX_POINT('',#5317);
#1611=VERTEX_POINT('',#5319);
#1612=VERTEX_POINT('',#5321);
#1613=VERTEX_POINT('',#5323);
#1614=VERTEX_POINT('',#5325);
#1615=VERTEX_POINT('',#5327);
#1616=VERTEX_POINT('',#5330);
#1617=VERTEX_POINT('',#5332);
#1618=VERTEX_POINT('',#5334);
#1619=VERTEX_POINT('',#5337);
#1620=VERTEX_POINT('',#5339);
#1621=VERTEX_POINT('',#5341);
#1622=VERTEX_POINT('',#5343);
#1623=VERTEX_POINT('',#5345);
#1624=VERTEX_POINT('',#5347);
#1625=VERTEX_POINT('',#5352);
#1626=VERTEX_POINT('',#5356);
#1627=VERTEX_POINT('',#5359);
#1628=VERTEX_POINT('',#5361);
#1629=VERTEX_POINT('',#5363);
#1630=VERTEX_POINT('',#5365);
#1631=VERTEX_POINT('',#5368);
#1632=VERTEX_POINT('',#5370);
#1633=VERTEX_POINT('',#5373);
#1634=VERTEX_POINT('',#5375);
#1635=VERTEX_POINT('',#5378);
#1636=VERTEX_POINT('',#5379);
#1637=VERTEX_POINT('',#5382);
#1638=VERTEX_POINT('',#5384);
#1639=VERTEX_POINT('',#5386);
#1640=VERTEX_POINT('',#5388);
#1641=VERTEX_POINT('',#5390);
#1642=VERTEX_POINT('',#5392);
#1643=VERTEX_POINT('',#5405);
#1644=VERTEX_POINT('',#5410);
#1645=VERTEX_POINT('',#5415);
#1646=VERTEX_POINT('',#5417);
#1647=VERTEX_POINT('',#5421);
#1648=VERTEX_POINT('',#5423);
#1649=VERTEX_POINT('',#5427);
#1650=VERTEX_POINT('',#5428);
#1651=VERTEX_POINT('',#5430);
#1652=VERTEX_POINT('',#5432);
#1653=VERTEX_POINT('',#5436);
#1654=VERTEX_POINT('',#5438);
#1655=VERTEX_POINT('',#5442);
#1656=VERTEX_POINT('',#5444);
#1657=VERTEX_POINT('',#5448);
#1658=VERTEX_POINT('',#5450);
#1659=VERTEX_POINT('',#5454);
#1660=VERTEX_POINT('',#5455);
#1661=VERTEX_POINT('',#5460);
#1662=VERTEX_POINT('',#5462);
#1663=VERTEX_POINT('',#5466);
#1664=VERTEX_POINT('',#5467);
#1665=VERTEX_POINT('',#5469);
#1666=VERTEX_POINT('',#5471);
#1667=VERTEX_POINT('',#5475);
#1668=VERTEX_POINT('',#5477);
#1669=VERTEX_POINT('',#5481);
#1670=VERTEX_POINT('',#5483);
#1671=VERTEX_POINT('',#5487);
#1672=VERTEX_POINT('',#5488);
#1673=VERTEX_POINT('',#5490);
#1674=VERTEX_POINT('',#5492);
#1675=VERTEX_POINT('',#5496);
#1676=VERTEX_POINT('',#5497);
#1677=VERTEX_POINT('',#5502);
#1678=VERTEX_POINT('',#5504);
#1679=VERTEX_POINT('',#5511);
#1680=VERTEX_POINT('',#5512);
#1681=VERTEX_POINT('',#5520);
#1682=VERTEX_POINT('',#5522);
#1683=VERTEX_POINT('',#5526);
#1684=VERTEX_POINT('',#5528);
#1685=VERTEX_POINT('',#5532);
#1686=VERTEX_POINT('',#5534);
#1687=VERTEX_POINT('',#5538);
#1688=VERTEX_POINT('',#5539);
#1689=VERTEX_POINT('',#5544);
#1690=VERTEX_POINT('',#5546);
#1691=VERTEX_POINT('',#5550);
#1692=VERTEX_POINT('',#5551);
#1693=VERTEX_POINT('',#5556);
#1694=VERTEX_POINT('',#5558);
#1695=VERTEX_POINT('',#5562);
#1696=VERTEX_POINT('',#5563);
#1697=VERTEX_POINT('',#5565);
#1698=VERTEX_POINT('',#5567);
#1699=VERTEX_POINT('',#5571);
#1700=VERTEX_POINT('',#5573);
#1701=VERTEX_POINT('',#5577);
#1702=VERTEX_POINT('',#5579);
#1703=VERTEX_POINT('',#5586);
#1704=VERTEX_POINT('',#5591);
#1705=VERTEX_POINT('',#5592);
#1706=VERTEX_POINT('',#5594);
#1707=VERTEX_POINT('',#5596);
#1708=VERTEX_POINT('',#5599);
#1709=VERTEX_POINT('',#5601);
#1710=VERTEX_POINT('',#5604);
#1711=VERTEX_POINT('',#5605);
#1712=VERTEX_POINT('',#5608);
#1713=VERTEX_POINT('',#5610);
#1714=VERTEX_POINT('',#5612);
#1715=VERTEX_POINT('',#5614);
#1716=VERTEX_POINT('',#5616);
#1717=VERTEX_POINT('',#5618);
#1718=VERTEX_POINT('',#5622);
#1719=VERTEX_POINT('',#5623);
#1720=VERTEX_POINT('',#5625);
#1721=VERTEX_POINT('',#5627);
#1722=VERTEX_POINT('',#5631);
#1723=VERTEX_POINT('',#5633);
#1724=VERTEX_POINT('',#5637);
#1725=VERTEX_POINT('',#5639);
#1726=VERTEX_POINT('',#5643);
#1727=VERTEX_POINT('',#5645);
#1728=VERTEX_POINT('',#5649);
#1729=VERTEX_POINT('',#5650);
#1730=VERTEX_POINT('',#5655);
#1731=VERTEX_POINT('',#5657);
#1732=VERTEX_POINT('',#5661);
#1733=VERTEX_POINT('',#5662);
#1734=VERTEX_POINT('',#5664);
#1735=VERTEX_POINT('',#5666);
#1736=VERTEX_POINT('',#5670);
#1737=VERTEX_POINT('',#5672);
#1738=VERTEX_POINT('',#5676);
#1739=VERTEX_POINT('',#5678);
#1740=VERTEX_POINT('',#5682);
#1741=VERTEX_POINT('',#5684);
#1742=VERTEX_POINT('',#5686);
#1743=VERTEX_POINT('',#5690);
#1744=VERTEX_POINT('',#5691);
#1745=VERTEX_POINT('',#5696);
#1746=VERTEX_POINT('',#5698);
#1747=VERTEX_POINT('',#5705);
#1748=VERTEX_POINT('',#5706);
#1749=VERTEX_POINT('',#5714);
#1750=VERTEX_POINT('',#5716);
#1751=VERTEX_POINT('',#5720);
#1752=VERTEX_POINT('',#5722);
#1753=VERTEX_POINT('',#5726);
#1754=VERTEX_POINT('',#5728);
#1755=VERTEX_POINT('',#5732);
#1756=VERTEX_POINT('',#5733);
#1757=VERTEX_POINT('',#5738);
#1758=VERTEX_POINT('',#5740);
#1759=VERTEX_POINT('',#5744);
#1760=VERTEX_POINT('',#5745);
#1761=VERTEX_POINT('',#5750);
#1762=VERTEX_POINT('',#5752);
#1763=VERTEX_POINT('',#5756);
#1764=VERTEX_POINT('',#5757);
#1765=VERTEX_POINT('',#5759);
#1766=VERTEX_POINT('',#5761);
#1767=VERTEX_POINT('',#5765);
#1768=VERTEX_POINT('',#5767);
#1769=VERTEX_POINT('',#5771);
#1770=VERTEX_POINT('',#5773);
#1771=VERTEX_POINT('',#5780);
#1772=VERTEX_POINT('',#5782);
#1773=VERTEX_POINT('',#5786);
#1774=VERTEX_POINT('',#5788);
#1775=VERTEX_POINT('',#5792);
#1776=VERTEX_POINT('',#5793);
#1777=VERTEX_POINT('',#5795);
#1778=VERTEX_POINT('',#5797);
#1779=VERTEX_POINT('',#5800);
#1780=VERTEX_POINT('',#5802);
#1781=VERTEX_POINT('',#5808);
#1782=VERTEX_POINT('',#5810);
#1783=VERTEX_POINT('',#5821);
#1784=VERTEX_POINT('',#5823);
#1785=VERTEX_POINT('',#5827);
#1786=VERTEX_POINT('',#5832);
#1787=VERTEX_POINT('',#5843);
#1788=VERTEX_POINT('',#5850);
#1789=VERTEX_POINT('',#5854);
#1790=VERTEX_POINT('',#5855);
#1791=VERTEX_POINT('',#5864);
#1792=VERTEX_POINT('',#5867);
#1793=VERTEX_POINT('',#5869);
#1794=VERTEX_POINT('',#5872);
#1795=VERTEX_POINT('',#5874);
#1796=VERTEX_POINT('',#5876);
#1797=VERTEX_POINT('',#5878);
#1798=VERTEX_POINT('',#5885);
#1799=VERTEX_POINT('',#5895);
#1800=VERTEX_POINT('',#5899);
#1801=VERTEX_POINT('',#5904);
#1802=VERTEX_POINT('',#5907);
#1803=VERTEX_POINT('',#5908);
#1804=VERTEX_POINT('',#5925);
#1805=VERTEX_POINT('',#5973);
#1806=VERTEX_POINT('',#5980);
#1807=VERTEX_POINT('',#5984);
#1808=VERTEX_POINT('',#6044);
#1809=VERTEX_POINT('',#6049);
#1810=VERTEX_POINT('',#6052);
#1811=VERTEX_POINT('',#6056);
#1812=VERTEX_POINT('',#6059);
#1813=VERTEX_POINT('',#6064);
#1814=VERTEX_POINT('',#6069);
#1815=VERTEX_POINT('',#6074);
#1816=VERTEX_POINT('',#6079);
#1817=VERTEX_POINT('',#6084);
#1818=VERTEX_POINT('',#6088);
#1819=EDGE_CURVE('',#1476,#1477,#612,.T.);
#1820=EDGE_CURVE('',#1476,#1478,#613,.T.);
#1821=EDGE_CURVE('',#1479,#1478,#614,.T.);
#1822=EDGE_CURVE('',#1480,#1479,#615,.T.);
#1823=EDGE_CURVE('',#1481,#1480,#616,.T.);
#1824=EDGE_CURVE('',#1482,#1481,#617,.T.);
#1825=EDGE_CURVE('',#1483,#1482,#618,.T.);
#1826=EDGE_CURVE('',#1484,#1483,#619,.T.);
#1827=EDGE_CURVE('',#1484,#1485,#620,.T.);
#1828=EDGE_CURVE('',#1485,#1486,#621,.T.);
#1829=EDGE_CURVE('',#1477,#1486,#622,.T.);
#1830=EDGE_CURVE('',#1477,#1487,#623,.T.);
#1831=EDGE_CURVE('',#1486,#1488,#624,.T.);
#1832=EDGE_CURVE('',#1488,#1489,#625,.T.);
#1833=EDGE_CURVE('',#1489,#1490,#626,.T.);
#1834=EDGE_CURVE('',#1490,#1487,#627,.T.);
#1835=EDGE_CURVE('',#1491,#1491,#113,.T.);
#1836=EDGE_CURVE('',#1481,#1492,#628,.T.);
#1837=EDGE_CURVE('',#1492,#1493,#629,.T.);
#1838=EDGE_CURVE('',#1493,#1482,#630,.T.);
#1839=EDGE_CURVE('',#1494,#1495,#631,.T.);
#1840=EDGE_CURVE('',#1495,#1496,#632,.T.);
#1841=EDGE_CURVE('',#1496,#1497,#633,.T.);
#1842=EDGE_CURVE('',#1497,#1498,#634,.T.);
#1843=EDGE_CURVE('',#1498,#1499,#635,.T.);
#1844=EDGE_CURVE('',#1499,#1494,#636,.T.);
#1845=EDGE_CURVE('',#1488,#1500,#637,.T.);
#1846=EDGE_CURVE('',#1485,#1500,#638,.T.);
#1847=EDGE_CURVE('',#1500,#1501,#639,.T.);
#1848=EDGE_CURVE('',#1502,#1501,#640,.T.);
#1849=EDGE_CURVE('',#1503,#1502,#641,.T.);
#1850=EDGE_CURVE('',#1489,#1503,#642,.T.);
#1851=EDGE_CURVE('',#1504,#1505,#643,.T.);
#1852=EDGE_CURVE('',#1506,#1504,#644,.T.);
#1853=EDGE_CURVE('',#1507,#1506,#645,.T.);
#1854=EDGE_CURVE('',#1508,#1507,#646,.T.);
#1855=EDGE_CURVE('',#1505,#1508,#647,.T.);
#1856=EDGE_CURVE('',#1507,#1509,#648,.T.);
#1857=EDGE_CURVE('',#1501,#1509,#649,.T.);
#1858=EDGE_CURVE('',#1510,#1484,#650,.T.);
#1859=EDGE_CURVE('',#1510,#1505,#651,.T.);
#1860=EDGE_CURVE('',#1508,#1511,#652,.T.);
#1861=EDGE_CURVE('',#1512,#1506,#653,.T.);
#1862=EDGE_CURVE('',#1512,#1513,#654,.T.);
#1863=EDGE_CURVE('',#1514,#1513,#655,.T.);
#1864=EDGE_CURVE('',#1509,#1514,#656,.T.);
#1865=EDGE_CURVE('',#1493,#1515,#657,.T.);
#1866=EDGE_CURVE('',#1515,#1483,#658,.T.);
#1867=EDGE_CURVE('',#1498,#1516,#659,.T.);
#1868=EDGE_CURVE('',#1516,#1512,#660,.T.);
#1869=EDGE_CURVE('',#1499,#1504,#661,.T.);
#1870=EDGE_CURVE('',#1517,#1517,#114,.T.);
#1871=EDGE_CURVE('',#1518,#1503,#662,.T.);
#1872=EDGE_CURVE('',#1518,#1490,#663,.T.);
#1873=EDGE_CURVE('',#1510,#1515,#664,.T.);
#1874=EDGE_CURVE('',#1502,#1514,#665,.T.);
#1875=EDGE_CURVE('',#1513,#1519,#666,.T.);
#1876=EDGE_CURVE('',#1519,#1497,#667,.T.);
#1877=EDGE_CURVE('',#1518,#1496,#668,.T.);
#1878=EDGE_CURVE('',#1516,#1519,#669,.T.);
#1879=EDGE_CURVE('',#1491,#1517,#670,.T.);
#1880=EDGE_CURVE('',#1520,#1521,#671,.T.);
#1881=EDGE_CURVE('',#1520,#1494,#672,.T.);
#1882=EDGE_CURVE('',#1521,#1492,#673,.T.);
#1883=EDGE_CURVE('',#1520,#1522,#674,.T.);
#1884=EDGE_CURVE('',#1522,#1495,#675,.T.);
#1885=EDGE_CURVE('',#1523,#1522,#676,.T.);
#1886=EDGE_CURVE('',#1523,#1524,#677,.T.);
#1887=EDGE_CURVE('',#1524,#1487,#678,.T.);
#1888=EDGE_CURVE('',#1524,#1476,#679,.T.);
#1889=EDGE_CURVE('',#1478,#1525,#680,.T.);
#1890=EDGE_CURVE('',#1525,#1526,#681,.T.);
#1891=EDGE_CURVE('',#1526,#1527,#682,.T.);
#1892=EDGE_CURVE('',#1528,#1527,#683,.T.);
#1893=EDGE_CURVE('',#1528,#1479,#684,.T.);
#1894=EDGE_CURVE('',#1522,#1529,#685,.T.);
#1895=EDGE_CURVE('',#1530,#1529,#686,.T.);
#1896=EDGE_CURVE('',#1530,#1531,#687,.T.);
#1897=EDGE_CURVE('',#1531,#1532,#688,.T.);
#1898=EDGE_CURVE('',#1532,#1523,#689,.T.);
#1899=EDGE_CURVE('',#1533,#1534,#690,.T.);
#1900=EDGE_CURVE('',#1535,#1534,#691,.F.);
#1901=EDGE_CURVE('',#1536,#1535,#692,.T.);
#1902=EDGE_CURVE('',#1537,#1536,#693,.T.);
#1903=EDGE_CURVE('',#1538,#1537,#694,.T.);
#1904=EDGE_CURVE('',#1525,#1538,#695,.T.);
#1905=EDGE_CURVE('',#1532,#1539,#696,.T.);
#1906=EDGE_CURVE('',#1539,#1540,#697,.T.);
#1907=EDGE_CURVE('',#1533,#1540,#698,.T.);
#1908=EDGE_CURVE('',#1541,#1541,#115,.T.);
#1909=EDGE_CURVE('',#1542,#1480,#699,.T.);
#1910=EDGE_CURVE('',#1542,#1543,#700,.T.);
#1911=EDGE_CURVE('',#1543,#1544,#701,.T.);
#1912=EDGE_CURVE('',#1544,#1534,#702,.F.);
#1913=EDGE_CURVE('',#1545,#1533,#703,.T.);
#1914=EDGE_CURVE('',#1521,#1545,#704,.T.);
#1915=EDGE_CURVE('',#1546,#1546,#116,.T.);
#1916=EDGE_CURVE('',#1542,#1528,#705,.T.);
#1917=EDGE_CURVE('',#1529,#1545,#706,.T.);
#1918=EDGE_CURVE('',#1547,#1548,#707,.T.);
#1919=EDGE_CURVE('',#1549,#1547,#708,.T.);
#1920=EDGE_CURVE('',#1549,#1550,#709,.T.);
#1921=EDGE_CURVE('',#1550,#1551,#710,.T.);
#1922=EDGE_CURVE('',#1552,#1551,#711,.T.);
#1923=EDGE_CURVE('',#1548,#1552,#712,.T.);
#1924=EDGE_CURVE('',#1553,#1554,#713,.T.);
#1925=EDGE_CURVE('',#1555,#1553,#714,.T.);
#1926=EDGE_CURVE('',#1556,#1555,#715,.T.);
#1927=EDGE_CURVE('',#1557,#1556,#716,.T.);
#1928=EDGE_CURVE('',#1557,#1558,#717,.T.);
#1929=EDGE_CURVE('',#1558,#1559,#718,.T.);
#1930=EDGE_CURVE('',#1554,#1559,#719,.T.);
#1931=EDGE_CURVE('',#1550,#1556,#720,.T.);
#1932=EDGE_CURVE('',#1551,#1555,#721,.T.);
#1933=EDGE_CURVE('',#1554,#1548,#722,.T.);
#1934=EDGE_CURVE('',#1559,#1547,#723,.T.);
#1935=EDGE_CURVE('',#1560,#1561,#724,.T.);
#1936=EDGE_CURVE('',#1558,#1560,#725,.T.);
#1937=EDGE_CURVE('',#1561,#1557,#726,.T.);
#1938=EDGE_CURVE('',#1549,#1560,#727,.T.);
#1939=EDGE_CURVE('',#1561,#1562,#728,.T.);
#1940=EDGE_CURVE('',#1562,#1563,#729,.T.);
#1941=EDGE_CURVE('',#1564,#1563,#730,.T.);
#1942=EDGE_CURVE('',#1565,#1564,#731,.T.);
#1943=EDGE_CURVE('',#1565,#1566,#732,.T.);
#1944=EDGE_CURVE('',#1567,#1566,#733,.T.);
#1945=EDGE_CURVE('',#1567,#1568,#734,.T.);
#1946=EDGE_CURVE('',#1568,#1549,#735,.T.);
#1947=EDGE_CURVE('',#1553,#1569,#736,.T.);
#1948=EDGE_CURVE('',#1569,#1570,#737,.T.);
#1949=EDGE_CURVE('',#1571,#1570,#738,.T.);
#1950=EDGE_CURVE('',#1572,#1571,#739,.F.);
#1951=EDGE_CURVE('',#1573,#1572,#740,.T.);
#1952=EDGE_CURVE('',#1574,#1573,#741,.T.);
#1953=EDGE_CURVE('',#1574,#1552,#742,.T.);
#1954=EDGE_CURVE('',#1554,#1575,#743,.T.);
#1955=EDGE_CURVE('',#1576,#1575,#744,.T.);
#1956=EDGE_CURVE('',#1577,#1576,#745,.T.);
#1957=EDGE_CURVE('',#1577,#1578,#746,.T.);
#1958=EDGE_CURVE('',#1579,#1578,#747,.T.);
#1959=EDGE_CURVE('',#1579,#1569,#748,.T.);
#1960=EDGE_CURVE('',#1580,#1574,#749,.T.);
#1961=EDGE_CURVE('',#1580,#1548,#750,.T.);
#1962=EDGE_CURVE('',#1581,#1582,#751,.T.);
#1963=EDGE_CURVE('',#1583,#1581,#752,.T.);
#1964=EDGE_CURVE('',#1537,#1583,#753,.T.);
#1965=EDGE_CURVE('',#1584,#1537,#754,.T.);
#1966=EDGE_CURVE('',#1585,#1584,#755,.T.);
#1967=EDGE_CURVE('',#1585,#1586,#756,.T.);
#1968=EDGE_CURVE('',#1586,#1582,#757,.T.);
#1969=EDGE_CURVE('',#1587,#1586,#758,.T.);
#1970=EDGE_CURVE('',#1526,#1585,#759,.T.);
#1971=EDGE_CURVE('',#1525,#1588,#760,.T.);
#1972=EDGE_CURVE('',#1589,#1588,#761,.T.);
#1973=EDGE_CURVE('',#1587,#1589,#762,.T.);
#1974=EDGE_CURVE('',#1582,#1590,#763,.T.);
#1975=EDGE_CURVE('',#1590,#1587,#764,.T.);
#1976=EDGE_CURVE('',#1527,#1584,#765,.T.);
#1977=EDGE_CURVE('',#1538,#1591,#766,.T.);
#1978=EDGE_CURVE('',#1588,#1591,#767,.T.);
#1979=EDGE_CURVE('',#1591,#1583,#768,.T.);
#1980=EDGE_CURVE('',#1590,#1592,#769,.T.);
#1981=EDGE_CURVE('',#1593,#1592,#770,.T.);
#1982=EDGE_CURVE('',#1594,#1593,#771,.T.);
#1983=EDGE_CURVE('',#1594,#1595,#772,.T.);
#1984=EDGE_CURVE('',#1595,#1596,#773,.T.);
#1985=EDGE_CURVE('',#1596,#1597,#774,.T.);
#1986=EDGE_CURVE('',#1597,#1581,#775,.T.);
#1987=EDGE_CURVE('',#1598,#1587,#776,.T.);
#1988=EDGE_CURVE('',#1599,#1598,#777,.T.);
#1989=EDGE_CURVE('',#1599,#1592,#778,.T.);
#1990=EDGE_CURVE('',#1575,#1600,#779,.T.);
#1991=EDGE_CURVE('',#1600,#1601,#780,.T.);
#1992=EDGE_CURVE('',#1601,#1576,#781,.T.);
#1993=EDGE_CURVE('',#1602,#1579,#782,.T.);
#1994=EDGE_CURVE('',#1570,#1602,#783,.T.);
#1995=EDGE_CURVE('',#1603,#1531,#784,.T.);
#1996=EDGE_CURVE('',#1604,#1603,#785,.T.);
#1997=EDGE_CURVE('',#1604,#1539,#786,.T.);
#1998=EDGE_CURVE('',#1598,#1530,#787,.T.);
#1999=EDGE_CURVE('',#1605,#1530,#788,.T.);
#2000=EDGE_CURVE('',#1599,#1605,#789,.T.);
#2001=EDGE_CURVE('',#1540,#1605,#790,.T.);
#2002=EDGE_CURVE('',#1563,#1606,#791,.T.);
#2003=EDGE_CURVE('',#1577,#1562,#792,.T.);
#2004=EDGE_CURVE('',#1606,#1601,#793,.T.);
#2005=EDGE_CURVE('',#1556,#1579,#794,.T.);
#2006=EDGE_CURVE('',#1603,#1589,#795,.T.);
#2007=EDGE_CURVE('',#1607,#1608,#796,.T.);
#2008=EDGE_CURVE('',#1608,#1609,#797,.T.);
#2009=EDGE_CURVE('',#1609,#1568,#798,.T.);
#2010=EDGE_CURVE('',#1567,#1610,#799,.T.);
#2011=EDGE_CURVE('',#1610,#1611,#800,.T.);
#2012=EDGE_CURVE('',#1611,#1612,#801,.T.);
#2013=EDGE_CURVE('',#1612,#1613,#802,.T.);
#2014=EDGE_CURVE('',#1613,#1614,#803,.T.);
#2015=EDGE_CURVE('',#1614,#1615,#804,.T.);
#2016=EDGE_CURVE('',#1573,#1615,#805,.T.);
#2017=EDGE_CURVE('',#1572,#1616,#806,.T.);
#2018=EDGE_CURVE('',#1616,#1617,#807,.T.);
#2019=EDGE_CURVE('',#1617,#1618,#808,.T.);
#2020=EDGE_CURVE('',#1618,#1597,#809,.T.);
#2021=EDGE_CURVE('',#1596,#1619,#810,.T.);
#2022=EDGE_CURVE('',#1619,#1620,#811,.T.);
#2023=EDGE_CURVE('',#1620,#1621,#812,.T.);
#2024=EDGE_CURVE('',#1621,#1622,#813,.T.);
#2025=EDGE_CURVE('',#1622,#1623,#814,.T.);
#2026=EDGE_CURVE('',#1623,#1624,#815,.T.);
#2027=EDGE_CURVE('',#1536,#1624,#816,.T.);
#2028=EDGE_CURVE('',#1535,#1607,#817,.T.);
#2029=EDGE_CURVE('',#1625,#1564,#818,.T.);
#2030=EDGE_CURVE('',#1608,#1625,#819,.T.);
#2031=EDGE_CURVE('',#1607,#1544,#820,.F.);
#2032=EDGE_CURVE('',#1626,#1543,#821,.T.);
#2033=EDGE_CURVE('',#1565,#1626,#822,.T.);
#2034=EDGE_CURVE('',#1627,#1627,#117,.T.);
#2035=EDGE_CURVE('',#1628,#1628,#118,.T.);
#2036=EDGE_CURVE('',#1629,#1629,#119,.T.);
#2037=EDGE_CURVE('',#1630,#1630,#120,.T.);
#2038=EDGE_CURVE('',#1610,#1631,#823,.T.);
#2039=EDGE_CURVE('',#1632,#1631,#824,.T.);
#2040=EDGE_CURVE('',#1611,#1632,#825,.T.);
#2041=EDGE_CURVE('',#1633,#1633,#121,.T.);
#2042=EDGE_CURVE('',#1634,#1634,#122,.T.);
#2043=EDGE_CURVE('',#1635,#1636,#826,.T.);
#2044=EDGE_CURVE('',#1636,#1632,#827,.T.);
#2045=EDGE_CURVE('',#1637,#1631,#828,.T.);
#2046=EDGE_CURVE('',#1637,#1638,#829,.T.);
#2047=EDGE_CURVE('',#1638,#1639,#830,.T.);
#2048=EDGE_CURVE('',#1639,#1640,#831,.T.);
#2049=EDGE_CURVE('',#1640,#1641,#832,.T.);
#2050=EDGE_CURVE('',#1642,#1641,#833,.T.);
#2051=EDGE_CURVE('',#1642,#1635,#834,.T.);
#2052=EDGE_CURVE('',#1612,#1636,#835,.T.);
#2053=EDGE_CURVE('',#1613,#1635,#836,.T.);
#2054=EDGE_CURVE('',#1621,#1639,#837,.T.);
#2055=EDGE_CURVE('',#1622,#1638,#838,.T.);
#2056=EDGE_CURVE('',#1620,#1640,#839,.T.);
#2057=EDGE_CURVE('',#1643,#1643,#123,.T.);
#2058=EDGE_CURVE('',#1634,#1643,#840,.T.);
#2059=EDGE_CURVE('',#1644,#1644,#124,.T.);
#2060=EDGE_CURVE('',#1633,#1644,#841,.T.);
#2061=EDGE_CURVE('',#1645,#1645,#125,.T.);
#2062=EDGE_CURVE('',#1645,#1646,#842,.T.);
#2063=EDGE_CURVE('',#1646,#1646,#126,.T.);
#2064=EDGE_CURVE('',#1647,#1647,#127,.T.);
#2065=EDGE_CURVE('',#1647,#1648,#843,.T.);
#2066=EDGE_CURVE('',#1648,#1648,#128,.T.);
#2067=EDGE_CURVE('',#1649,#1650,#129,.T.);
#2068=EDGE_CURVE('',#1650,#1651,#844,.T.);
#2069=EDGE_CURVE('',#1651,#1652,#130,.T.);
#2070=EDGE_CURVE('',#1649,#1652,#845,.T.);
#2071=EDGE_CURVE('',#1649,#1653,#846,.T.);
#2072=EDGE_CURVE('',#1652,#1654,#847,.T.);
#2073=EDGE_CURVE('',#1653,#1654,#848,.T.);
#2074=EDGE_CURVE('',#1655,#1653,#131,.T.);
#2075=EDGE_CURVE('',#1654,#1656,#132,.T.);
#2076=EDGE_CURVE('',#1655,#1656,#849,.T.);
#2077=EDGE_CURVE('',#1656,#1657,#850,.T.);
#2078=EDGE_CURVE('',#1658,#1657,#851,.T.);
#2079=EDGE_CURVE('',#1655,#1658,#852,.T.);
#2080=EDGE_CURVE('',#1659,#1660,#853,.T.);
#2081=EDGE_CURVE('',#1659,#1651,#854,.T.);
#2082=EDGE_CURVE('',#1650,#1660,#855,.T.);
#2083=EDGE_CURVE('',#1661,#1661,#133,.T.);
#2084=EDGE_CURVE('',#1661,#1662,#856,.T.);
#2085=EDGE_CURVE('',#1662,#1662,#134,.T.);
#2086=EDGE_CURVE('',#1663,#1664,#135,.T.);
#2087=EDGE_CURVE('',#1664,#1665,#857,.T.);
#2088=EDGE_CURVE('',#1665,#1666,#136,.T.);
#2089=EDGE_CURVE('',#1663,#1666,#858,.T.);
#2090=EDGE_CURVE('',#1663,#1667,#859,.T.);
#2091=EDGE_CURVE('',#1666,#1668,#860,.T.);
#2092=EDGE_CURVE('',#1667,#1668,#861,.T.);
#2093=EDGE_CURVE('',#1669,#1667,#137,.T.);
#2094=EDGE_CURVE('',#1668,#1670,#138,.T.);
#2095=EDGE_CURVE('',#1669,#1670,#862,.T.);
#2096=EDGE_CURVE('',#1671,#1672,#863,.T.);
#2097=EDGE_CURVE('',#1672,#1673,#864,.T.);
#2098=EDGE_CURVE('',#1674,#1673,#865,.T.);
#2099=EDGE_CURVE('',#1671,#1674,#866,.T.);
#2100=EDGE_CURVE('',#1675,#1676,#867,.T.);
#2101=EDGE_CURVE('',#1675,#1665,#868,.T.);
#2102=EDGE_CURVE('',#1664,#1676,#869,.T.);
#2103=EDGE_CURVE('',#1674,#1677,#870,.T.);
#2104=EDGE_CURVE('',#1678,#1677,#871,.T.);
#2105=EDGE_CURVE('',#1671,#1678,#872,.T.);
#2106=EDGE_CURVE('',#1676,#1678,#873,.T.);
#2107=EDGE_CURVE('',#1677,#1675,#874,.T.);
#2108=EDGE_CURVE('',#1679,#1680,#875,.T.);
#2109=EDGE_CURVE('',#1669,#1679,#876,.T.);
#2110=EDGE_CURVE('',#1670,#1680,#877,.T.);
#2111=EDGE_CURVE('',#1680,#1659,#878,.T.);
#2112=EDGE_CURVE('',#1660,#1679,#879,.T.);
#2113=EDGE_CURVE('',#1681,#1681,#139,.T.);
#2114=EDGE_CURVE('',#1681,#1682,#880,.T.);
#2115=EDGE_CURVE('',#1682,#1682,#140,.T.);
#2116=EDGE_CURVE('',#1683,#1683,#141,.T.);
#2117=EDGE_CURVE('',#1683,#1684,#881,.T.);
#2118=EDGE_CURVE('',#1684,#1684,#142,.T.);
#2119=EDGE_CURVE('',#1685,#1685,#143,.T.);
#2120=EDGE_CURVE('',#1685,#1686,#882,.T.);
#2121=EDGE_CURVE('',#1686,#1686,#144,.T.);
#2122=EDGE_CURVE('',#1687,#1688,#883,.T.);
#2123=EDGE_CURVE('',#1658,#1688,#884,.T.);
#2124=EDGE_CURVE('',#1657,#1687,#885,.T.);
#2125=EDGE_CURVE('',#1689,#1687,#145,.T.);
#2126=EDGE_CURVE('',#1690,#1689,#886,.T.);
#2127=EDGE_CURVE('',#1688,#1690,#146,.T.);
#2128=EDGE_CURVE('',#1691,#1692,#887,.T.);
#2129=EDGE_CURVE('',#1692,#1690,#888,.T.);
#2130=EDGE_CURVE('',#1689,#1691,#889,.T.);
#2131=EDGE_CURVE('',#1693,#1691,#147,.T.);
#2132=EDGE_CURVE('',#1694,#1693,#890,.T.);
#2133=EDGE_CURVE('',#1692,#1694,#148,.T.);
#2134=EDGE_CURVE('',#1695,#1696,#891,.T.);
#2135=EDGE_CURVE('',#1696,#1697,#892,.T.);
#2136=EDGE_CURVE('',#1697,#1698,#893,.T.);
#2137=EDGE_CURVE('',#1695,#1698,#894,.T.);
#2138=EDGE_CURVE('',#1696,#1699,#895,.T.);
#2139=EDGE_CURVE('',#1699,#1700,#896,.T.);
#2140=EDGE_CURVE('',#1700,#1697,#897,.T.);
#2141=EDGE_CURVE('',#1699,#1701,#898,.T.);
#2142=EDGE_CURVE('',#1701,#1702,#899,.T.);
#2143=EDGE_CURVE('',#1702,#1700,#900,.T.);
#2144=EDGE_CURVE('',#1701,#1695,#901,.T.);
#2145=EDGE_CURVE('',#1698,#1702,#902,.T.);
#2146=EDGE_CURVE('',#1693,#1703,#903,.T.);
#2147=EDGE_CURVE('',#1595,#1703,#904,.T.);
#2148=EDGE_CURVE('',#1694,#1594,#905,.T.);
#2149=EDGE_CURVE('',#1704,#1705,#906,.T.);
#2150=EDGE_CURVE('',#1706,#1704,#907,.T.);
#2151=EDGE_CURVE('',#1707,#1706,#908,.T.);
#2152=EDGE_CURVE('',#1705,#1707,#909,.T.);
#2153=EDGE_CURVE('',#1708,#1708,#149,.T.);
#2154=EDGE_CURVE('',#1709,#1709,#150,.T.);
#2155=EDGE_CURVE('',#1710,#1711,#910,.T.);
#2156=EDGE_CURVE('',#1705,#1710,#911,.T.);
#2157=EDGE_CURVE('',#1712,#1707,#912,.T.);
#2158=EDGE_CURVE('',#1713,#1712,#913,.T.);
#2159=EDGE_CURVE('',#1714,#1713,#914,.T.);
#2160=EDGE_CURVE('',#1715,#1714,#915,.T.);
#2161=EDGE_CURVE('',#1715,#1716,#916,.T.);
#2162=EDGE_CURVE('',#1717,#1716,#917,.T.);
#2163=EDGE_CURVE('',#1711,#1717,#918,.T.);
#2164=EDGE_CURVE('',#1718,#1719,#151,.T.);
#2165=EDGE_CURVE('',#1718,#1720,#919,.T.);
#2166=EDGE_CURVE('',#1721,#1720,#152,.T.);
#2167=EDGE_CURVE('',#1719,#1721,#920,.T.);
#2168=EDGE_CURVE('',#1718,#1722,#921,.T.);
#2169=EDGE_CURVE('',#1722,#1723,#922,.T.);
#2170=EDGE_CURVE('',#1720,#1723,#923,.T.);
#2171=EDGE_CURVE('',#1724,#1722,#153,.T.);
#2172=EDGE_CURVE('',#1724,#1725,#924,.T.);
#2173=EDGE_CURVE('',#1723,#1725,#154,.T.);
#2174=EDGE_CURVE('',#1724,#1726,#925,.T.);
#2175=EDGE_CURVE('',#1726,#1727,#926,.T.);
#2176=EDGE_CURVE('',#1725,#1727,#927,.T.);
#2177=EDGE_CURVE('',#1728,#1729,#928,.T.);
#2178=EDGE_CURVE('',#1719,#1729,#929,.T.);
#2179=EDGE_CURVE('',#1728,#1721,#930,.T.);
#2180=EDGE_CURVE('',#1730,#1730,#155,.T.);
#2181=EDGE_CURVE('',#1730,#1731,#931,.T.);
#2182=EDGE_CURVE('',#1731,#1731,#156,.T.);
#2183=EDGE_CURVE('',#1732,#1733,#157,.T.);
#2184=EDGE_CURVE('',#1732,#1734,#932,.T.);
#2185=EDGE_CURVE('',#1735,#1734,#158,.T.);
#2186=EDGE_CURVE('',#1733,#1735,#933,.T.);
#2187=EDGE_CURVE('',#1732,#1736,#934,.T.);
#2188=EDGE_CURVE('',#1736,#1737,#935,.T.);
#2189=EDGE_CURVE('',#1734,#1737,#936,.T.);
#2190=EDGE_CURVE('',#1738,#1736,#159,.T.);
#2191=EDGE_CURVE('',#1738,#1739,#937,.T.);
#2192=EDGE_CURVE('',#1737,#1739,#160,.T.);
#2193=EDGE_CURVE('',#1740,#1565,#938,.T.);
#2194=EDGE_CURVE('',#1740,#1741,#939,.T.);
#2195=EDGE_CURVE('',#1741,#1742,#940,.T.);
#2196=EDGE_CURVE('',#1566,#1742,#941,.T.);
#2197=EDGE_CURVE('',#1743,#1744,#942,.T.);
#2198=EDGE_CURVE('',#1733,#1744,#943,.T.);
#2199=EDGE_CURVE('',#1743,#1735,#944,.T.);
#2200=EDGE_CURVE('',#1740,#1745,#945,.T.);
#2201=EDGE_CURVE('',#1745,#1746,#946,.T.);
#2202=EDGE_CURVE('',#1741,#1746,#947,.T.);
#2203=EDGE_CURVE('',#1746,#1743,#948,.T.);
#2204=EDGE_CURVE('',#1744,#1745,#949,.T.);
#2205=EDGE_CURVE('',#1747,#1748,#950,.T.);
#2206=EDGE_CURVE('',#1739,#1748,#951,.T.);
#2207=EDGE_CURVE('',#1738,#1747,#952,.T.);
#2208=EDGE_CURVE('',#1729,#1747,#953,.T.);
#2209=EDGE_CURVE('',#1748,#1728,#954,.T.);
#2210=EDGE_CURVE('',#1749,#1749,#161,.T.);
#2211=EDGE_CURVE('',#1749,#1750,#955,.T.);
#2212=EDGE_CURVE('',#1750,#1750,#162,.T.);
#2213=EDGE_CURVE('',#1751,#1751,#163,.T.);
#2214=EDGE_CURVE('',#1751,#1752,#956,.T.);
#2215=EDGE_CURVE('',#1752,#1752,#164,.T.);
#2216=EDGE_CURVE('',#1753,#1753,#165,.T.);
#2217=EDGE_CURVE('',#1753,#1754,#957,.T.);
#2218=EDGE_CURVE('',#1754,#1754,#166,.T.);
#2219=EDGE_CURVE('',#1755,#1756,#958,.T.);
#2220=EDGE_CURVE('',#1727,#1755,#959,.T.);
#2221=EDGE_CURVE('',#1726,#1756,#960,.T.);
#2222=EDGE_CURVE('',#1757,#1755,#167,.T.);
#2223=EDGE_CURVE('',#1756,#1758,#168,.T.);
#2224=EDGE_CURVE('',#1758,#1757,#961,.T.);
#2225=EDGE_CURVE('',#1759,#1760,#962,.T.);
#2226=EDGE_CURVE('',#1757,#1759,#963,.T.);
#2227=EDGE_CURVE('',#1760,#1758,#964,.T.);
#2228=EDGE_CURVE('',#1761,#1759,#169,.T.);
#2229=EDGE_CURVE('',#1760,#1762,#170,.T.);
#2230=EDGE_CURVE('',#1762,#1761,#965,.T.);
#2231=EDGE_CURVE('',#1763,#1764,#966,.T.);
#2232=EDGE_CURVE('',#1763,#1765,#967,.T.);
#2233=EDGE_CURVE('',#1766,#1765,#968,.T.);
#2234=EDGE_CURVE('',#1764,#1766,#969,.T.);
#2235=EDGE_CURVE('',#1764,#1767,#970,.T.);
#2236=EDGE_CURVE('',#1768,#1766,#971,.T.);
#2237=EDGE_CURVE('',#1767,#1768,#972,.T.);
#2238=EDGE_CURVE('',#1767,#1769,#973,.T.);
#2239=EDGE_CURVE('',#1770,#1768,#974,.T.);
#2240=EDGE_CURVE('',#1769,#1770,#975,.T.);
#2241=EDGE_CURVE('',#1769,#1763,#976,.T.);
#2242=EDGE_CURVE('',#1765,#1770,#977,.T.);
#2243=EDGE_CURVE('',#1762,#1771,#978,.T.);
#2244=EDGE_CURVE('',#1772,#1771,#979,.T.);
#2245=EDGE_CURVE('',#1761,#1772,#980,.T.);
#2246=EDGE_CURVE('',#1717,#1773,#981,.T.);
#2247=EDGE_CURVE('',#1716,#1774,#982,.T.);
#2248=EDGE_CURVE('',#1774,#1773,#983,.T.);
#2249=EDGE_CURVE('',#1775,#1776,#984,.T.);
#2250=EDGE_CURVE('',#1775,#1777,#985,.T.);
#2251=EDGE_CURVE('',#1778,#1777,#986,.T.);
#2252=EDGE_CURVE('',#1778,#1706,#987,.T.);
#2253=EDGE_CURVE('',#1779,#1704,#988,.T.);
#2254=EDGE_CURVE('',#1779,#1780,#989,.T.);
#2255=EDGE_CURVE('',#1773,#1780,#990,.T.);
#2256=EDGE_CURVE('',#1776,#1774,#991,.T.);
#2257=EDGE_CURVE('',#1776,#1715,#992,.T.);
#2258=EDGE_CURVE('',#1781,#1781,#171,.T.);
#2259=EDGE_CURVE('',#1782,#1782,#172,.T.);
#2260=EDGE_CURVE('',#1777,#1713,#993,.T.);
#2261=EDGE_CURVE('',#1714,#1775,#994,.T.);
#2262=EDGE_CURVE('',#1712,#1778,#995,.T.);
#2263=EDGE_CURVE('',#1780,#1711,#996,.T.);
#2264=EDGE_CURVE('',#1710,#1779,#997,.T.);
#2265=EDGE_CURVE('',#1783,#1783,#173,.T.);
#2266=EDGE_CURVE('',#1784,#1784,#174,.T.);
#2267=EDGE_CURVE('',#1785,#1785,#175,.T.);
#2268=EDGE_CURVE('',#1782,#1785,#998,.T.);
#2269=EDGE_CURVE('',#1786,#1786,#176,.T.);
#2270=EDGE_CURVE('',#1781,#1786,#999,.T.);
#2271=EDGE_CURVE('',#1709,#1784,#1000,.T.);
#2272=EDGE_CURVE('',#1708,#1783,#1001,.T.);
#2273=EDGE_CURVE('',#1742,#1772,#1002,.T.);
#2274=EDGE_CURVE('',#1626,#1787,#1003,.T.);
#2275=EDGE_CURVE('',#1787,#1771,#1004,.T.);
#2276=EDGE_CURVE('',#1637,#1623,#1005,.T.);
#2277=EDGE_CURVE('',#1788,#1609,#1006,.F.);
#2278=EDGE_CURVE('',#1788,#1625,#1007,.F.);
#2279=EDGE_CURVE('',#1789,#1790,#1008,.T.);
#2280=EDGE_CURVE('',#1790,#1672,#1009,.T.);
#2281=EDGE_CURVE('',#1594,#1789,#1010,.T.);
#2282=EDGE_CURVE('',#1673,#1703,#1011,.T.);
#2283=EDGE_CURVE('',#1619,#1641,#1012,.T.);
#2284=EDGE_CURVE('',#1791,#1593,#1013,.T.);
#2285=EDGE_CURVE('',#1617,#1791,#1014,.T.);
#2286=EDGE_CURVE('',#1616,#1792,#1015,.F.);
#2287=EDGE_CURVE('',#1793,#1792,#1016,.T.);
#2288=EDGE_CURVE('',#1789,#1793,#1017,.T.);
#2289=EDGE_CURVE('',#1794,#1794,#177,.T.);
#2290=EDGE_CURVE('',#1795,#1795,#178,.T.);
#2291=EDGE_CURVE('',#1796,#1796,#179,.T.);
#2292=EDGE_CURVE('',#1797,#1797,#180,.T.);
#2293=EDGE_CURVE('',#1642,#1614,#1018,.T.);
#2294=EDGE_CURVE('',#1792,#1571,#1019,.F.);
#2295=EDGE_CURVE('',#1798,#1618,#1020,.F.);
#2296=EDGE_CURVE('',#1798,#1791,#1021,.F.);
#2297=EDGE_CURVE('',#1787,#1624,#1022,.T.);
#2298=EDGE_CURVE('',#1790,#1615,#1023,.T.);
#2299=EDGE_CURVE('',#1798,#1604,#1024,.T.);
#2300=EDGE_CURVE('',#1799,#1799,#181,.T.);
#2301=EDGE_CURVE('',#1800,#1800,#182,.T.);
#2302=EDGE_CURVE('',#1630,#1800,#1025,.T.);
#2303=EDGE_CURVE('',#1629,#1801,#1026,.T.);
#2304=EDGE_CURVE('',#1801,#1801,#183,.T.);
#2305=EDGE_CURVE('',#1802,#1803,#15,.T.);
#2306=EDGE_CURVE('',#1803,#1804,#16,.T.);
#2307=EDGE_CURVE('',#1804,#1802,#17,.T.);
#2308=EDGE_CURVE('',#1805,#1805,#184,.T.);
#2309=EDGE_CURVE('',#1628,#1805,#1027,.T.);
#2310=EDGE_CURVE('',#1627,#1541,#1028,.T.);
#2311=EDGE_CURVE('',#1806,#1806,#185,.T.);
#2312=EDGE_CURVE('',#1799,#1806,#1029,.T.);
#2313=EDGE_CURVE('',#1807,#1807,#18,.T.);
#2314=EDGE_CURVE('',#1808,#1808,#186,.T.);
#2315=EDGE_CURVE('',#1546,#1808,#1030,.T.);
#2316=EDGE_CURVE('',#1809,#1809,#187,.T.);
#2317=EDGE_CURVE('',#1810,#1810,#188,.T.);
#2318=EDGE_CURVE('',#1810,#1809,#1031,.T.);
#2319=EDGE_CURVE('',#1811,#1811,#189,.T.);
#2320=EDGE_CURVE('',#1812,#1812,#190,.T.);
#2321=EDGE_CURVE('',#1812,#1803,#1032,.T.);
#2322=EDGE_CURVE('',#1804,#1811,#1033,.T.);
#2323=EDGE_CURVE('',#1813,#1813,#191,.T.);
#2324=EDGE_CURVE('',#1797,#1813,#1034,.T.);
#2325=EDGE_CURVE('',#1814,#1814,#192,.T.);
#2326=EDGE_CURVE('',#1796,#1814,#1035,.T.);
#2327=EDGE_CURVE('',#1815,#1815,#193,.T.);
#2328=EDGE_CURVE('',#1795,#1815,#1036,.T.);
#2329=EDGE_CURVE('',#1816,#1816,#194,.T.);
#2330=EDGE_CURVE('',#1794,#1816,#1037,.T.);
#2331=EDGE_CURVE('',#1817,#1580,#1038,.T.);
#2332=EDGE_CURVE('',#1817,#1793,#1039,.T.);
#2333=EDGE_CURVE('',#1818,#1602,#1040,.T.);
#2334=EDGE_CURVE('',#1788,#1818,#1041,.T.);
#2335=EDGE_CURVE('',#1606,#1818,#1042,.T.);
#2336=EDGE_CURVE('',#1817,#1600,#1043,.T.);
#2337=ORIENTED_EDGE('',*,*,#1819,.F.);
#2338=ORIENTED_EDGE('',*,*,#1820,.T.);
#2339=ORIENTED_EDGE('',*,*,#1821,.F.);
#2340=ORIENTED_EDGE('',*,*,#1822,.F.);
#2341=ORIENTED_EDGE('',*,*,#1823,.F.);
#2342=ORIENTED_EDGE('',*,*,#1824,.F.);
#2343=ORIENTED_EDGE('',*,*,#1825,.F.);
#2344=ORIENTED_EDGE('',*,*,#1826,.F.);
#2345=ORIENTED_EDGE('',*,*,#1827,.T.);
#2346=ORIENTED_EDGE('',*,*,#1828,.T.);
#2347=ORIENTED_EDGE('',*,*,#1829,.F.);
#2348=ORIENTED_EDGE('',*,*,#1830,.F.);
#2349=ORIENTED_EDGE('',*,*,#1829,.T.);
#2350=ORIENTED_EDGE('',*,*,#1831,.T.);
#2351=ORIENTED_EDGE('',*,*,#1832,.T.);
#2352=ORIENTED_EDGE('',*,*,#1833,.T.);
#2353=ORIENTED_EDGE('',*,*,#1834,.T.);
#2354=ORIENTED_EDGE('',*,*,#1835,.T.);
#2355=ORIENTED_EDGE('',*,*,#1836,.T.);
#2356=ORIENTED_EDGE('',*,*,#1837,.T.);
#2357=ORIENTED_EDGE('',*,*,#1838,.T.);
#2358=ORIENTED_EDGE('',*,*,#1824,.T.);
#2359=ORIENTED_EDGE('',*,*,#1839,.T.);
#2360=ORIENTED_EDGE('',*,*,#1840,.T.);
#2361=ORIENTED_EDGE('',*,*,#1841,.T.);
#2362=ORIENTED_EDGE('',*,*,#1842,.T.);
#2363=ORIENTED_EDGE('',*,*,#1843,.T.);
#2364=ORIENTED_EDGE('',*,*,#1844,.T.);
#2365=ORIENTED_EDGE('',*,*,#1845,.F.);
#2366=ORIENTED_EDGE('',*,*,#1831,.F.);
#2367=ORIENTED_EDGE('',*,*,#1828,.F.);
#2368=ORIENTED_EDGE('',*,*,#1846,.T.);
#2369=ORIENTED_EDGE('',*,*,#1845,.T.);
#2370=ORIENTED_EDGE('',*,*,#1847,.T.);
#2371=ORIENTED_EDGE('',*,*,#1848,.F.);
#2372=ORIENTED_EDGE('',*,*,#1849,.F.);
#2373=ORIENTED_EDGE('',*,*,#1850,.F.);
#2374=ORIENTED_EDGE('',*,*,#1832,.F.);
#2375=ORIENTED_EDGE('',*,*,#1851,.F.);
#2376=ORIENTED_EDGE('',*,*,#1852,.F.);
#2377=ORIENTED_EDGE('',*,*,#1853,.F.);
#2378=ORIENTED_EDGE('',*,*,#1854,.F.);
#2379=ORIENTED_EDGE('',*,*,#1855,.F.);
#2380=ORIENTED_EDGE('',*,*,#1854,.T.);
#2381=ORIENTED_EDGE('',*,*,#1856,.T.);
#2382=ORIENTED_EDGE('',*,*,#1857,.F.);
#2383=ORIENTED_EDGE('',*,*,#1847,.F.);
#2384=ORIENTED_EDGE('',*,*,#1846,.F.);
#2385=ORIENTED_EDGE('',*,*,#1827,.F.);
#2386=ORIENTED_EDGE('',*,*,#1858,.F.);
#2387=ORIENTED_EDGE('',*,*,#1859,.T.);
#2388=ORIENTED_EDGE('',*,*,#1855,.T.);
#2389=ORIENTED_EDGE('',*,*,#1860,.T.);
#2390=ORIENTED_EDGE('',*,*,#1860,.F.);
#2391=ORIENTED_EDGE('',*,*,#1853,.T.);
#2392=ORIENTED_EDGE('',*,*,#1861,.F.);
#2393=ORIENTED_EDGE('',*,*,#1862,.T.);
#2394=ORIENTED_EDGE('',*,*,#1863,.F.);
#2395=ORIENTED_EDGE('',*,*,#1864,.F.);
#2396=ORIENTED_EDGE('',*,*,#1856,.F.);
#2397=ORIENTED_EDGE('',*,*,#1865,.T.);
#2398=ORIENTED_EDGE('',*,*,#1866,.T.);
#2399=ORIENTED_EDGE('',*,*,#1825,.T.);
#2400=ORIENTED_EDGE('',*,*,#1838,.F.);
#2401=ORIENTED_EDGE('',*,*,#1867,.T.);
#2402=ORIENTED_EDGE('',*,*,#1868,.T.);
#2403=ORIENTED_EDGE('',*,*,#1861,.T.);
#2404=ORIENTED_EDGE('',*,*,#1852,.T.);
#2405=ORIENTED_EDGE('',*,*,#1869,.F.);
#2406=ORIENTED_EDGE('',*,*,#1843,.F.);
#2407=ORIENTED_EDGE('',*,*,#1870,.F.);
#2408=ORIENTED_EDGE('',*,*,#1850,.T.);
#2409=ORIENTED_EDGE('',*,*,#1871,.F.);
#2410=ORIENTED_EDGE('',*,*,#1872,.T.);
#2411=ORIENTED_EDGE('',*,*,#1833,.F.);
#2412=ORIENTED_EDGE('',*,*,#1858,.T.);
#2413=ORIENTED_EDGE('',*,*,#1826,.T.);
#2414=ORIENTED_EDGE('',*,*,#1866,.F.);
#2415=ORIENTED_EDGE('',*,*,#1873,.F.);
#2416=ORIENTED_EDGE('',*,*,#1849,.T.);
#2417=ORIENTED_EDGE('',*,*,#1874,.T.);
#2418=ORIENTED_EDGE('',*,*,#1863,.T.);
#2419=ORIENTED_EDGE('',*,*,#1875,.T.);
#2420=ORIENTED_EDGE('',*,*,#1876,.T.);
#2421=ORIENTED_EDGE('',*,*,#1841,.F.);
#2422=ORIENTED_EDGE('',*,*,#1877,.F.);
#2423=ORIENTED_EDGE('',*,*,#1871,.T.);
#2424=ORIENTED_EDGE('',*,*,#1857,.T.);
#2425=ORIENTED_EDGE('',*,*,#1864,.T.);
#2426=ORIENTED_EDGE('',*,*,#1874,.F.);
#2427=ORIENTED_EDGE('',*,*,#1848,.T.);
#2428=ORIENTED_EDGE('',*,*,#1867,.F.);
#2429=ORIENTED_EDGE('',*,*,#1842,.F.);
#2430=ORIENTED_EDGE('',*,*,#1876,.F.);
#2431=ORIENTED_EDGE('',*,*,#1878,.F.);
#2432=ORIENTED_EDGE('',*,*,#1868,.F.);
#2433=ORIENTED_EDGE('',*,*,#1878,.T.);
#2434=ORIENTED_EDGE('',*,*,#1875,.F.);
#2435=ORIENTED_EDGE('',*,*,#1862,.F.);
#2436=ORIENTED_EDGE('',*,*,#1835,.F.);
#2437=ORIENTED_EDGE('',*,*,#1879,.T.);
#2438=ORIENTED_EDGE('',*,*,#1870,.T.);
#2439=ORIENTED_EDGE('',*,*,#1879,.F.);
#2440=ORIENTED_EDGE('',*,*,#1880,.F.);
#2441=ORIENTED_EDGE('',*,*,#1881,.T.);
#2442=ORIENTED_EDGE('',*,*,#1844,.F.);
#2443=ORIENTED_EDGE('',*,*,#1869,.T.);
#2444=ORIENTED_EDGE('',*,*,#1851,.T.);
#2445=ORIENTED_EDGE('',*,*,#1859,.F.);
#2446=ORIENTED_EDGE('',*,*,#1873,.T.);
#2447=ORIENTED_EDGE('',*,*,#1865,.F.);
#2448=ORIENTED_EDGE('',*,*,#1837,.F.);
#2449=ORIENTED_EDGE('',*,*,#1882,.F.);
#2450=ORIENTED_EDGE('',*,*,#1883,.T.);
#2451=ORIENTED_EDGE('',*,*,#1884,.T.);
#2452=ORIENTED_EDGE('',*,*,#1839,.F.);
#2453=ORIENTED_EDGE('',*,*,#1881,.F.);
#2454=ORIENTED_EDGE('',*,*,#1834,.F.);
#2455=ORIENTED_EDGE('',*,*,#1872,.F.);
#2456=ORIENTED_EDGE('',*,*,#1877,.T.);
#2457=ORIENTED_EDGE('',*,*,#1840,.F.);
#2458=ORIENTED_EDGE('',*,*,#1884,.F.);
#2459=ORIENTED_EDGE('',*,*,#1885,.F.);
#2460=ORIENTED_EDGE('',*,*,#1886,.T.);
#2461=ORIENTED_EDGE('',*,*,#1887,.T.);
#2462=ORIENTED_EDGE('',*,*,#1887,.F.);
#2463=ORIENTED_EDGE('',*,*,#1888,.T.);
#2464=ORIENTED_EDGE('',*,*,#1819,.T.);
#2465=ORIENTED_EDGE('',*,*,#1830,.T.);
#2466=ORIENTED_EDGE('',*,*,#1821,.T.);
#2467=ORIENTED_EDGE('',*,*,#1889,.T.);
#2468=ORIENTED_EDGE('',*,*,#1890,.T.);
#2469=ORIENTED_EDGE('',*,*,#1891,.T.);
#2470=ORIENTED_EDGE('',*,*,#1892,.F.);
#2471=ORIENTED_EDGE('',*,*,#1893,.T.);
#2472=ORIENTED_EDGE('',*,*,#1885,.T.);
#2473=ORIENTED_EDGE('',*,*,#1894,.T.);
#2474=ORIENTED_EDGE('',*,*,#1895,.F.);
#2475=ORIENTED_EDGE('',*,*,#1896,.T.);
#2476=ORIENTED_EDGE('',*,*,#1897,.T.);
#2477=ORIENTED_EDGE('',*,*,#1898,.T.);
#2478=ORIENTED_EDGE('',*,*,#1899,.T.);
#2479=ORIENTED_EDGE('',*,*,#1900,.F.);
#2480=ORIENTED_EDGE('',*,*,#1901,.F.);
#2481=ORIENTED_EDGE('',*,*,#1902,.F.);
#2482=ORIENTED_EDGE('',*,*,#1903,.F.);
#2483=ORIENTED_EDGE('',*,*,#1904,.F.);
#2484=ORIENTED_EDGE('',*,*,#1889,.F.);
#2485=ORIENTED_EDGE('',*,*,#1820,.F.);
#2486=ORIENTED_EDGE('',*,*,#1888,.F.);
#2487=ORIENTED_EDGE('',*,*,#1886,.F.);
#2488=ORIENTED_EDGE('',*,*,#1898,.F.);
#2489=ORIENTED_EDGE('',*,*,#1905,.T.);
#2490=ORIENTED_EDGE('',*,*,#1906,.T.);
#2491=ORIENTED_EDGE('',*,*,#1907,.F.);
#2492=ORIENTED_EDGE('',*,*,#1908,.T.);
#2493=ORIENTED_EDGE('',*,*,#1909,.F.);
#2494=ORIENTED_EDGE('',*,*,#1910,.T.);
#2495=ORIENTED_EDGE('',*,*,#1911,.T.);
#2496=ORIENTED_EDGE('',*,*,#1912,.T.);
#2497=ORIENTED_EDGE('',*,*,#1899,.F.);
#2498=ORIENTED_EDGE('',*,*,#1913,.F.);
#2499=ORIENTED_EDGE('',*,*,#1914,.F.);
#2500=ORIENTED_EDGE('',*,*,#1882,.T.);
#2501=ORIENTED_EDGE('',*,*,#1836,.F.);
#2502=ORIENTED_EDGE('',*,*,#1823,.T.);
#2503=ORIENTED_EDGE('',*,*,#1915,.T.);
#2504=ORIENTED_EDGE('',*,*,#1822,.T.);
#2505=ORIENTED_EDGE('',*,*,#1893,.F.);
#2506=ORIENTED_EDGE('',*,*,#1916,.F.);
#2507=ORIENTED_EDGE('',*,*,#1909,.T.);
#2508=ORIENTED_EDGE('',*,*,#1880,.T.);
#2509=ORIENTED_EDGE('',*,*,#1914,.T.);
#2510=ORIENTED_EDGE('',*,*,#1917,.F.);
#2511=ORIENTED_EDGE('',*,*,#1894,.F.);
#2512=ORIENTED_EDGE('',*,*,#1883,.F.);
#2513=ORIENTED_EDGE('',*,*,#1918,.F.);
#2514=ORIENTED_EDGE('',*,*,#1919,.F.);
#2515=ORIENTED_EDGE('',*,*,#1920,.T.);
#2516=ORIENTED_EDGE('',*,*,#1921,.T.);
#2517=ORIENTED_EDGE('',*,*,#1922,.F.);
#2518=ORIENTED_EDGE('',*,*,#1923,.F.);
#2519=ORIENTED_EDGE('',*,*,#1924,.F.);
#2520=ORIENTED_EDGE('',*,*,#1925,.F.);
#2521=ORIENTED_EDGE('',*,*,#1926,.F.);
#2522=ORIENTED_EDGE('',*,*,#1927,.F.);
#2523=ORIENTED_EDGE('',*,*,#1928,.T.);
#2524=ORIENTED_EDGE('',*,*,#1929,.T.);
#2525=ORIENTED_EDGE('',*,*,#1930,.F.);
#2526=ORIENTED_EDGE('',*,*,#1931,.T.);
#2527=ORIENTED_EDGE('',*,*,#1926,.T.);
#2528=ORIENTED_EDGE('',*,*,#1932,.F.);
#2529=ORIENTED_EDGE('',*,*,#1921,.F.);
#2530=ORIENTED_EDGE('',*,*,#1918,.T.);
#2531=ORIENTED_EDGE('',*,*,#1933,.F.);
#2532=ORIENTED_EDGE('',*,*,#1930,.T.);
#2533=ORIENTED_EDGE('',*,*,#1934,.T.);
#2534=ORIENTED_EDGE('',*,*,#1935,.F.);
#2535=ORIENTED_EDGE('',*,*,#1936,.F.);
#2536=ORIENTED_EDGE('',*,*,#1928,.F.);
#2537=ORIENTED_EDGE('',*,*,#1937,.F.);
#2538=ORIENTED_EDGE('',*,*,#1936,.T.);
#2539=ORIENTED_EDGE('',*,*,#1938,.F.);
#2540=ORIENTED_EDGE('',*,*,#1919,.T.);
#2541=ORIENTED_EDGE('',*,*,#1934,.F.);
#2542=ORIENTED_EDGE('',*,*,#1929,.F.);
#2543=ORIENTED_EDGE('',*,*,#1938,.T.);
#2544=ORIENTED_EDGE('',*,*,#1935,.T.);
#2545=ORIENTED_EDGE('',*,*,#1939,.T.);
#2546=ORIENTED_EDGE('',*,*,#1940,.T.);
#2547=ORIENTED_EDGE('',*,*,#1941,.F.);
#2548=ORIENTED_EDGE('',*,*,#1942,.F.);
#2549=ORIENTED_EDGE('',*,*,#1943,.T.);
#2550=ORIENTED_EDGE('',*,*,#1944,.F.);
#2551=ORIENTED_EDGE('',*,*,#1945,.T.);
#2552=ORIENTED_EDGE('',*,*,#1946,.T.);
#2553=ORIENTED_EDGE('',*,*,#1922,.T.);
#2554=ORIENTED_EDGE('',*,*,#1932,.T.);
#2555=ORIENTED_EDGE('',*,*,#1925,.T.);
#2556=ORIENTED_EDGE('',*,*,#1947,.T.);
#2557=ORIENTED_EDGE('',*,*,#1948,.T.);
#2558=ORIENTED_EDGE('',*,*,#1949,.F.);
#2559=ORIENTED_EDGE('',*,*,#1950,.F.);
#2560=ORIENTED_EDGE('',*,*,#1951,.F.);
#2561=ORIENTED_EDGE('',*,*,#1952,.F.);
#2562=ORIENTED_EDGE('',*,*,#1953,.T.);
#2563=ORIENTED_EDGE('',*,*,#1924,.T.);
#2564=ORIENTED_EDGE('',*,*,#1954,.T.);
#2565=ORIENTED_EDGE('',*,*,#1955,.F.);
#2566=ORIENTED_EDGE('',*,*,#1956,.F.);
#2567=ORIENTED_EDGE('',*,*,#1957,.T.);
#2568=ORIENTED_EDGE('',*,*,#1958,.F.);
#2569=ORIENTED_EDGE('',*,*,#1959,.T.);
#2570=ORIENTED_EDGE('',*,*,#1947,.F.);
#2571=ORIENTED_EDGE('',*,*,#1923,.T.);
#2572=ORIENTED_EDGE('',*,*,#1953,.F.);
#2573=ORIENTED_EDGE('',*,*,#1960,.F.);
#2574=ORIENTED_EDGE('',*,*,#1961,.T.);
#2575=ORIENTED_EDGE('',*,*,#1962,.F.);
#2576=ORIENTED_EDGE('',*,*,#1963,.F.);
#2577=ORIENTED_EDGE('',*,*,#1964,.F.);
#2578=ORIENTED_EDGE('',*,*,#1965,.F.);
#2579=ORIENTED_EDGE('',*,*,#1966,.F.);
#2580=ORIENTED_EDGE('',*,*,#1967,.T.);
#2581=ORIENTED_EDGE('',*,*,#1968,.T.);
#2582=ORIENTED_EDGE('',*,*,#1969,.T.);
#2583=ORIENTED_EDGE('',*,*,#1967,.F.);
#2584=ORIENTED_EDGE('',*,*,#1970,.F.);
#2585=ORIENTED_EDGE('',*,*,#1890,.F.);
#2586=ORIENTED_EDGE('',*,*,#1971,.T.);
#2587=ORIENTED_EDGE('',*,*,#1972,.F.);
#2588=ORIENTED_EDGE('',*,*,#1973,.F.);
#2589=ORIENTED_EDGE('',*,*,#1974,.F.);
#2590=ORIENTED_EDGE('',*,*,#1968,.F.);
#2591=ORIENTED_EDGE('',*,*,#1969,.F.);
#2592=ORIENTED_EDGE('',*,*,#1975,.F.);
#2593=ORIENTED_EDGE('',*,*,#1976,.F.);
#2594=ORIENTED_EDGE('',*,*,#1891,.F.);
#2595=ORIENTED_EDGE('',*,*,#1970,.T.);
#2596=ORIENTED_EDGE('',*,*,#1966,.T.);
#2597=ORIENTED_EDGE('',*,*,#1904,.T.);
#2598=ORIENTED_EDGE('',*,*,#1977,.T.);
#2599=ORIENTED_EDGE('',*,*,#1978,.F.);
#2600=ORIENTED_EDGE('',*,*,#1971,.F.);
#2601=ORIENTED_EDGE('',*,*,#1903,.T.);
#2602=ORIENTED_EDGE('',*,*,#1964,.T.);
#2603=ORIENTED_EDGE('',*,*,#1979,.F.);
#2604=ORIENTED_EDGE('',*,*,#1977,.F.);
#2605=ORIENTED_EDGE('',*,*,#1980,.T.);
#2606=ORIENTED_EDGE('',*,*,#1981,.F.);
#2607=ORIENTED_EDGE('',*,*,#1982,.F.);
#2608=ORIENTED_EDGE('',*,*,#1983,.T.);
#2609=ORIENTED_EDGE('',*,*,#1984,.T.);
#2610=ORIENTED_EDGE('',*,*,#1985,.T.);
#2611=ORIENTED_EDGE('',*,*,#1986,.T.);
#2612=ORIENTED_EDGE('',*,*,#1962,.T.);
#2613=ORIENTED_EDGE('',*,*,#1974,.T.);
#2614=ORIENTED_EDGE('',*,*,#1987,.F.);
#2615=ORIENTED_EDGE('',*,*,#1988,.F.);
#2616=ORIENTED_EDGE('',*,*,#1989,.T.);
#2617=ORIENTED_EDGE('',*,*,#1980,.F.);
#2618=ORIENTED_EDGE('',*,*,#1975,.T.);
#2619=ORIENTED_EDGE('',*,*,#1955,.T.);
#2620=ORIENTED_EDGE('',*,*,#1990,.T.);
#2621=ORIENTED_EDGE('',*,*,#1991,.T.);
#2622=ORIENTED_EDGE('',*,*,#1992,.T.);
#2623=ORIENTED_EDGE('',*,*,#1993,.F.);
#2624=ORIENTED_EDGE('',*,*,#1994,.F.);
#2625=ORIENTED_EDGE('',*,*,#1948,.F.);
#2626=ORIENTED_EDGE('',*,*,#1959,.F.);
#2627=ORIENTED_EDGE('',*,*,#1995,.F.);
#2628=ORIENTED_EDGE('',*,*,#1996,.F.);
#2629=ORIENTED_EDGE('',*,*,#1997,.T.);
#2630=ORIENTED_EDGE('',*,*,#1905,.F.);
#2631=ORIENTED_EDGE('',*,*,#1897,.F.);
#2632=ORIENTED_EDGE('',*,*,#1988,.T.);
#2633=ORIENTED_EDGE('',*,*,#1998,.T.);
#2634=ORIENTED_EDGE('',*,*,#1999,.F.);
#2635=ORIENTED_EDGE('',*,*,#2000,.F.);
#2636=ORIENTED_EDGE('',*,*,#1999,.T.);
#2637=ORIENTED_EDGE('',*,*,#1895,.T.);
#2638=ORIENTED_EDGE('',*,*,#1917,.T.);
#2639=ORIENTED_EDGE('',*,*,#1913,.T.);
#2640=ORIENTED_EDGE('',*,*,#1907,.T.);
#2641=ORIENTED_EDGE('',*,*,#2001,.T.);
#2642=ORIENTED_EDGE('',*,*,#2002,.F.);
#2643=ORIENTED_EDGE('',*,*,#1940,.F.);
#2644=ORIENTED_EDGE('',*,*,#2003,.F.);
#2645=ORIENTED_EDGE('',*,*,#1956,.T.);
#2646=ORIENTED_EDGE('',*,*,#1992,.F.);
#2647=ORIENTED_EDGE('',*,*,#2004,.F.);
#2648=ORIENTED_EDGE('',*,*,#1927,.T.);
#2649=ORIENTED_EDGE('',*,*,#2005,.T.);
#2650=ORIENTED_EDGE('',*,*,#1958,.T.);
#2651=ORIENTED_EDGE('',*,*,#1957,.F.);
#2652=ORIENTED_EDGE('',*,*,#2003,.T.);
#2653=ORIENTED_EDGE('',*,*,#1939,.F.);
#2654=ORIENTED_EDGE('',*,*,#1937,.T.);
#2655=ORIENTED_EDGE('',*,*,#1973,.T.);
#2656=ORIENTED_EDGE('',*,*,#2006,.F.);
#2657=ORIENTED_EDGE('',*,*,#1995,.T.);
#2658=ORIENTED_EDGE('',*,*,#1896,.F.);
#2659=ORIENTED_EDGE('',*,*,#1998,.F.);
#2660=ORIENTED_EDGE('',*,*,#1987,.T.);
#2661=ORIENTED_EDGE('',*,*,#2007,.T.);
#2662=ORIENTED_EDGE('',*,*,#2008,.T.);
#2663=ORIENTED_EDGE('',*,*,#2009,.T.);
#2664=ORIENTED_EDGE('',*,*,#1945,.F.);
#2665=ORIENTED_EDGE('',*,*,#2010,.T.);
#2666=ORIENTED_EDGE('',*,*,#2011,.T.);
#2667=ORIENTED_EDGE('',*,*,#2012,.T.);
#2668=ORIENTED_EDGE('',*,*,#2013,.T.);
#2669=ORIENTED_EDGE('',*,*,#2014,.T.);
#2670=ORIENTED_EDGE('',*,*,#2015,.T.);
#2671=ORIENTED_EDGE('',*,*,#2016,.F.);
#2672=ORIENTED_EDGE('',*,*,#1951,.T.);
#2673=ORIENTED_EDGE('',*,*,#2017,.T.);
#2674=ORIENTED_EDGE('',*,*,#2018,.T.);
#2675=ORIENTED_EDGE('',*,*,#2019,.T.);
#2676=ORIENTED_EDGE('',*,*,#2020,.T.);
#2677=ORIENTED_EDGE('',*,*,#1985,.F.);
#2678=ORIENTED_EDGE('',*,*,#2021,.T.);
#2679=ORIENTED_EDGE('',*,*,#2022,.T.);
#2680=ORIENTED_EDGE('',*,*,#2023,.T.);
#2681=ORIENTED_EDGE('',*,*,#2024,.T.);
#2682=ORIENTED_EDGE('',*,*,#2025,.T.);
#2683=ORIENTED_EDGE('',*,*,#2026,.T.);
#2684=ORIENTED_EDGE('',*,*,#2027,.F.);
#2685=ORIENTED_EDGE('',*,*,#1901,.T.);
#2686=ORIENTED_EDGE('',*,*,#2028,.T.);
#2687=ORIENTED_EDGE('',*,*,#1942,.T.);
#2688=ORIENTED_EDGE('',*,*,#2029,.F.);
#2689=ORIENTED_EDGE('',*,*,#2030,.F.);
#2690=ORIENTED_EDGE('',*,*,#2007,.F.);
#2691=ORIENTED_EDGE('',*,*,#2031,.T.);
#2692=ORIENTED_EDGE('',*,*,#1911,.F.);
#2693=ORIENTED_EDGE('',*,*,#2032,.F.);
#2694=ORIENTED_EDGE('',*,*,#2033,.F.);
#2695=ORIENTED_EDGE('',*,*,#2034,.T.);
#2696=ORIENTED_EDGE('',*,*,#2035,.T.);
#2697=ORIENTED_EDGE('',*,*,#2036,.T.);
#2698=ORIENTED_EDGE('',*,*,#2037,.T.);
#2699=ORIENTED_EDGE('',*,*,#2038,.T.);
#2700=ORIENTED_EDGE('',*,*,#2039,.F.);
#2701=ORIENTED_EDGE('',*,*,#2040,.F.);
#2702=ORIENTED_EDGE('',*,*,#2011,.F.);
#2703=ORIENTED_EDGE('',*,*,#2041,.T.);
#2704=ORIENTED_EDGE('',*,*,#2042,.T.);
#2705=ORIENTED_EDGE('',*,*,#2043,.T.);
#2706=ORIENTED_EDGE('',*,*,#2044,.T.);
#2707=ORIENTED_EDGE('',*,*,#2039,.T.);
#2708=ORIENTED_EDGE('',*,*,#2045,.F.);
#2709=ORIENTED_EDGE('',*,*,#2046,.T.);
#2710=ORIENTED_EDGE('',*,*,#2047,.T.);
#2711=ORIENTED_EDGE('',*,*,#2048,.T.);
#2712=ORIENTED_EDGE('',*,*,#2049,.T.);
#2713=ORIENTED_EDGE('',*,*,#2050,.F.);
#2714=ORIENTED_EDGE('',*,*,#2051,.T.);
#2715=ORIENTED_EDGE('',*,*,#2013,.F.);
#2716=ORIENTED_EDGE('',*,*,#2052,.T.);
#2717=ORIENTED_EDGE('',*,*,#2043,.F.);
#2718=ORIENTED_EDGE('',*,*,#2053,.F.);
#2719=ORIENTED_EDGE('',*,*,#2012,.F.);
#2720=ORIENTED_EDGE('',*,*,#2040,.T.);
#2721=ORIENTED_EDGE('',*,*,#2044,.F.);
#2722=ORIENTED_EDGE('',*,*,#2052,.F.);
#2723=ORIENTED_EDGE('',*,*,#2024,.F.);
#2724=ORIENTED_EDGE('',*,*,#2054,.T.);
#2725=ORIENTED_EDGE('',*,*,#2047,.F.);
#2726=ORIENTED_EDGE('',*,*,#2055,.F.);
#2727=ORIENTED_EDGE('',*,*,#2023,.F.);
#2728=ORIENTED_EDGE('',*,*,#2056,.T.);
#2729=ORIENTED_EDGE('',*,*,#2048,.F.);
#2730=ORIENTED_EDGE('',*,*,#2054,.F.);
#2731=ORIENTED_EDGE('',*,*,#2057,.F.);
#2732=ORIENTED_EDGE('',*,*,#2042,.F.);
#2733=ORIENTED_EDGE('',*,*,#2058,.T.);
#2734=ORIENTED_EDGE('',*,*,#2057,.T.);
#2735=ORIENTED_EDGE('',*,*,#2058,.F.);
#2736=ORIENTED_EDGE('',*,*,#2059,.F.);
#2737=ORIENTED_EDGE('',*,*,#2041,.F.);
#2738=ORIENTED_EDGE('',*,*,#2060,.T.);
#2739=ORIENTED_EDGE('',*,*,#2059,.T.);
#2740=ORIENTED_EDGE('',*,*,#2060,.F.);
#2741=ORIENTED_EDGE('',*,*,#2061,.F.);
#2742=ORIENTED_EDGE('',*,*,#2062,.T.);
#2743=ORIENTED_EDGE('',*,*,#2063,.F.);
#2744=ORIENTED_EDGE('',*,*,#2062,.F.);
#2745=ORIENTED_EDGE('',*,*,#2064,.F.);
#2746=ORIENTED_EDGE('',*,*,#2065,.T.);
#2747=ORIENTED_EDGE('',*,*,#2066,.F.);
#2748=ORIENTED_EDGE('',*,*,#2065,.F.);
#2749=ORIENTED_EDGE('',*,*,#2067,.T.);
#2750=ORIENTED_EDGE('',*,*,#2068,.T.);
#2751=ORIENTED_EDGE('',*,*,#2069,.T.);
#2752=ORIENTED_EDGE('',*,*,#2070,.F.);
#2753=ORIENTED_EDGE('',*,*,#2071,.F.);
#2754=ORIENTED_EDGE('',*,*,#2070,.T.);
#2755=ORIENTED_EDGE('',*,*,#2072,.T.);
#2756=ORIENTED_EDGE('',*,*,#2073,.F.);
#2757=ORIENTED_EDGE('',*,*,#2074,.T.);
#2758=ORIENTED_EDGE('',*,*,#2073,.T.);
#2759=ORIENTED_EDGE('',*,*,#2075,.T.);
#2760=ORIENTED_EDGE('',*,*,#2076,.F.);
#2761=ORIENTED_EDGE('',*,*,#2076,.T.);
#2762=ORIENTED_EDGE('',*,*,#2077,.T.);
#2763=ORIENTED_EDGE('',*,*,#2078,.F.);
#2764=ORIENTED_EDGE('',*,*,#2079,.F.);
#2765=ORIENTED_EDGE('',*,*,#2080,.F.);
#2766=ORIENTED_EDGE('',*,*,#2081,.T.);
#2767=ORIENTED_EDGE('',*,*,#2068,.F.);
#2768=ORIENTED_EDGE('',*,*,#2082,.T.);
#2769=ORIENTED_EDGE('',*,*,#2083,.T.);
#2770=ORIENTED_EDGE('',*,*,#2084,.T.);
#2771=ORIENTED_EDGE('',*,*,#2085,.T.);
#2772=ORIENTED_EDGE('',*,*,#2084,.F.);
#2773=ORIENTED_EDGE('',*,*,#2086,.T.);
#2774=ORIENTED_EDGE('',*,*,#2087,.T.);
#2775=ORIENTED_EDGE('',*,*,#2088,.T.);
#2776=ORIENTED_EDGE('',*,*,#2089,.F.);
#2777=ORIENTED_EDGE('',*,*,#2090,.F.);
#2778=ORIENTED_EDGE('',*,*,#2089,.T.);
#2779=ORIENTED_EDGE('',*,*,#2091,.T.);
#2780=ORIENTED_EDGE('',*,*,#2092,.F.);
#2781=ORIENTED_EDGE('',*,*,#2093,.T.);
#2782=ORIENTED_EDGE('',*,*,#2092,.T.);
#2783=ORIENTED_EDGE('',*,*,#2094,.T.);
#2784=ORIENTED_EDGE('',*,*,#2095,.F.);
#2785=ORIENTED_EDGE('',*,*,#2096,.T.);
#2786=ORIENTED_EDGE('',*,*,#2097,.T.);
#2787=ORIENTED_EDGE('',*,*,#2098,.F.);
#2788=ORIENTED_EDGE('',*,*,#2099,.F.);
#2789=ORIENTED_EDGE('',*,*,#2100,.F.);
#2790=ORIENTED_EDGE('',*,*,#2101,.T.);
#2791=ORIENTED_EDGE('',*,*,#2087,.F.);
#2792=ORIENTED_EDGE('',*,*,#2102,.T.);
#2793=ORIENTED_EDGE('',*,*,#2099,.T.);
#2794=ORIENTED_EDGE('',*,*,#2103,.T.);
#2795=ORIENTED_EDGE('',*,*,#2104,.F.);
#2796=ORIENTED_EDGE('',*,*,#2105,.F.);
#2797=ORIENTED_EDGE('',*,*,#2100,.T.);
#2798=ORIENTED_EDGE('',*,*,#2106,.T.);
#2799=ORIENTED_EDGE('',*,*,#2104,.T.);
#2800=ORIENTED_EDGE('',*,*,#2107,.T.);
#2801=ORIENTED_EDGE('',*,*,#2108,.F.);
#2802=ORIENTED_EDGE('',*,*,#2109,.F.);
#2803=ORIENTED_EDGE('',*,*,#2095,.T.);
#2804=ORIENTED_EDGE('',*,*,#2110,.T.);
#2805=ORIENTED_EDGE('',*,*,#2108,.T.);
#2806=ORIENTED_EDGE('',*,*,#2111,.T.);
#2807=ORIENTED_EDGE('',*,*,#2080,.T.);
#2808=ORIENTED_EDGE('',*,*,#2112,.T.);
#2809=ORIENTED_EDGE('',*,*,#2113,.T.);
#2810=ORIENTED_EDGE('',*,*,#2114,.T.);
#2811=ORIENTED_EDGE('',*,*,#2115,.T.);
#2812=ORIENTED_EDGE('',*,*,#2114,.F.);
#2813=ORIENTED_EDGE('',*,*,#2116,.T.);
#2814=ORIENTED_EDGE('',*,*,#2117,.T.);
#2815=ORIENTED_EDGE('',*,*,#2118,.T.);
#2816=ORIENTED_EDGE('',*,*,#2117,.F.);
#2817=ORIENTED_EDGE('',*,*,#2119,.T.);
#2818=ORIENTED_EDGE('',*,*,#2120,.T.);
#2819=ORIENTED_EDGE('',*,*,#2121,.T.);
#2820=ORIENTED_EDGE('',*,*,#2120,.F.);
#2821=ORIENTED_EDGE('',*,*,#2122,.T.);
#2822=ORIENTED_EDGE('',*,*,#2123,.F.);
#2823=ORIENTED_EDGE('',*,*,#2078,.T.);
#2824=ORIENTED_EDGE('',*,*,#2124,.T.);
#2825=ORIENTED_EDGE('',*,*,#2125,.F.);
#2826=ORIENTED_EDGE('',*,*,#2126,.F.);
#2827=ORIENTED_EDGE('',*,*,#2127,.F.);
#2828=ORIENTED_EDGE('',*,*,#2122,.F.);
#2829=ORIENTED_EDGE('',*,*,#2128,.T.);
#2830=ORIENTED_EDGE('',*,*,#2129,.T.);
#2831=ORIENTED_EDGE('',*,*,#2126,.T.);
#2832=ORIENTED_EDGE('',*,*,#2130,.T.);
#2833=ORIENTED_EDGE('',*,*,#2131,.F.);
#2834=ORIENTED_EDGE('',*,*,#2132,.F.);
#2835=ORIENTED_EDGE('',*,*,#2133,.F.);
#2836=ORIENTED_EDGE('',*,*,#2128,.F.);
#2837=ORIENTED_EDGE('',*,*,#2134,.T.);
#2838=ORIENTED_EDGE('',*,*,#2135,.T.);
#2839=ORIENTED_EDGE('',*,*,#2136,.T.);
#2840=ORIENTED_EDGE('',*,*,#2137,.F.);
#2841=ORIENTED_EDGE('',*,*,#2138,.T.);
#2842=ORIENTED_EDGE('',*,*,#2139,.T.);
#2843=ORIENTED_EDGE('',*,*,#2140,.T.);
#2844=ORIENTED_EDGE('',*,*,#2135,.F.);
#2845=ORIENTED_EDGE('',*,*,#2141,.T.);
#2846=ORIENTED_EDGE('',*,*,#2142,.T.);
#2847=ORIENTED_EDGE('',*,*,#2143,.T.);
#2848=ORIENTED_EDGE('',*,*,#2139,.F.);
#2849=ORIENTED_EDGE('',*,*,#2144,.T.);
#2850=ORIENTED_EDGE('',*,*,#2137,.T.);
#2851=ORIENTED_EDGE('',*,*,#2145,.T.);
#2852=ORIENTED_EDGE('',*,*,#2142,.F.);
#2853=ORIENTED_EDGE('',*,*,#2146,.T.);
#2854=ORIENTED_EDGE('',*,*,#2147,.F.);
#2855=ORIENTED_EDGE('',*,*,#1983,.F.);
#2856=ORIENTED_EDGE('',*,*,#2148,.F.);
#2857=ORIENTED_EDGE('',*,*,#2132,.T.);
#2858=ORIENTED_EDGE('',*,*,#2149,.F.);
#2859=ORIENTED_EDGE('',*,*,#2150,.F.);
#2860=ORIENTED_EDGE('',*,*,#2151,.F.);
#2861=ORIENTED_EDGE('',*,*,#2152,.F.);
#2862=ORIENTED_EDGE('',*,*,#2153,.T.);
#2863=ORIENTED_EDGE('',*,*,#2154,.T.);
#2864=ORIENTED_EDGE('',*,*,#2155,.F.);
#2865=ORIENTED_EDGE('',*,*,#2156,.F.);
#2866=ORIENTED_EDGE('',*,*,#2152,.T.);
#2867=ORIENTED_EDGE('',*,*,#2157,.F.);
#2868=ORIENTED_EDGE('',*,*,#2158,.F.);
#2869=ORIENTED_EDGE('',*,*,#2159,.F.);
#2870=ORIENTED_EDGE('',*,*,#2160,.F.);
#2871=ORIENTED_EDGE('',*,*,#2161,.T.);
#2872=ORIENTED_EDGE('',*,*,#2162,.F.);
#2873=ORIENTED_EDGE('',*,*,#2163,.F.);
#2874=ORIENTED_EDGE('',*,*,#2164,.F.);
#2875=ORIENTED_EDGE('',*,*,#2165,.T.);
#2876=ORIENTED_EDGE('',*,*,#2166,.F.);
#2877=ORIENTED_EDGE('',*,*,#2167,.F.);
#2878=ORIENTED_EDGE('',*,*,#2168,.T.);
#2879=ORIENTED_EDGE('',*,*,#2169,.T.);
#2880=ORIENTED_EDGE('',*,*,#2170,.F.);
#2881=ORIENTED_EDGE('',*,*,#2165,.F.);
#2882=ORIENTED_EDGE('',*,*,#2171,.F.);
#2883=ORIENTED_EDGE('',*,*,#2172,.T.);
#2884=ORIENTED_EDGE('',*,*,#2173,.F.);
#2885=ORIENTED_EDGE('',*,*,#2169,.F.);
#2886=ORIENTED_EDGE('',*,*,#2172,.F.);
#2887=ORIENTED_EDGE('',*,*,#2174,.T.);
#2888=ORIENTED_EDGE('',*,*,#2175,.T.);
#2889=ORIENTED_EDGE('',*,*,#2176,.F.);
#2890=ORIENTED_EDGE('',*,*,#2177,.T.);
#2891=ORIENTED_EDGE('',*,*,#2178,.F.);
#2892=ORIENTED_EDGE('',*,*,#2167,.T.);
#2893=ORIENTED_EDGE('',*,*,#2179,.F.);
#2894=ORIENTED_EDGE('',*,*,#2180,.F.);
#2895=ORIENTED_EDGE('',*,*,#2181,.T.);
#2896=ORIENTED_EDGE('',*,*,#2182,.F.);
#2897=ORIENTED_EDGE('',*,*,#2181,.F.);
#2898=ORIENTED_EDGE('',*,*,#2183,.F.);
#2899=ORIENTED_EDGE('',*,*,#2184,.T.);
#2900=ORIENTED_EDGE('',*,*,#2185,.F.);
#2901=ORIENTED_EDGE('',*,*,#2186,.F.);
#2902=ORIENTED_EDGE('',*,*,#2187,.T.);
#2903=ORIENTED_EDGE('',*,*,#2188,.T.);
#2904=ORIENTED_EDGE('',*,*,#2189,.F.);
#2905=ORIENTED_EDGE('',*,*,#2184,.F.);
#2906=ORIENTED_EDGE('',*,*,#2190,.F.);
#2907=ORIENTED_EDGE('',*,*,#2191,.T.);
#2908=ORIENTED_EDGE('',*,*,#2192,.F.);
#2909=ORIENTED_EDGE('',*,*,#2188,.F.);
#2910=ORIENTED_EDGE('',*,*,#2193,.F.);
#2911=ORIENTED_EDGE('',*,*,#2194,.T.);
#2912=ORIENTED_EDGE('',*,*,#2195,.T.);
#2913=ORIENTED_EDGE('',*,*,#2196,.F.);
#2914=ORIENTED_EDGE('',*,*,#1943,.F.);
#2915=ORIENTED_EDGE('',*,*,#2197,.T.);
#2916=ORIENTED_EDGE('',*,*,#2198,.F.);
#2917=ORIENTED_EDGE('',*,*,#2186,.T.);
#2918=ORIENTED_EDGE('',*,*,#2199,.F.);
#2919=ORIENTED_EDGE('',*,*,#2194,.F.);
#2920=ORIENTED_EDGE('',*,*,#2200,.T.);
#2921=ORIENTED_EDGE('',*,*,#2201,.T.);
#2922=ORIENTED_EDGE('',*,*,#2202,.F.);
#2923=ORIENTED_EDGE('',*,*,#2197,.F.);
#2924=ORIENTED_EDGE('',*,*,#2203,.F.);
#2925=ORIENTED_EDGE('',*,*,#2201,.F.);
#2926=ORIENTED_EDGE('',*,*,#2204,.F.);
#2927=ORIENTED_EDGE('',*,*,#2205,.T.);
#2928=ORIENTED_EDGE('',*,*,#2206,.F.);
#2929=ORIENTED_EDGE('',*,*,#2191,.F.);
#2930=ORIENTED_EDGE('',*,*,#2207,.T.);
#2931=ORIENTED_EDGE('',*,*,#2205,.F.);
#2932=ORIENTED_EDGE('',*,*,#2208,.F.);
#2933=ORIENTED_EDGE('',*,*,#2177,.F.);
#2934=ORIENTED_EDGE('',*,*,#2209,.F.);
#2935=ORIENTED_EDGE('',*,*,#2210,.F.);
#2936=ORIENTED_EDGE('',*,*,#2211,.T.);
#2937=ORIENTED_EDGE('',*,*,#2212,.F.);
#2938=ORIENTED_EDGE('',*,*,#2211,.F.);
#2939=ORIENTED_EDGE('',*,*,#2213,.F.);
#2940=ORIENTED_EDGE('',*,*,#2214,.T.);
#2941=ORIENTED_EDGE('',*,*,#2215,.F.);
#2942=ORIENTED_EDGE('',*,*,#2214,.F.);
#2943=ORIENTED_EDGE('',*,*,#2216,.F.);
#2944=ORIENTED_EDGE('',*,*,#2217,.T.);
#2945=ORIENTED_EDGE('',*,*,#2218,.F.);
#2946=ORIENTED_EDGE('',*,*,#2217,.F.);
#2947=ORIENTED_EDGE('',*,*,#2219,.F.);
#2948=ORIENTED_EDGE('',*,*,#2220,.F.);
#2949=ORIENTED_EDGE('',*,*,#2175,.F.);
#2950=ORIENTED_EDGE('',*,*,#2221,.T.);
#2951=ORIENTED_EDGE('',*,*,#2222,.T.);
#2952=ORIENTED_EDGE('',*,*,#2219,.T.);
#2953=ORIENTED_EDGE('',*,*,#2223,.T.);
#2954=ORIENTED_EDGE('',*,*,#2224,.T.);
#2955=ORIENTED_EDGE('',*,*,#2225,.F.);
#2956=ORIENTED_EDGE('',*,*,#2226,.F.);
#2957=ORIENTED_EDGE('',*,*,#2224,.F.);
#2958=ORIENTED_EDGE('',*,*,#2227,.F.);
#2959=ORIENTED_EDGE('',*,*,#2228,.T.);
#2960=ORIENTED_EDGE('',*,*,#2225,.T.);
#2961=ORIENTED_EDGE('',*,*,#2229,.T.);
#2962=ORIENTED_EDGE('',*,*,#2230,.T.);
#2963=ORIENTED_EDGE('',*,*,#2231,.F.);
#2964=ORIENTED_EDGE('',*,*,#2232,.T.);
#2965=ORIENTED_EDGE('',*,*,#2233,.F.);
#2966=ORIENTED_EDGE('',*,*,#2234,.F.);
#2967=ORIENTED_EDGE('',*,*,#2235,.F.);
#2968=ORIENTED_EDGE('',*,*,#2234,.T.);
#2969=ORIENTED_EDGE('',*,*,#2236,.F.);
#2970=ORIENTED_EDGE('',*,*,#2237,.F.);
#2971=ORIENTED_EDGE('',*,*,#2238,.F.);
#2972=ORIENTED_EDGE('',*,*,#2237,.T.);
#2973=ORIENTED_EDGE('',*,*,#2239,.F.);
#2974=ORIENTED_EDGE('',*,*,#2240,.F.);
#2975=ORIENTED_EDGE('',*,*,#2241,.F.);
#2976=ORIENTED_EDGE('',*,*,#2240,.T.);
#2977=ORIENTED_EDGE('',*,*,#2242,.F.);
#2978=ORIENTED_EDGE('',*,*,#2232,.F.);
#2979=ORIENTED_EDGE('',*,*,#2243,.T.);
#2980=ORIENTED_EDGE('',*,*,#2244,.F.);
#2981=ORIENTED_EDGE('',*,*,#2245,.F.);
#2982=ORIENTED_EDGE('',*,*,#2230,.F.);
#2983=ORIENTED_EDGE('',*,*,#2246,.F.);
#2984=ORIENTED_EDGE('',*,*,#2162,.T.);
#2985=ORIENTED_EDGE('',*,*,#2247,.T.);
#2986=ORIENTED_EDGE('',*,*,#2248,.T.);
#2987=ORIENTED_EDGE('',*,*,#2249,.F.);
#2988=ORIENTED_EDGE('',*,*,#2250,.T.);
#2989=ORIENTED_EDGE('',*,*,#2251,.F.);
#2990=ORIENTED_EDGE('',*,*,#2252,.T.);
#2991=ORIENTED_EDGE('',*,*,#2150,.T.);
#2992=ORIENTED_EDGE('',*,*,#2253,.F.);
#2993=ORIENTED_EDGE('',*,*,#2254,.T.);
#2994=ORIENTED_EDGE('',*,*,#2255,.F.);
#2995=ORIENTED_EDGE('',*,*,#2248,.F.);
#2996=ORIENTED_EDGE('',*,*,#2256,.F.);
#2997=ORIENTED_EDGE('',*,*,#2257,.F.);
#2998=ORIENTED_EDGE('',*,*,#2256,.T.);
#2999=ORIENTED_EDGE('',*,*,#2247,.F.);
#3000=ORIENTED_EDGE('',*,*,#2161,.F.);
#3001=ORIENTED_EDGE('',*,*,#2258,.T.);
#3002=ORIENTED_EDGE('',*,*,#2259,.T.);
#3003=ORIENTED_EDGE('',*,*,#2260,.F.);
#3004=ORIENTED_EDGE('',*,*,#2250,.F.);
#3005=ORIENTED_EDGE('',*,*,#2261,.F.);
#3006=ORIENTED_EDGE('',*,*,#2159,.T.);
#3007=ORIENTED_EDGE('',*,*,#2262,.F.);
#3008=ORIENTED_EDGE('',*,*,#2157,.T.);
#3009=ORIENTED_EDGE('',*,*,#2151,.T.);
#3010=ORIENTED_EDGE('',*,*,#2252,.F.);
#3011=ORIENTED_EDGE('',*,*,#2158,.T.);
#3012=ORIENTED_EDGE('',*,*,#2262,.T.);
#3013=ORIENTED_EDGE('',*,*,#2251,.T.);
#3014=ORIENTED_EDGE('',*,*,#2260,.T.);
#3015=ORIENTED_EDGE('',*,*,#2263,.F.);
#3016=ORIENTED_EDGE('',*,*,#2254,.F.);
#3017=ORIENTED_EDGE('',*,*,#2264,.F.);
#3018=ORIENTED_EDGE('',*,*,#2155,.T.);
#3019=ORIENTED_EDGE('',*,*,#2265,.T.);
#3020=ORIENTED_EDGE('',*,*,#2266,.T.);
#3021=ORIENTED_EDGE('',*,*,#2255,.T.);
#3022=ORIENTED_EDGE('',*,*,#2263,.T.);
#3023=ORIENTED_EDGE('',*,*,#2163,.T.);
#3024=ORIENTED_EDGE('',*,*,#2246,.T.);
#3025=ORIENTED_EDGE('',*,*,#2267,.F.);
#3026=ORIENTED_EDGE('',*,*,#2259,.F.);
#3027=ORIENTED_EDGE('',*,*,#2268,.T.);
#3028=ORIENTED_EDGE('',*,*,#2267,.T.);
#3029=ORIENTED_EDGE('',*,*,#2268,.F.);
#3030=ORIENTED_EDGE('',*,*,#2269,.F.);
#3031=ORIENTED_EDGE('',*,*,#2258,.F.);
#3032=ORIENTED_EDGE('',*,*,#2270,.T.);
#3033=ORIENTED_EDGE('',*,*,#2269,.T.);
#3034=ORIENTED_EDGE('',*,*,#2270,.F.);
#3035=ORIENTED_EDGE('',*,*,#2154,.F.);
#3036=ORIENTED_EDGE('',*,*,#2271,.T.);
#3037=ORIENTED_EDGE('',*,*,#2266,.F.);
#3038=ORIENTED_EDGE('',*,*,#2271,.F.);
#3039=ORIENTED_EDGE('',*,*,#2153,.F.);
#3040=ORIENTED_EDGE('',*,*,#2272,.T.);
#3041=ORIENTED_EDGE('',*,*,#2265,.F.);
#3042=ORIENTED_EDGE('',*,*,#2272,.F.);
#3043=ORIENTED_EDGE('',*,*,#2245,.T.);
#3044=ORIENTED_EDGE('',*,*,#2273,.F.);
#3045=ORIENTED_EDGE('',*,*,#2195,.F.);
#3046=ORIENTED_EDGE('',*,*,#2202,.T.);
#3047=ORIENTED_EDGE('',*,*,#2203,.T.);
#3048=ORIENTED_EDGE('',*,*,#2199,.T.);
#3049=ORIENTED_EDGE('',*,*,#2185,.T.);
#3050=ORIENTED_EDGE('',*,*,#2189,.T.);
#3051=ORIENTED_EDGE('',*,*,#2192,.T.);
#3052=ORIENTED_EDGE('',*,*,#2206,.T.);
#3053=ORIENTED_EDGE('',*,*,#2209,.T.);
#3054=ORIENTED_EDGE('',*,*,#2179,.T.);
#3055=ORIENTED_EDGE('',*,*,#2166,.T.);
#3056=ORIENTED_EDGE('',*,*,#2170,.T.);
#3057=ORIENTED_EDGE('',*,*,#2173,.T.);
#3058=ORIENTED_EDGE('',*,*,#2176,.T.);
#3059=ORIENTED_EDGE('',*,*,#2220,.T.);
#3060=ORIENTED_EDGE('',*,*,#2222,.F.);
#3061=ORIENTED_EDGE('',*,*,#2226,.T.);
#3062=ORIENTED_EDGE('',*,*,#2228,.F.);
#3063=ORIENTED_EDGE('',*,*,#2242,.T.);
#3064=ORIENTED_EDGE('',*,*,#2239,.T.);
#3065=ORIENTED_EDGE('',*,*,#2236,.T.);
#3066=ORIENTED_EDGE('',*,*,#2233,.T.);
#3067=ORIENTED_EDGE('',*,*,#2216,.T.);
#3068=ORIENTED_EDGE('',*,*,#2213,.T.);
#3069=ORIENTED_EDGE('',*,*,#2210,.T.);
#3070=ORIENTED_EDGE('',*,*,#2180,.T.);
#3071=ORIENTED_EDGE('',*,*,#2274,.T.);
#3072=ORIENTED_EDGE('',*,*,#2275,.T.);
#3073=ORIENTED_EDGE('',*,*,#2243,.F.);
#3074=ORIENTED_EDGE('',*,*,#2229,.F.);
#3075=ORIENTED_EDGE('',*,*,#2227,.T.);
#3076=ORIENTED_EDGE('',*,*,#2223,.F.);
#3077=ORIENTED_EDGE('',*,*,#2221,.F.);
#3078=ORIENTED_EDGE('',*,*,#2174,.F.);
#3079=ORIENTED_EDGE('',*,*,#2171,.T.);
#3080=ORIENTED_EDGE('',*,*,#2168,.F.);
#3081=ORIENTED_EDGE('',*,*,#2164,.T.);
#3082=ORIENTED_EDGE('',*,*,#2178,.T.);
#3083=ORIENTED_EDGE('',*,*,#2208,.T.);
#3084=ORIENTED_EDGE('',*,*,#2207,.F.);
#3085=ORIENTED_EDGE('',*,*,#2190,.T.);
#3086=ORIENTED_EDGE('',*,*,#2187,.F.);
#3087=ORIENTED_EDGE('',*,*,#2183,.T.);
#3088=ORIENTED_EDGE('',*,*,#2198,.T.);
#3089=ORIENTED_EDGE('',*,*,#2204,.T.);
#3090=ORIENTED_EDGE('',*,*,#2200,.F.);
#3091=ORIENTED_EDGE('',*,*,#2193,.T.);
#3092=ORIENTED_EDGE('',*,*,#2033,.T.);
#3093=ORIENTED_EDGE('',*,*,#2182,.T.);
#3094=ORIENTED_EDGE('',*,*,#2212,.T.);
#3095=ORIENTED_EDGE('',*,*,#2215,.T.);
#3096=ORIENTED_EDGE('',*,*,#2218,.T.);
#3097=ORIENTED_EDGE('',*,*,#2241,.T.);
#3098=ORIENTED_EDGE('',*,*,#2231,.T.);
#3099=ORIENTED_EDGE('',*,*,#2235,.T.);
#3100=ORIENTED_EDGE('',*,*,#2238,.T.);
#3101=ORIENTED_EDGE('',*,*,#2276,.T.);
#3102=ORIENTED_EDGE('',*,*,#2025,.F.);
#3103=ORIENTED_EDGE('',*,*,#2055,.T.);
#3104=ORIENTED_EDGE('',*,*,#2046,.F.);
#3105=ORIENTED_EDGE('',*,*,#1900,.T.);
#3106=ORIENTED_EDGE('',*,*,#1912,.F.);
#3107=ORIENTED_EDGE('',*,*,#2031,.F.);
#3108=ORIENTED_EDGE('',*,*,#2028,.F.);
#3109=ORIENTED_EDGE('',*,*,#2277,.T.);
#3110=ORIENTED_EDGE('',*,*,#2008,.F.);
#3111=ORIENTED_EDGE('',*,*,#2030,.T.);
#3112=ORIENTED_EDGE('',*,*,#2278,.F.);
#3113=ORIENTED_EDGE('',*,*,#2279,.T.);
#3114=ORIENTED_EDGE('',*,*,#2280,.T.);
#3115=ORIENTED_EDGE('',*,*,#2096,.F.);
#3116=ORIENTED_EDGE('',*,*,#2105,.T.);
#3117=ORIENTED_EDGE('',*,*,#2106,.F.);
#3118=ORIENTED_EDGE('',*,*,#2102,.F.);
#3119=ORIENTED_EDGE('',*,*,#2086,.F.);
#3120=ORIENTED_EDGE('',*,*,#2090,.T.);
#3121=ORIENTED_EDGE('',*,*,#2093,.F.);
#3122=ORIENTED_EDGE('',*,*,#2109,.T.);
#3123=ORIENTED_EDGE('',*,*,#2112,.F.);
#3124=ORIENTED_EDGE('',*,*,#2082,.F.);
#3125=ORIENTED_EDGE('',*,*,#2067,.F.);
#3126=ORIENTED_EDGE('',*,*,#2071,.T.);
#3127=ORIENTED_EDGE('',*,*,#2074,.F.);
#3128=ORIENTED_EDGE('',*,*,#2079,.T.);
#3129=ORIENTED_EDGE('',*,*,#2123,.T.);
#3130=ORIENTED_EDGE('',*,*,#2127,.T.);
#3131=ORIENTED_EDGE('',*,*,#2129,.F.);
#3132=ORIENTED_EDGE('',*,*,#2133,.T.);
#3133=ORIENTED_EDGE('',*,*,#2148,.T.);
#3134=ORIENTED_EDGE('',*,*,#2281,.T.);
#3135=ORIENTED_EDGE('',*,*,#2085,.F.);
#3136=ORIENTED_EDGE('',*,*,#2115,.F.);
#3137=ORIENTED_EDGE('',*,*,#2118,.F.);
#3138=ORIENTED_EDGE('',*,*,#2121,.F.);
#3139=ORIENTED_EDGE('',*,*,#2144,.F.);
#3140=ORIENTED_EDGE('',*,*,#2141,.F.);
#3141=ORIENTED_EDGE('',*,*,#2138,.F.);
#3142=ORIENTED_EDGE('',*,*,#2134,.F.);
#3143=ORIENTED_EDGE('',*,*,#2146,.F.);
#3144=ORIENTED_EDGE('',*,*,#2131,.T.);
#3145=ORIENTED_EDGE('',*,*,#2130,.F.);
#3146=ORIENTED_EDGE('',*,*,#2125,.T.);
#3147=ORIENTED_EDGE('',*,*,#2124,.F.);
#3148=ORIENTED_EDGE('',*,*,#2077,.F.);
#3149=ORIENTED_EDGE('',*,*,#2075,.F.);
#3150=ORIENTED_EDGE('',*,*,#2072,.F.);
#3151=ORIENTED_EDGE('',*,*,#2069,.F.);
#3152=ORIENTED_EDGE('',*,*,#2081,.F.);
#3153=ORIENTED_EDGE('',*,*,#2111,.F.);
#3154=ORIENTED_EDGE('',*,*,#2110,.F.);
#3155=ORIENTED_EDGE('',*,*,#2094,.F.);
#3156=ORIENTED_EDGE('',*,*,#2091,.F.);
#3157=ORIENTED_EDGE('',*,*,#2088,.F.);
#3158=ORIENTED_EDGE('',*,*,#2101,.F.);
#3159=ORIENTED_EDGE('',*,*,#2107,.F.);
#3160=ORIENTED_EDGE('',*,*,#2103,.F.);
#3161=ORIENTED_EDGE('',*,*,#2098,.T.);
#3162=ORIENTED_EDGE('',*,*,#2282,.T.);
#3163=ORIENTED_EDGE('',*,*,#2083,.F.);
#3164=ORIENTED_EDGE('',*,*,#2113,.F.);
#3165=ORIENTED_EDGE('',*,*,#2116,.F.);
#3166=ORIENTED_EDGE('',*,*,#2119,.F.);
#3167=ORIENTED_EDGE('',*,*,#2145,.F.);
#3168=ORIENTED_EDGE('',*,*,#2136,.F.);
#3169=ORIENTED_EDGE('',*,*,#2140,.F.);
#3170=ORIENTED_EDGE('',*,*,#2143,.F.);
#3171=ORIENTED_EDGE('',*,*,#2283,.T.);
#3172=ORIENTED_EDGE('',*,*,#2049,.F.);
#3173=ORIENTED_EDGE('',*,*,#2056,.F.);
#3174=ORIENTED_EDGE('',*,*,#2022,.F.);
#3175=ORIENTED_EDGE('',*,*,#2061,.T.);
#3176=ORIENTED_EDGE('',*,*,#2064,.T.);
#3177=ORIENTED_EDGE('',*,*,#1982,.T.);
#3178=ORIENTED_EDGE('',*,*,#2284,.F.);
#3179=ORIENTED_EDGE('',*,*,#2285,.F.);
#3180=ORIENTED_EDGE('',*,*,#2018,.F.);
#3181=ORIENTED_EDGE('',*,*,#2286,.T.);
#3182=ORIENTED_EDGE('',*,*,#2287,.F.);
#3183=ORIENTED_EDGE('',*,*,#2288,.F.);
#3184=ORIENTED_EDGE('',*,*,#2281,.F.);
#3185=ORIENTED_EDGE('',*,*,#2289,.T.);
#3186=ORIENTED_EDGE('',*,*,#2290,.T.);
#3187=ORIENTED_EDGE('',*,*,#2291,.T.);
#3188=ORIENTED_EDGE('',*,*,#2292,.T.);
#3189=ORIENTED_EDGE('',*,*,#2293,.T.);
#3190=ORIENTED_EDGE('',*,*,#2014,.F.);
#3191=ORIENTED_EDGE('',*,*,#2053,.T.);
#3192=ORIENTED_EDGE('',*,*,#2051,.F.);
#3193=ORIENTED_EDGE('',*,*,#2063,.T.);
#3194=ORIENTED_EDGE('',*,*,#2066,.T.);
#3195=ORIENTED_EDGE('',*,*,#1950,.T.);
#3196=ORIENTED_EDGE('',*,*,#2294,.F.);
#3197=ORIENTED_EDGE('',*,*,#2286,.F.);
#3198=ORIENTED_EDGE('',*,*,#2017,.F.);
#3199=ORIENTED_EDGE('',*,*,#2295,.T.);
#3200=ORIENTED_EDGE('',*,*,#2019,.F.);
#3201=ORIENTED_EDGE('',*,*,#2285,.T.);
#3202=ORIENTED_EDGE('',*,*,#2296,.F.);
#3203=ORIENTED_EDGE('',*,*,#2196,.T.);
#3204=ORIENTED_EDGE('',*,*,#2273,.T.);
#3205=ORIENTED_EDGE('',*,*,#2244,.T.);
#3206=ORIENTED_EDGE('',*,*,#2275,.F.);
#3207=ORIENTED_EDGE('',*,*,#2297,.T.);
#3208=ORIENTED_EDGE('',*,*,#2026,.F.);
#3209=ORIENTED_EDGE('',*,*,#2276,.F.);
#3210=ORIENTED_EDGE('',*,*,#2045,.T.);
#3211=ORIENTED_EDGE('',*,*,#2038,.F.);
#3212=ORIENTED_EDGE('',*,*,#2010,.F.);
#3213=ORIENTED_EDGE('',*,*,#1944,.T.);
#3214=ORIENTED_EDGE('',*,*,#2257,.T.);
#3215=ORIENTED_EDGE('',*,*,#2160,.T.);
#3216=ORIENTED_EDGE('',*,*,#2261,.T.);
#3217=ORIENTED_EDGE('',*,*,#2249,.T.);
#3218=ORIENTED_EDGE('',*,*,#2147,.T.);
#3219=ORIENTED_EDGE('',*,*,#2282,.F.);
#3220=ORIENTED_EDGE('',*,*,#2097,.F.);
#3221=ORIENTED_EDGE('',*,*,#2280,.F.);
#3222=ORIENTED_EDGE('',*,*,#2298,.T.);
#3223=ORIENTED_EDGE('',*,*,#2015,.F.);
#3224=ORIENTED_EDGE('',*,*,#2293,.F.);
#3225=ORIENTED_EDGE('',*,*,#2050,.T.);
#3226=ORIENTED_EDGE('',*,*,#2283,.F.);
#3227=ORIENTED_EDGE('',*,*,#2021,.F.);
#3228=ORIENTED_EDGE('',*,*,#1984,.F.);
#3229=ORIENTED_EDGE('',*,*,#2264,.T.);
#3230=ORIENTED_EDGE('',*,*,#2253,.T.);
#3231=ORIENTED_EDGE('',*,*,#2149,.T.);
#3232=ORIENTED_EDGE('',*,*,#2156,.T.);
#3233=ORIENTED_EDGE('',*,*,#1965,.T.);
#3234=ORIENTED_EDGE('',*,*,#1902,.T.);
#3235=ORIENTED_EDGE('',*,*,#2027,.T.);
#3236=ORIENTED_EDGE('',*,*,#2297,.F.);
#3237=ORIENTED_EDGE('',*,*,#2274,.F.);
#3238=ORIENTED_EDGE('',*,*,#2032,.T.);
#3239=ORIENTED_EDGE('',*,*,#1910,.F.);
#3240=ORIENTED_EDGE('',*,*,#1916,.T.);
#3241=ORIENTED_EDGE('',*,*,#1892,.T.);
#3242=ORIENTED_EDGE('',*,*,#1976,.T.);
#3243=ORIENTED_EDGE('',*,*,#2001,.F.);
#3244=ORIENTED_EDGE('',*,*,#1906,.F.);
#3245=ORIENTED_EDGE('',*,*,#1997,.F.);
#3246=ORIENTED_EDGE('',*,*,#2299,.F.);
#3247=ORIENTED_EDGE('',*,*,#2296,.T.);
#3248=ORIENTED_EDGE('',*,*,#2284,.T.);
#3249=ORIENTED_EDGE('',*,*,#1981,.T.);
#3250=ORIENTED_EDGE('',*,*,#1989,.F.);
#3251=ORIENTED_EDGE('',*,*,#2000,.T.);
#3252=ORIENTED_EDGE('',*,*,#2300,.T.);
#3253=ORIENTED_EDGE('',*,*,#1963,.T.);
#3254=ORIENTED_EDGE('',*,*,#1986,.F.);
#3255=ORIENTED_EDGE('',*,*,#2020,.F.);
#3256=ORIENTED_EDGE('',*,*,#2295,.F.);
#3257=ORIENTED_EDGE('',*,*,#2299,.T.);
#3258=ORIENTED_EDGE('',*,*,#1996,.T.);
#3259=ORIENTED_EDGE('',*,*,#2006,.T.);
#3260=ORIENTED_EDGE('',*,*,#1972,.T.);
#3261=ORIENTED_EDGE('',*,*,#1978,.T.);
#3262=ORIENTED_EDGE('',*,*,#1979,.T.);
#3263=ORIENTED_EDGE('',*,*,#2301,.F.);
#3264=ORIENTED_EDGE('',*,*,#2037,.F.);
#3265=ORIENTED_EDGE('',*,*,#2302,.T.);
#3266=ORIENTED_EDGE('',*,*,#2301,.T.);
#3267=ORIENTED_EDGE('',*,*,#2302,.F.);
#3268=ORIENTED_EDGE('',*,*,#2036,.F.);
#3269=ORIENTED_EDGE('',*,*,#2303,.T.);
#3270=ORIENTED_EDGE('',*,*,#2304,.F.);
#3271=ORIENTED_EDGE('',*,*,#2303,.F.);
#3272=ORIENTED_EDGE('',*,*,#2305,.T.);
#3273=ORIENTED_EDGE('',*,*,#2306,.T.);
#3274=ORIENTED_EDGE('',*,*,#2307,.T.);
#3275=ORIENTED_EDGE('',*,*,#2308,.F.);
#3276=ORIENTED_EDGE('',*,*,#2035,.F.);
#3277=ORIENTED_EDGE('',*,*,#2309,.T.);
#3278=ORIENTED_EDGE('',*,*,#2308,.T.);
#3279=ORIENTED_EDGE('',*,*,#2309,.F.);
#3280=ORIENTED_EDGE('',*,*,#2034,.F.);
#3281=ORIENTED_EDGE('',*,*,#2310,.T.);
#3282=ORIENTED_EDGE('',*,*,#1908,.F.);
#3283=ORIENTED_EDGE('',*,*,#2310,.F.);
#3284=ORIENTED_EDGE('',*,*,#2311,.F.);
#3285=ORIENTED_EDGE('',*,*,#2300,.F.);
#3286=ORIENTED_EDGE('',*,*,#2312,.T.);
#3287=ORIENTED_EDGE('',*,*,#2311,.T.);
#3288=ORIENTED_EDGE('',*,*,#2312,.F.);
#3289=ORIENTED_EDGE('',*,*,#2313,.T.);
#3290=ORIENTED_EDGE('',*,*,#2314,.F.);
#3291=ORIENTED_EDGE('',*,*,#1915,.F.);
#3292=ORIENTED_EDGE('',*,*,#2315,.T.);
#3293=ORIENTED_EDGE('',*,*,#2314,.T.);
#3294=ORIENTED_EDGE('',*,*,#2315,.F.);
#3295=ORIENTED_EDGE('',*,*,#2316,.F.);
#3296=ORIENTED_EDGE('',*,*,#2317,.F.);
#3297=ORIENTED_EDGE('',*,*,#2318,.T.);
#3298=ORIENTED_EDGE('',*,*,#2316,.T.);
#3299=ORIENTED_EDGE('',*,*,#2318,.F.);
#3300=ORIENTED_EDGE('',*,*,#2319,.F.);
#3301=ORIENTED_EDGE('',*,*,#2320,.F.);
#3302=ORIENTED_EDGE('',*,*,#2321,.T.);
#3303=ORIENTED_EDGE('',*,*,#2305,.F.);
#3304=ORIENTED_EDGE('',*,*,#2307,.F.);
#3305=ORIENTED_EDGE('',*,*,#2322,.T.);
#3306=ORIENTED_EDGE('',*,*,#2319,.T.);
#3307=ORIENTED_EDGE('',*,*,#2322,.F.);
#3308=ORIENTED_EDGE('',*,*,#2306,.F.);
#3309=ORIENTED_EDGE('',*,*,#2321,.F.);
#3310=ORIENTED_EDGE('',*,*,#2323,.F.);
#3311=ORIENTED_EDGE('',*,*,#2292,.F.);
#3312=ORIENTED_EDGE('',*,*,#2324,.T.);
#3313=ORIENTED_EDGE('',*,*,#2323,.T.);
#3314=ORIENTED_EDGE('',*,*,#2324,.F.);
#3315=ORIENTED_EDGE('',*,*,#2325,.F.);
#3316=ORIENTED_EDGE('',*,*,#2291,.F.);
#3317=ORIENTED_EDGE('',*,*,#2326,.T.);
#3318=ORIENTED_EDGE('',*,*,#2325,.T.);
#3319=ORIENTED_EDGE('',*,*,#2326,.F.);
#3320=ORIENTED_EDGE('',*,*,#2313,.F.);
#3321=ORIENTED_EDGE('',*,*,#2327,.F.);
#3322=ORIENTED_EDGE('',*,*,#2290,.F.);
#3323=ORIENTED_EDGE('',*,*,#2328,.T.);
#3324=ORIENTED_EDGE('',*,*,#2327,.T.);
#3325=ORIENTED_EDGE('',*,*,#2328,.F.);
#3326=ORIENTED_EDGE('',*,*,#2329,.F.);
#3327=ORIENTED_EDGE('',*,*,#2289,.F.);
#3328=ORIENTED_EDGE('',*,*,#2330,.T.);
#3329=ORIENTED_EDGE('',*,*,#2329,.T.);
#3330=ORIENTED_EDGE('',*,*,#2330,.F.);
#3331=ORIENTED_EDGE('',*,*,#2331,.T.);
#3332=ORIENTED_EDGE('',*,*,#1960,.T.);
#3333=ORIENTED_EDGE('',*,*,#1952,.T.);
#3334=ORIENTED_EDGE('',*,*,#2016,.T.);
#3335=ORIENTED_EDGE('',*,*,#2298,.F.);
#3336=ORIENTED_EDGE('',*,*,#2279,.F.);
#3337=ORIENTED_EDGE('',*,*,#2288,.T.);
#3338=ORIENTED_EDGE('',*,*,#2332,.F.);
#3339=ORIENTED_EDGE('',*,*,#2333,.T.);
#3340=ORIENTED_EDGE('',*,*,#1993,.T.);
#3341=ORIENTED_EDGE('',*,*,#2005,.F.);
#3342=ORIENTED_EDGE('',*,*,#1931,.F.);
#3343=ORIENTED_EDGE('',*,*,#1920,.F.);
#3344=ORIENTED_EDGE('',*,*,#1946,.F.);
#3345=ORIENTED_EDGE('',*,*,#2009,.F.);
#3346=ORIENTED_EDGE('',*,*,#2277,.F.);
#3347=ORIENTED_EDGE('',*,*,#2334,.T.);
#3348=ORIENTED_EDGE('',*,*,#2304,.T.);
#3349=ORIENTED_EDGE('',*,*,#1941,.T.);
#3350=ORIENTED_EDGE('',*,*,#2002,.T.);
#3351=ORIENTED_EDGE('',*,*,#2335,.T.);
#3352=ORIENTED_EDGE('',*,*,#2334,.F.);
#3353=ORIENTED_EDGE('',*,*,#2278,.T.);
#3354=ORIENTED_EDGE('',*,*,#2029,.T.);
#3355=ORIENTED_EDGE('',*,*,#2320,.T.);
#3356=ORIENTED_EDGE('',*,*,#1933,.T.);
#3357=ORIENTED_EDGE('',*,*,#1961,.F.);
#3358=ORIENTED_EDGE('',*,*,#2331,.F.);
#3359=ORIENTED_EDGE('',*,*,#2336,.T.);
#3360=ORIENTED_EDGE('',*,*,#1990,.F.);
#3361=ORIENTED_EDGE('',*,*,#1954,.F.);
#3362=ORIENTED_EDGE('',*,*,#2336,.F.);
#3363=ORIENTED_EDGE('',*,*,#2332,.T.);
#3364=ORIENTED_EDGE('',*,*,#2287,.T.);
#3365=ORIENTED_EDGE('',*,*,#2294,.T.);
#3366=ORIENTED_EDGE('',*,*,#1949,.T.);
#3367=ORIENTED_EDGE('',*,*,#1994,.T.);
#3368=ORIENTED_EDGE('',*,*,#2333,.F.);
#3369=ORIENTED_EDGE('',*,*,#2335,.F.);
#3370=ORIENTED_EDGE('',*,*,#2004,.T.);
#3371=ORIENTED_EDGE('',*,*,#1991,.F.);
#3372=ORIENTED_EDGE('',*,*,#2317,.T.);
#3373=PLANE('',#3710);
#3374=PLANE('',#3711);
#3375=PLANE('',#3713);
#3376=PLANE('',#3714);
#3377=PLANE('',#3715);
#3378=PLANE('',#3716);
#3379=PLANE('',#3717);
#3380=PLANE('',#3718);
#3381=PLANE('',#3719);
#3382=PLANE('',#3720);
#3383=PLANE('',#3721);
#3384=PLANE('',#3723);
#3385=PLANE('',#3724);
#3386=PLANE('',#3725);
#3387=PLANE('',#3726);
#3388=PLANE('',#3727);
#3389=PLANE('',#3728);
#3390=PLANE('',#3730);
#3391=PLANE('',#3731);
#3392=PLANE('',#3732);
#3393=PLANE('',#3733);
#3394=PLANE('',#3734);
#3395=PLANE('',#3735);
#3396=PLANE('',#3736);
#3397=PLANE('',#3738);
#3398=PLANE('',#3740);
#3399=PLANE('',#3741);
#3400=PLANE('',#3742);
#3401=PLANE('',#3743);
#3402=PLANE('',#3744);
#3403=PLANE('',#3745);
#3404=PLANE('',#3746);
#3405=PLANE('',#3747);
#3406=PLANE('',#3748);
#3407=PLANE('',#3749);
#3408=PLANE('',#3750);
#3409=PLANE('',#3751);
#3410=PLANE('',#3752);
#3411=PLANE('',#3753);
#3412=PLANE('',#3754);
#3413=PLANE('',#3755);
#3414=PLANE('',#3756);
#3415=PLANE('',#3757);
#3416=PLANE('',#3758);
#3417=PLANE('',#3759);
#3418=PLANE('',#3760);
#3419=PLANE('',#3761);
#3420=PLANE('',#3762);
#3421=PLANE('',#3763);
#3422=PLANE('',#3764);
#3423=PLANE('',#3765);
#3424=PLANE('',#3766);
#3425=PLANE('',#3767);
#3426=PLANE('',#3768);
#3427=PLANE('',#3769);
#3428=PLANE('',#3774);
#3429=PLANE('',#3777);
#3430=PLANE('',#3778);
#3431=PLANE('',#3779);
#3432=PLANE('',#3780);
#3433=PLANE('',#3781);
#3434=PLANE('',#3782);
#3435=PLANE('',#3785);
#3436=PLANE('',#3797);
#3437=PLANE('',#3801);
#3438=PLANE('',#3802);
#3439=PLANE('',#3809);
#3440=PLANE('',#3813);
#3441=PLANE('',#3814);
#3442=PLANE('',#3815);
#3443=PLANE('',#3816);
#3444=PLANE('',#3817);
#3445=PLANE('',#3818);
#3446=PLANE('',#3828);
#3447=PLANE('',#3832);
#3448=PLANE('',#3836);
#3449=PLANE('',#3837);
#3450=PLANE('',#3838);
#3451=PLANE('',#3839);
#3452=PLANE('',#3840);
#3453=PLANE('',#3841);
#3454=PLANE('',#3844);
#3455=PLANE('',#3848);
#3456=PLANE('',#3852);
#3457=PLANE('',#3853);
#3458=PLANE('',#3860);
#3459=PLANE('',#3864);
#3460=PLANE('',#3865);
#3461=PLANE('',#3866);
#3462=PLANE('',#3867);
#3463=PLANE('',#3868);
#3464=PLANE('',#3869);
#3465=PLANE('',#3879);
#3466=PLANE('',#3883);
#3467=PLANE('',#3887);
#3468=PLANE('',#3888);
#3469=PLANE('',#3889);
#3470=PLANE('',#3890);
#3471=PLANE('',#3891);
#3472=PLANE('',#3892);
#3473=PLANE('',#3893);
#3474=PLANE('',#3894);
#3475=PLANE('',#3897);
#3476=PLANE('',#3898);
#3477=PLANE('',#3899);
#3478=PLANE('',#3900);
#3479=PLANE('',#3903);
#3480=PLANE('',#3904);
#3481=PLANE('',#3907);
#3482=PLANE('',#3912);
#3483=PLANE('',#3913);
#3484=PLANE('',#3914);
#3485=PLANE('',#3915);
#3486=PLANE('',#3916);
#3487=PLANE('',#3917);
#3488=PLANE('',#3918);
#3489=PLANE('',#3919);
#3490=PLANE('',#3920);
#3491=PLANE('',#3925);
#3492=PLANE('',#3926);
#3493=PLANE('',#3927);
#3494=PLANE('',#3928);
#3495=PLANE('',#3929);
#3496=PLANE('',#3930);
#3497=PLANE('',#3931);
#3498=PLANE('',#3933);
#3499=PLANE('',#3934);
#3500=PLANE('',#3939);
#3501=PLANE('',#3943);
#3502=PLANE('',#3946);
#3503=PLANE('',#3949);
#3504=PLANE('',#3953);
#3505=PLANE('',#3957);
#3506=PLANE('',#3960);
#3507=PLANE('',#3963);
#3508=PLANE('',#3966);
#3509=PLANE('',#3969);
#3510=PLANE('',#3970);
#3511=PLANE('',#3971);
#3512=PLANE('',#3972);
#3513=PLANE('',#3973);
#3514=ADVANCED_FACE('',(#195),#3373,.T.);
#3515=ADVANCED_FACE('',(#196,#60),#3374,.T.);
#3516=ADVANCED_FACE('',(#197),#3375,.T.);
#3517=ADVANCED_FACE('',(#198),#3376,.T.);
#3518=ADVANCED_FACE('',(#199),#3377,.T.);
#3519=ADVANCED_FACE('',(#200),#3378,.F.);
#3520=ADVANCED_FACE('',(#201),#3379,.F.);
#3521=ADVANCED_FACE('',(#202),#3380,.T.);
#3522=ADVANCED_FACE('',(#203),#3381,.T.);
#3523=ADVANCED_FACE('',(#204),#3382,.T.);
#3524=ADVANCED_FACE('',(#205,#61),#3383,.F.);
#3525=ADVANCED_FACE('',(#206),#3384,.T.);
#3526=ADVANCED_FACE('',(#207),#3385,.T.);
#3527=ADVANCED_FACE('',(#208),#3386,.T.);
#3528=ADVANCED_FACE('',(#209),#3387,.T.);
#3529=ADVANCED_FACE('',(#210),#3388,.T.);
#3530=ADVANCED_FACE('',(#211),#3389,.T.);
#3531=ADVANCED_FACE('',(#212),#19,.F.);
#3532=ADVANCED_FACE('',(#213),#3390,.T.);
#3533=ADVANCED_FACE('',(#214),#3391,.F.);
#3534=ADVANCED_FACE('',(#215),#3392,.T.);
#3535=ADVANCED_FACE('',(#216),#3393,.T.);
#3536=ADVANCED_FACE('',(#217),#3394,.F.);
#3537=ADVANCED_FACE('',(#218),#3395,.F.);
#3538=ADVANCED_FACE('',(#219,#62),#3396,.F.);
#3539=ADVANCED_FACE('',(#220,#63),#3397,.T.);
#3540=ADVANCED_FACE('',(#221),#3398,.F.);
#3541=ADVANCED_FACE('',(#222),#3399,.F.);
#3542=ADVANCED_FACE('',(#223),#3400,.F.);
#3543=ADVANCED_FACE('',(#224),#3401,.T.);
#3544=ADVANCED_FACE('',(#225),#3402,.T.);
#3545=ADVANCED_FACE('',(#226),#3403,.T.);
#3546=ADVANCED_FACE('',(#227),#3404,.F.);
#3547=ADVANCED_FACE('',(#228),#3405,.T.);
#3548=ADVANCED_FACE('',(#229),#3406,.T.);
#3549=ADVANCED_FACE('',(#230),#3407,.F.);
#3550=ADVANCED_FACE('',(#231),#3408,.T.);
#3551=ADVANCED_FACE('',(#232),#3409,.T.);
#3552=ADVANCED_FACE('',(#233),#3410,.F.);
#3553=ADVANCED_FACE('',(#234),#3411,.F.);
#3554=ADVANCED_FACE('',(#235),#3412,.F.);
#3555=ADVANCED_FACE('',(#236),#3413,.T.);
#3556=ADVANCED_FACE('',(#237),#3414,.F.);
#3557=ADVANCED_FACE('',(#238),#3415,.T.);
#3558=ADVANCED_FACE('',(#239),#3416,.T.);
#3559=ADVANCED_FACE('',(#240),#3417,.T.);
#3560=ADVANCED_FACE('',(#241),#3418,.T.);
#3561=ADVANCED_FACE('',(#242),#3419,.T.);
#3562=ADVANCED_FACE('',(#243),#3420,.T.);
#3563=ADVANCED_FACE('',(#244),#3421,.T.);
#3564=ADVANCED_FACE('',(#245),#3422,.T.);
#3565=ADVANCED_FACE('',(#246),#3423,.F.);
#3566=ADVANCED_FACE('',(#247),#3424,.F.);
#3567=ADVANCED_FACE('',(#248),#3425,.T.);
#3568=ADVANCED_FACE('',(#249),#3426,.T.);
#3569=ADVANCED_FACE('',(#250,#64,#65,#66,#67),#3427,.T.);
#3570=ADVANCED_FACE('',(#251,#68,#69),#3428,.T.);
#3571=ADVANCED_FACE('',(#252),#3429,.T.);
#3572=ADVANCED_FACE('',(#253),#3430,.T.);
#3573=ADVANCED_FACE('',(#254),#3431,.T.);
#3574=ADVANCED_FACE('',(#255),#3432,.T.);
#3575=ADVANCED_FACE('',(#256),#3433,.T.);
#3576=ADVANCED_FACE('',(#257),#3434,.T.);
#3577=ADVANCED_FACE('',(#258),#20,.F.);
#3578=ADVANCED_FACE('',(#259),#3435,.T.);
#3579=ADVANCED_FACE('',(#260),#21,.F.);
#3580=ADVANCED_FACE('',(#261),#22,.F.);
#3581=ADVANCED_FACE('',(#262),#23,.F.);
#3582=ADVANCED_FACE('',(#263),#24,.F.);
#3583=ADVANCED_FACE('',(#264),#3436,.F.);
#3584=ADVANCED_FACE('',(#265),#25,.F.);
#3585=ADVANCED_FACE('',(#266),#3437,.F.);
#3586=ADVANCED_FACE('',(#267),#3438,.F.);
#3587=ADVANCED_FACE('',(#268),#26,.F.);
#3588=ADVANCED_FACE('',(#269),#27,.F.);
#3589=ADVANCED_FACE('',(#270),#3439,.F.);
#3590=ADVANCED_FACE('',(#271),#28,.F.);
#3591=ADVANCED_FACE('',(#272),#3440,.F.);
#3592=ADVANCED_FACE('',(#273),#3441,.F.);
#3593=ADVANCED_FACE('',(#274),#3442,.F.);
#3594=ADVANCED_FACE('',(#275),#3443,.F.);
#3595=ADVANCED_FACE('',(#276),#3444,.F.);
#3596=ADVANCED_FACE('',(#277),#3445,.F.);
#3597=ADVANCED_FACE('',(#278),#29,.F.);
#3598=ADVANCED_FACE('',(#279),#30,.F.);
#3599=ADVANCED_FACE('',(#280),#31,.F.);
#3600=ADVANCED_FACE('',(#281),#3446,.F.);
#3601=ADVANCED_FACE('',(#282),#32,.T.);
#3602=ADVANCED_FACE('',(#283),#3447,.F.);
#3603=ADVANCED_FACE('',(#284),#33,.T.);
#3604=ADVANCED_FACE('',(#285),#3448,.T.);
#3605=ADVANCED_FACE('',(#286),#3449,.T.);
#3606=ADVANCED_FACE('',(#287),#3450,.T.);
#3607=ADVANCED_FACE('',(#288),#3451,.T.);
#3608=ADVANCED_FACE('',(#289),#3452,.F.);
#3609=ADVANCED_FACE('',(#290,#70,#71),#3453,.T.);
#3610=ADVANCED_FACE('',(#291),#3454,.T.);
#3611=ADVANCED_FACE('',(#292),#34,.F.);
#3612=ADVANCED_FACE('',(#293),#3455,.T.);
#3613=ADVANCED_FACE('',(#294),#35,.F.);
#3614=ADVANCED_FACE('',(#295),#3456,.T.);
#3615=ADVANCED_FACE('',(#296),#3457,.T.);
#3616=ADVANCED_FACE('',(#297),#36,.F.);
#3617=ADVANCED_FACE('',(#298),#37,.F.);
#3618=ADVANCED_FACE('',(#299),#3458,.T.);
#3619=ADVANCED_FACE('',(#300),#38,.F.);
#3620=ADVANCED_FACE('',(#301),#3459,.T.);
#3621=ADVANCED_FACE('',(#302),#3460,.T.);
#3622=ADVANCED_FACE('',(#303),#3461,.T.);
#3623=ADVANCED_FACE('',(#304),#3462,.T.);
#3624=ADVANCED_FACE('',(#305),#3463,.T.);
#3625=ADVANCED_FACE('',(#306),#3464,.T.);
#3626=ADVANCED_FACE('',(#307),#39,.F.);
#3627=ADVANCED_FACE('',(#308),#40,.F.);
#3628=ADVANCED_FACE('',(#309),#41,.F.);
#3629=ADVANCED_FACE('',(#310),#3465,.T.);
#3630=ADVANCED_FACE('',(#311),#42,.T.);
#3631=ADVANCED_FACE('',(#312),#3466,.T.);
#3632=ADVANCED_FACE('',(#313),#43,.T.);
#3633=ADVANCED_FACE('',(#314),#3467,.F.);
#3634=ADVANCED_FACE('',(#315),#3468,.F.);
#3635=ADVANCED_FACE('',(#316),#3469,.F.);
#3636=ADVANCED_FACE('',(#317),#3470,.F.);
#3637=ADVANCED_FACE('',(#318),#3471,.T.);
#3638=ADVANCED_FACE('',(#319),#3472,.T.);
#3639=ADVANCED_FACE('',(#320),#3473,.T.);
#3640=ADVANCED_FACE('',(#321,#72,#73),#3474,.T.);
#3641=ADVANCED_FACE('',(#322),#3475,.T.);
#3642=ADVANCED_FACE('',(#323),#3476,.T.);
#3643=ADVANCED_FACE('',(#324),#3477,.T.);
#3644=ADVANCED_FACE('',(#325,#74,#75),#3478,.T.);
#3645=ADVANCED_FACE('',(#326),#3479,.T.);
#3646=ADVANCED_FACE('',(#327),#3480,.T.);
#3647=ADVANCED_FACE('',(#328),#44,.F.);
#3648=ADVANCED_FACE('',(#329),#3481,.T.);
#3649=ADVANCED_FACE('',(#330),#45,.F.);
#3650=ADVANCED_FACE('',(#331),#46,.F.);
#3651=ADVANCED_FACE('',(#332),#47,.F.);
#3652=ADVANCED_FACE('',(#333,#76,#77,#78,#79,#80),#3482,.T.);
#3653=ADVANCED_FACE('',(#334,#81,#82,#83,#84,#85),#3483,.F.);
#3654=ADVANCED_FACE('',(#335),#3484,.T.);
#3655=ADVANCED_FACE('',(#336),#3485,.T.);
#3656=ADVANCED_FACE('',(#337),#3486,.T.);
#3657=ADVANCED_FACE('',(#338,#86,#87,#88,#89,#90),#3487,.T.);
#3658=ADVANCED_FACE('',(#339,#91,#92,#93,#94,#95),#3488,.F.);
#3659=ADVANCED_FACE('',(#340,#96,#97),#3489,.T.);
#3660=ADVANCED_FACE('',(#341,#98,#99,#100,#101),#3490,.T.);
#3661=ADVANCED_FACE('',(#342,#102,#103),#3491,.T.);
#3662=ADVANCED_FACE('',(#343),#3492,.T.);
#3663=ADVANCED_FACE('',(#344),#3493,.T.);
#3664=ADVANCED_FACE('',(#345,#104),#3494,.T.);
#3665=ADVANCED_FACE('',(#346,#105),#3495,.F.);
#3666=ADVANCED_FACE('',(#347),#3496,.T.);
#3667=ADVANCED_FACE('',(#348,#106),#3497,.T.);
#3668=ADVANCED_FACE('',(#349),#3498,.F.);
#3669=ADVANCED_FACE('',(#350),#3499,.T.);
#3670=ADVANCED_FACE('',(#351),#48,.F.);
#3671=ADVANCED_FACE('',(#352,#107),#49,.F.);
#3672=ADVANCED_FACE('',(#353),#3500,.T.);
#3673=ADVANCED_FACE('',(#354),#50,.F.);
#3674=ADVANCED_FACE('',(#355),#51,.F.);
#3675=ADVANCED_FACE('',(#356),#3501,.T.);
#3676=ADVANCED_FACE('',(#357,#108),#52,.F.);
#3677=ADVANCED_FACE('',(#358),#3502,.T.);
#3678=ADVANCED_FACE('',(#359),#53,.F.);
#3679=ADVANCED_FACE('',(#360),#3503,.T.);
#3680=ADVANCED_FACE('',(#361),#54,.F.);
#3681=ADVANCED_FACE('',(#362),#3504,.T.);
#3682=ADVANCED_FACE('',(#363),#55,.F.);
#3683=ADVANCED_FACE('',(#364),#3505,.T.);
#3684=ADVANCED_FACE('',(#365),#56,.F.);
#3685=ADVANCED_FACE('',(#366),#3506,.T.);
#3686=ADVANCED_FACE('',(#367,#109),#57,.F.);
#3687=ADVANCED_FACE('',(#368),#3507,.T.);
#3688=ADVANCED_FACE('',(#369),#58,.F.);
#3689=ADVANCED_FACE('',(#370),#3508,.T.);
#3690=ADVANCED_FACE('',(#371),#59,.F.);
#3691=ADVANCED_FACE('',(#372),#3509,.T.);
#3692=ADVANCED_FACE('',(#373,#110),#3510,.F.);
#3693=ADVANCED_FACE('',(#374,#111),#3511,.T.);
#3694=ADVANCED_FACE('',(#375),#3512,.T.);
#3695=ADVANCED_FACE('',(#376,#112),#3513,.T.);
#3696=CLOSED_SHELL('',(#3514,#3515,#3516,#3517,#3518,#3519,#3520,#3521,
#3522,#3523,#3524,#3525,#3526,#3527,#3528,#3529,#3530,#3531,#3532,#3533,
#3534,#3535,#3536,#3537,#3538,#3539,#3540,#3541,#3542,#3543,#3544,#3545,
#3546,#3547,#3548,#3549,#3550,#3551,#3552,#3553,#3554,#3555,#3556,#3557,
#3558,#3559,#3560,#3561,#3562,#3563,#3564,#3565,#3566,#3567,#3568,#3569,
#3570,#3571,#3572,#3573,#3574,#3575,#3576,#3577,#3578,#3579,#3580,#3581,
#3582,#3583,#3584,#3585,#3586,#3587,#3588,#3589,#3590,#3591,#3592,#3593,
#3594,#3595,#3596,#3597,#3598,#3599,#3600,#3601,#3602,#3603,#3604,#3605,
#3606,#3607,#3608,#3609,#3610,#3611,#3612,#3613,#3614,#3615,#3616,#3617,
#3618,#3619,#3620,#3621,#3622,#3623,#3624,#3625,#3626,#3627,#3628,#3629,
#3630,#3631,#3632,#3633,#3634,#3635,#3636,#3637,#3638,#3639,#3640,#3641,
#3642,#3643,#3644,#3645,#3646,#3647,#3648,#3649,#3650,#3651,#3652,#3653,
#3654,#3655,#3656,#3657,#3658,#3659,#3660,#3661,#3662,#3663,#3664,#3665,
#3666,#3667,#3668,#3669,#3670,#3671,#3672,#3673,#3674,#3675,#3676,#3677,
#3678,#3679,#3680,#3681,#3682,#3683,#3684,#3685,#3686,#3687,#3688,#3689,
#3690,#3691,#3692,#3693,#3694,#3695));
#3697=DERIVED_UNIT_ELEMENT(#3699,1.);
#3698=DERIVED_UNIT_ELEMENT(#6101,-3.);
#3699=(
MASS_UNIT()
NAMED_UNIT(*)
SI_UNIT(.KILO.,.GRAM.)
);
#3700=DERIVED_UNIT((#3697,#3698));
#3701=MEASURE_REPRESENTATION_ITEM('density measure',
POSITIVE_RATIO_MEASURE(7850.),#3700);
#3702=PROPERTY_DEFINITION_REPRESENTATION(#3707,#3704);
#3703=PROPERTY_DEFINITION_REPRESENTATION(#3708,#3705);
#3704=REPRESENTATION('material name',(#3706),#6098);
#3705=REPRESENTATION('density',(#3701),#6098);
#3706=DESCRIPTIVE_REPRESENTATION_ITEM('Steel','Steel');
#3707=PROPERTY_DEFINITION('material property','material name',#6108);
#3708=PROPERTY_DEFINITION('material property','density of part',#6108);
#3709=AXIS2_PLACEMENT_3D('',#4936,#3974,#3975);
#3710=AXIS2_PLACEMENT_3D('',#4937,#3976,#3977);
#3711=AXIS2_PLACEMENT_3D('',#4960,#3989,#3990);
#3712=AXIS2_PLACEMENT_3D('',#4971,#3996,#3997);
#3713=AXIS2_PLACEMENT_3D('',#4972,#3998,#3999);
#3714=AXIS2_PLACEMENT_3D('',#4978,#4003,#4004);
#3715=AXIS2_PLACEMENT_3D('',#4991,#4011,#4012);
#3716=AXIS2_PLACEMENT_3D('',#4995,#4015,#4016);
#3717=AXIS2_PLACEMENT_3D('',#5003,#4021,#4022);
#3718=AXIS2_PLACEMENT_3D('',#5014,#4028,#4029);
#3719=AXIS2_PLACEMENT_3D('',#5023,#4035,#4036);
#3720=AXIS2_PLACEMENT_3D('',#5031,#4041,#4042);
#3721=AXIS2_PLACEMENT_3D('',#5035,#4045,#4046);
#3722=AXIS2_PLACEMENT_3D('',#5041,#4050,#4051);
#3723=AXIS2_PLACEMENT_3D('',#5042,#4052,#4053);
#3724=AXIS2_PLACEMENT_3D('',#5046,#4056,#4057);
#3725=AXIS2_PLACEMENT_3D('',#5048,#4059,#4060);
#3726=AXIS2_PLACEMENT_3D('',#5054,#4065,#4066);
#3727=AXIS2_PLACEMENT_3D('',#5055,#4067,#4068);
#3728=AXIS2_PLACEMENT_3D('',#5057,#4070,#4071);
#3729=AXIS2_PLACEMENT_3D('',#5058,#4072,#4073);
#3730=AXIS2_PLACEMENT_3D('',#5060,#4075,#4076);
#3731=AXIS2_PLACEMENT_3D('',#5066,#4080,#4081);
#3732=AXIS2_PLACEMENT_3D('',#5070,#4084,#4085);
#3733=AXIS2_PLACEMENT_3D('',#5076,#4089,#4090);
#3734=AXIS2_PLACEMENT_3D('',#5078,#4092,#4093);
#3735=AXIS2_PLACEMENT_3D('',#5088,#4099,#4100);
#3736=AXIS2_PLACEMENT_3D('',#5098,#4106,#4107);
#3737=AXIS2_PLACEMENT_3D('',#5117,#4117,#4118);
#3738=AXIS2_PLACEMENT_3D('',#5118,#4119,#4120);
#3739=AXIS2_PLACEMENT_3D('',#5130,#4127,#4128);
#3740=AXIS2_PLACEMENT_3D('',#5131,#4129,#4130);
#3741=AXIS2_PLACEMENT_3D('',#5133,#4132,#4133);
#3742=AXIS2_PLACEMENT_3D('',#5135,#4135,#4136);
#3743=AXIS2_PLACEMENT_3D('',#5148,#4143,#4144);
#3744=AXIS2_PLACEMENT_3D('',#5163,#4152,#4153);
#3745=AXIS2_PLACEMENT_3D('',#5166,#4156,#4157);
#3746=AXIS2_PLACEMENT_3D('',#5169,#4160,#4161);
#3747=AXIS2_PLACEMENT_3D('',#5175,#4165,#4166);
#3748=AXIS2_PLACEMENT_3D('',#5177,#4168,#4169);
#3749=AXIS2_PLACEMENT_3D('',#5193,#4178,#4179);
#3750=AXIS2_PLACEMENT_3D('',#5207,#4187,#4188);
#3751=AXIS2_PLACEMENT_3D('',#5219,#4195,#4196);
#3752=AXIS2_PLACEMENT_3D('',#5223,#4199,#4200);
#3753=AXIS2_PLACEMENT_3D('',#5237,#4208,#4209);
#3754=AXIS2_PLACEMENT_3D('',#5246,#4215,#4216);
#3755=AXIS2_PLACEMENT_3D('',#5250,#4219,#4220);
#3756=AXIS2_PLACEMENT_3D('',#5252,#4222,#4223);
#3757=AXIS2_PLACEMENT_3D('',#5256,#4226,#4227);
#3758=AXIS2_PLACEMENT_3D('',#5258,#4229,#4230);
#3759=AXIS2_PLACEMENT_3D('',#5272,#4238,#4239);
#3760=AXIS2_PLACEMENT_3D('',#5278,#4243,#4244);
#3761=AXIS2_PLACEMENT_3D('',#5284,#4248,#4249);
#3762=AXIS2_PLACEMENT_3D('',#5288,#4252,#4253);
#3763=AXIS2_PLACEMENT_3D('',#5294,#4257,#4258);
#3764=AXIS2_PLACEMENT_3D('',#5299,#4262,#4263);
#3765=AXIS2_PLACEMENT_3D('',#5301,#4265,#4266);
#3766=AXIS2_PLACEMENT_3D('',#5306,#4270,#4271);
#3767=AXIS2_PLACEMENT_3D('',#5308,#4273,#4274);
#3768=AXIS2_PLACEMENT_3D('',#5310,#4276,#4277);
#3769=AXIS2_PLACEMENT_3D('',#5351,#4300,#4301);
#3770=AXIS2_PLACEMENT_3D('',#5360,#4307,#4308);
#3771=AXIS2_PLACEMENT_3D('',#5362,#4309,#4310);
#3772=AXIS2_PLACEMENT_3D('',#5364,#4311,#4312);
#3773=AXIS2_PLACEMENT_3D('',#5366,#4313,#4314);
#3774=AXIS2_PLACEMENT_3D('',#5367,#4315,#4316);
#3775=AXIS2_PLACEMENT_3D('',#5374,#4320,#4321);
#3776=AXIS2_PLACEMENT_3D('',#5376,#4322,#4323);
#3777=AXIS2_PLACEMENT_3D('',#5377,#4324,#4325);
#3778=AXIS2_PLACEMENT_3D('',#5395,#4335,#4336);
#3779=AXIS2_PLACEMENT_3D('',#5398,#4339,#4340);
#3780=AXIS2_PLACEMENT_3D('',#5399,#4341,#4342);
#3781=AXIS2_PLACEMENT_3D('',#5402,#4345,#4346);
#3782=AXIS2_PLACEMENT_3D('',#5404,#4348,#4349);
#3783=AXIS2_PLACEMENT_3D('',#5406,#4350,#4351);
#3784=AXIS2_PLACEMENT_3D('',#5407,#4352,#4353);
#3785=AXIS2_PLACEMENT_3D('',#5409,#4355,#4356);
#3786=AXIS2_PLACEMENT_3D('',#5411,#4357,#4358);
#3787=AXIS2_PLACEMENT_3D('',#5412,#4359,#4360);
#3788=AXIS2_PLACEMENT_3D('',#5414,#4362,#4363);
#3789=AXIS2_PLACEMENT_3D('',#5416,#4364,#4365);
#3790=AXIS2_PLACEMENT_3D('',#5419,#4367,#4368);
#3791=AXIS2_PLACEMENT_3D('',#5420,#4369,#4370);
#3792=AXIS2_PLACEMENT_3D('',#5422,#4371,#4372);
#3793=AXIS2_PLACEMENT_3D('',#5425,#4374,#4375);
#3794=AXIS2_PLACEMENT_3D('',#5426,#4376,#4377);
#3795=AXIS2_PLACEMENT_3D('',#5429,#4378,#4379);
#3796=AXIS2_PLACEMENT_3D('',#5433,#4381,#4382);
#3797=AXIS2_PLACEMENT_3D('',#5435,#4384,#4385);
#3798=AXIS2_PLACEMENT_3D('',#5441,#4389,#4390);
#3799=AXIS2_PLACEMENT_3D('',#5443,#4391,#4392);
#3800=AXIS2_PLACEMENT_3D('',#5445,#4393,#4394);
#3801=AXIS2_PLACEMENT_3D('',#5447,#4396,#4397);
#3802=AXIS2_PLACEMENT_3D('',#5453,#4401,#4402);
#3803=AXIS2_PLACEMENT_3D('',#5459,#4406,#4407);
#3804=AXIS2_PLACEMENT_3D('',#5461,#4408,#4409);
#3805=AXIS2_PLACEMENT_3D('',#5464,#4411,#4412);
#3806=AXIS2_PLACEMENT_3D('',#5465,#4413,#4414);
#3807=AXIS2_PLACEMENT_3D('',#5468,#4415,#4416);
#3808=AXIS2_PLACEMENT_3D('',#5472,#4418,#4419);
#3809=AXIS2_PLACEMENT_3D('',#5474,#4421,#4422);
#3810=AXIS2_PLACEMENT_3D('',#5480,#4426,#4427);
#3811=AXIS2_PLACEMENT_3D('',#5482,#4428,#4429);
#3812=AXIS2_PLACEMENT_3D('',#5484,#4430,#4431);
#3813=AXIS2_PLACEMENT_3D('',#5486,#4433,#4434);
#3814=AXIS2_PLACEMENT_3D('',#5495,#4439,#4440);
#3815=AXIS2_PLACEMENT_3D('',#5501,#4444,#4445);
#3816=AXIS2_PLACEMENT_3D('',#5507,#4449,#4450);
#3817=AXIS2_PLACEMENT_3D('',#5510,#4453,#4454);
#3818=AXIS2_PLACEMENT_3D('',#5516,#4458,#4459);
#3819=AXIS2_PLACEMENT_3D('',#5519,#4462,#4463);
#3820=AXIS2_PLACEMENT_3D('',#5521,#4464,#4465);
#3821=AXIS2_PLACEMENT_3D('',#5524,#4467,#4468);
#3822=AXIS2_PLACEMENT_3D('',#5525,#4469,#4470);
#3823=AXIS2_PLACEMENT_3D('',#5527,#4471,#4472);
#3824=AXIS2_PLACEMENT_3D('',#5530,#4474,#4475);
#3825=AXIS2_PLACEMENT_3D('',#5531,#4476,#4477);
#3826=AXIS2_PLACEMENT_3D('',#5533,#4478,#4479);
#3827=AXIS2_PLACEMENT_3D('',#5536,#4481,#4482);
#3828=AXIS2_PLACEMENT_3D('',#5537,#4483,#4484);
#3829=AXIS2_PLACEMENT_3D('',#5543,#4488,#4489);
#3830=AXIS2_PLACEMENT_3D('',#5545,#4490,#4491);
#3831=AXIS2_PLACEMENT_3D('',#5548,#4493,#4494);
#3832=AXIS2_PLACEMENT_3D('',#5549,#4495,#4496);
#3833=AXIS2_PLACEMENT_3D('',#5555,#4500,#4501);
#3834=AXIS2_PLACEMENT_3D('',#5557,#4502,#4503);
#3835=AXIS2_PLACEMENT_3D('',#5560,#4505,#4506);
#3836=AXIS2_PLACEMENT_3D('',#5561,#4507,#4508);
#3837=AXIS2_PLACEMENT_3D('',#5570,#4513,#4514);
#3838=AXIS2_PLACEMENT_3D('',#5576,#4518,#4519);
#3839=AXIS2_PLACEMENT_3D('',#5582,#4523,#4524);
#3840=AXIS2_PLACEMENT_3D('',#5585,#4527,#4528);
#3841=AXIS2_PLACEMENT_3D('',#5590,#4532,#4533);
#3842=AXIS2_PLACEMENT_3D('',#5600,#4538,#4539);
#3843=AXIS2_PLACEMENT_3D('',#5602,#4540,#4541);
#3844=AXIS2_PLACEMENT_3D('',#5603,#4542,#4543);
#3845=AXIS2_PLACEMENT_3D('',#5621,#4553,#4554);
#3846=AXIS2_PLACEMENT_3D('',#5624,#4555,#4556);
#3847=AXIS2_PLACEMENT_3D('',#5628,#4558,#4559);
#3848=AXIS2_PLACEMENT_3D('',#5630,#4561,#4562);
#3849=AXIS2_PLACEMENT_3D('',#5636,#4566,#4567);
#3850=AXIS2_PLACEMENT_3D('',#5638,#4568,#4569);
#3851=AXIS2_PLACEMENT_3D('',#5641,#4571,#4572);
#3852=AXIS2_PLACEMENT_3D('',#5642,#4573,#4574);
#3853=AXIS2_PLACEMENT_3D('',#5648,#4578,#4579);
#3854=AXIS2_PLACEMENT_3D('',#5654,#4583,#4584);
#3855=AXIS2_PLACEMENT_3D('',#5656,#4585,#4586);
#3856=AXIS2_PLACEMENT_3D('',#5659,#4588,#4589);
#3857=AXIS2_PLACEMENT_3D('',#5660,#4590,#4591);
#3858=AXIS2_PLACEMENT_3D('',#5663,#4592,#4593);
#3859=AXIS2_PLACEMENT_3D('',#5667,#4595,#4596);
#3860=AXIS2_PLACEMENT_3D('',#5669,#4598,#4599);
#3861=AXIS2_PLACEMENT_3D('',#5675,#4603,#4604);
#3862=AXIS2_PLACEMENT_3D('',#5677,#4605,#4606);
#3863=AXIS2_PLACEMENT_3D('',#5680,#4608,#4609);
#3864=AXIS2_PLACEMENT_3D('',#5681,#4610,#4611);
#3865=AXIS2_PLACEMENT_3D('',#5689,#4616,#4617);
#3866=AXIS2_PLACEMENT_3D('',#5695,#4621,#4622);
#3867=AXIS2_PLACEMENT_3D('',#5701,#4626,#4627);
#3868=AXIS2_PLACEMENT_3D('',#5704,#4630,#4631);
#3869=AXIS2_PLACEMENT_3D('',#5710,#4635,#4636);
#3870=AXIS2_PLACEMENT_3D('',#5713,#4639,#4640);
#3871=AXIS2_PLACEMENT_3D('',#5715,#4641,#4642);
#3872=AXIS2_PLACEMENT_3D('',#5718,#4644,#4645);
#3873=AXIS2_PLACEMENT_3D('',#5719,#4646,#4647);
#3874=AXIS2_PLACEMENT_3D('',#5721,#4648,#4649);
#3875=AXIS2_PLACEMENT_3D('',#5724,#4651,#4652);
#3876=AXIS2_PLACEMENT_3D('',#5725,#4653,#4654);
#3877=AXIS2_PLACEMENT_3D('',#5727,#4655,#4656);
#3878=AXIS2_PLACEMENT_3D('',#5730,#4658,#4659);
#3879=AXIS2_PLACEMENT_3D('',#5731,#4660,#4661);
#3880=AXIS2_PLACEMENT_3D('',#5737,#4665,#4666);
#3881=AXIS2_PLACEMENT_3D('',#5739,#4667,#4668);
#3882=AXIS2_PLACEMENT_3D('',#5741,#4669,#4670);
#3883=AXIS2_PLACEMENT_3D('',#5743,#4672,#4673);
#3884=AXIS2_PLACEMENT_3D('',#5749,#4677,#4678);
#3885=AXIS2_PLACEMENT_3D('',#5751,#4679,#4680);
#3886=AXIS2_PLACEMENT_3D('',#5753,#4681,#4682);
#3887=AXIS2_PLACEMENT_3D('',#5755,#4684,#4685);
#3888=AXIS2_PLACEMENT_3D('',#5764,#4690,#4691);
#3889=AXIS2_PLACEMENT_3D('',#5770,#4695,#4696);
#3890=AXIS2_PLACEMENT_3D('',#5776,#4700,#4701);
#3891=AXIS2_PLACEMENT_3D('',#5779,#4704,#4705);
#3892=AXIS2_PLACEMENT_3D('',#5785,#4709,#4710);
#3893=AXIS2_PLACEMENT_3D('',#5791,#4714,#4715);
#3894=AXIS2_PLACEMENT_3D('',#5806,#4724,#4725);
#3895=AXIS2_PLACEMENT_3D('',#5809,#4727,#4728);
#3896=AXIS2_PLACEMENT_3D('',#5811,#4729,#4730);
#3897=AXIS2_PLACEMENT_3D('',#5812,#4731,#4732);
#3898=AXIS2_PLACEMENT_3D('',#5815,#4735,#4736);
#3899=AXIS2_PLACEMENT_3D('',#5817,#4738,#4739);
#3900=AXIS2_PLACEMENT_3D('',#5818,#4740,#4741);
#3901=AXIS2_PLACEMENT_3D('',#5822,#4744,#4745);
#3902=AXIS2_PLACEMENT_3D('',#5824,#4746,#4747);
#3903=AXIS2_PLACEMENT_3D('',#5825,#4748,#4749);
#3904=AXIS2_PLACEMENT_3D('',#5826,#4750,#4751);
#3905=AXIS2_PLACEMENT_3D('',#5828,#4752,#4753);
#3906=AXIS2_PLACEMENT_3D('',#5829,#4754,#4755);
#3907=AXIS2_PLACEMENT_3D('',#5831,#4757,#4758);
#3908=AXIS2_PLACEMENT_3D('',#5833,#4759,#4760);
#3909=AXIS2_PLACEMENT_3D('',#5834,#4761,#4762);
#3910=AXIS2_PLACEMENT_3D('',#5836,#4764,#4765);
#3911=AXIS2_PLACEMENT_3D('',#5838,#4767,#4768);
#3912=AXIS2_PLACEMENT_3D('',#5840,#4770,#4771);
#3913=AXIS2_PLACEMENT_3D('',#5842,#4773,#4774);
#3914=AXIS2_PLACEMENT_3D('',#5846,#4777,#4778);
#3915=AXIS2_PLACEMENT_3D('',#5848,#4780,#4781);
#3916=AXIS2_PLACEMENT_3D('',#5849,#4782,#4783);
#3917=AXIS2_PLACEMENT_3D('',#5853,#4786,#4787);
#3918=AXIS2_PLACEMENT_3D('',#5859,#4791,#4792);
#3919=AXIS2_PLACEMENT_3D('',#5861,#4794,#4795);
#3920=AXIS2_PLACEMENT_3D('',#5863,#4797,#4798);
#3921=AXIS2_PLACEMENT_3D('',#5873,#4804,#4805);
#3922=AXIS2_PLACEMENT_3D('',#5875,#4806,#4807);
#3923=AXIS2_PLACEMENT_3D('',#5877,#4808,#4809);
#3924=AXIS2_PLACEMENT_3D('',#5879,#4810,#4811);
#3925=AXIS2_PLACEMENT_3D('',#5880,#4812,#4813);
#3926=AXIS2_PLACEMENT_3D('',#5882,#4815,#4816);
#3927=AXIS2_PLACEMENT_3D('',#5884,#4818,#4819);
#3928=AXIS2_PLACEMENT_3D('',#5888,#4822,#4823);
#3929=AXIS2_PLACEMENT_3D('',#5890,#4825,#4826);
#3930=AXIS2_PLACEMENT_3D('',#5892,#4828,#4829);
#3931=AXIS2_PLACEMENT_3D('',#5893,#4830,#4831);
#3932=AXIS2_PLACEMENT_3D('',#5896,#4833,#4834);
#3933=AXIS2_PLACEMENT_3D('',#5897,#4835,#4836);
#3934=AXIS2_PLACEMENT_3D('',#5898,#4837,#4838);
#3935=AXIS2_PLACEMENT_3D('',#5900,#4839,#4840);
#3936=AXIS2_PLACEMENT_3D('',#5901,#4841,#4842);
#3937=AXIS2_PLACEMENT_3D('',#5903,#4844,#4845);
#3938=AXIS2_PLACEMENT_3D('',#5906,#4847,#4848);
#3939=AXIS2_PLACEMENT_3D('',#5972,#4849,#4850);
#3940=AXIS2_PLACEMENT_3D('',#5974,#4851,#4852);
#3941=AXIS2_PLACEMENT_3D('',#5975,#4853,#4854);
#3942=AXIS2_PLACEMENT_3D('',#5977,#4856,#4857);
#3943=AXIS2_PLACEMENT_3D('',#5979,#4859,#4860);
#3944=AXIS2_PLACEMENT_3D('',#5981,#4861,#4862);
#3945=AXIS2_PLACEMENT_3D('',#5982,#4863,#4864);
#3946=AXIS2_PLACEMENT_3D('',#6043,#4866,#4867);
#3947=AXIS2_PLACEMENT_3D('',#6045,#4868,#4869);
#3948=AXIS2_PLACEMENT_3D('',#6046,#4870,#4871);
#3949=AXIS2_PLACEMENT_3D('',#6048,#4873,#4874);
#3950=AXIS2_PLACEMENT_3D('',#6050,#4875,#4876);
#3951=AXIS2_PLACEMENT_3D('',#6051,#4877,#4878);
#3952=AXIS2_PLACEMENT_3D('',#6053,#4879,#4880);
#3953=AXIS2_PLACEMENT_3D('',#6055,#4882,#4883);
#3954=AXIS2_PLACEMENT_3D('',#6057,#4884,#4885);
#3955=AXIS2_PLACEMENT_3D('',#6058,#4886,#4887);
#3956=AXIS2_PLACEMENT_3D('',#6060,#4888,#4889);
#3957=AXIS2_PLACEMENT_3D('',#6063,#4892,#4893);
#3958=AXIS2_PLACEMENT_3D('',#6065,#4894,#4895);
#3959=AXIS2_PLACEMENT_3D('',#6066,#4896,#4897);
#3960=AXIS2_PLACEMENT_3D('',#6068,#4899,#4900);
#3961=AXIS2_PLACEMENT_3D('',#6070,#4901,#4902);
#3962=AXIS2_PLACEMENT_3D('',#6071,#4903,#4904);
#3963=AXIS2_PLACEMENT_3D('',#6073,#4906,#4907);
#3964=AXIS2_PLACEMENT_3D('',#6075,#4908,#4909);
#3965=AXIS2_PLACEMENT_3D('',#6076,#4910,#4911);
#3966=AXIS2_PLACEMENT_3D('',#6078,#4913,#4914);
#3967=AXIS2_PLACEMENT_3D('',#6080,#4915,#4916);
#3968=AXIS2_PLACEMENT_3D('',#6081,#4917,#4918);
#3969=AXIS2_PLACEMENT_3D('',#6083,#4920,#4921);
#3970=AXIS2_PLACEMENT_3D('',#6087,#4924,#4925);
#3971=AXIS2_PLACEMENT_3D('',#6091,#4928,#4929);
#3972=AXIS2_PLACEMENT_3D('',#6093,#4931,#4932);
#3973=AXIS2_PLACEMENT_3D('',#6095,#4934,#4935);
#3974=DIRECTION('axis',(0.,0.,1.));
#3975=DIRECTION('refdir',(1.,0.,0.));
#3976=DIRECTION('center_axis',(1.,0.,0.));
#3977=DIRECTION('ref_axis',(0.,0.,-1.));
#3978=DIRECTION('',(0.,-1.,0.));
#3979=DIRECTION('',(0.,0.,1.));
#3980=DIRECTION('',(0.,1.,0.));
#3981=DIRECTION('',(0.,0.,-1.));
#3982=DIRECTION('',(0.,1.,0.));
#3983=DIRECTION('',(-6.71643898927627E-32,-1.59136088513317E-15,-1.));
#3984=DIRECTION('',(0.,1.,0.));
#3985=DIRECTION('',(6.71643898927627E-32,1.59136088513317E-15,1.));
#3986=DIRECTION('',(2.05651694581118E-16,-1.,1.59136088513317E-15));
#3987=DIRECTION('',(0.,0.,-1.));
#3988=DIRECTION('',(0.,-1.,0.));
#3989=DIRECTION('center_axis',(-6.71643898927627E-32,-1.59136088513317E-15,
-1.));
#3990=DIRECTION('ref_axis',(1.,2.05651694581118E-16,-3.94430452610506E-31));
#3991=DIRECTION('',(-1.,0.,6.71643898927627E-32));
#3992=DIRECTION('',(-1.,-2.05651694581118E-16,3.94430452610506E-31));
#3993=DIRECTION('',(2.05651694581118E-16,-1.,1.59136088513317E-15));
#3994=DIRECTION('',(-1.,-2.05651694581118E-16,3.94430452610506E-31));
#3995=DIRECTION('',(-2.05651694581118E-16,1.,-1.59136088513317E-15));
#3996=DIRECTION('center_axis',(6.71643898927627E-32,1.59136088513317E-15,
1.));
#3997=DIRECTION('ref_axis',(1.,2.05651694581118E-16,-3.94430452610506E-31));
#3998=DIRECTION('center_axis',(0.,1.,0.));
#3999=DIRECTION('ref_axis',(0.,0.,1.));
#4000=DIRECTION('',(-1.,0.,0.));
#4001=DIRECTION('',(6.71643898927627E-32,1.59136088513317E-15,1.));
#4002=DIRECTION('',(1.,2.05651694581118E-16,-3.94430452610506E-31));
#4003=DIRECTION('center_axis',(0.,1.,0.));
#4004=DIRECTION('ref_axis',(0.,0.,1.));
#4005=DIRECTION('',(-1.,0.,0.));
#4006=DIRECTION('',(6.71643898927627E-32,1.59136088513317E-15,1.));
#4007=DIRECTION('',(1.,2.05651694581118E-16,-3.94430452610506E-31));
#4008=DIRECTION('',(-6.71643898927627E-32,-1.59136088513317E-15,-1.));
#4009=DIRECTION('',(1.,2.05651694581118E-16,-3.94430452610506E-31));
#4010=DIRECTION('',(0.,0.,-1.));
#4011=DIRECTION('center_axis',(0.,-1.,0.));
#4012=DIRECTION('ref_axis',(0.,0.,-1.));
#4013=DIRECTION('',(3.94430452610506E-31,0.,1.));
#4014=DIRECTION('',(-1.,-2.05651694581118E-16,3.94430452610506E-31));
#4015=DIRECTION('center_axis',(-1.,-2.05651694581118E-16,3.94430452610506E-31));
#4016=DIRECTION('ref_axis',(6.71643898927627E-32,1.59136088513317E-15,1.));
#4017=DIRECTION('',(-2.05651694581118E-16,1.,-1.59136088513317E-15));
#4018=DIRECTION('',(-6.71643898927627E-32,-1.59136088513317E-15,-1.));
#4019=DIRECTION('',(-2.05651694581118E-16,1.,-1.59136088513317E-15));
#4020=DIRECTION('',(6.71643898927627E-32,1.59136088513317E-15,1.));
#4021=DIRECTION('center_axis',(0.,-1.,0.));
#4022=DIRECTION('ref_axis',(0.,0.,-1.));
#4023=DIRECTION('',(6.71643898927627E-32,1.59136088513317E-15,1.));
#4024=DIRECTION('',(1.,2.05651694581118E-16,-3.94430452610506E-31));
#4025=DIRECTION('',(-3.94430452610506E-31,0.,-1.));
#4026=DIRECTION('',(-1.,0.,6.71643898927627E-32));
#4027=DIRECTION('',(-1.,0.,6.71643898927627E-32));
#4028=DIRECTION('center_axis',(6.71643898927627E-32,1.59136088513317E-15,
1.));
#4029=DIRECTION('ref_axis',(1.,2.05651694581118E-16,-3.94430452610506E-31));
#4030=DIRECTION('',(2.05651694581118E-16,-1.,1.59136088513317E-15));
#4031=DIRECTION('',(-1.,-2.05651694581118E-16,3.94430452610506E-31));
#4032=DIRECTION('',(1.,2.05651694581118E-16,-3.94430452610506E-31));
#4033=DIRECTION('',(2.05651694581118E-16,-1.,1.59136088513317E-15));
#4034=DIRECTION('',(2.05651694581118E-16,-1.,1.59136088513317E-15));
#4035=DIRECTION('center_axis',(-1.,-2.05651694581118E-16,3.94430452610506E-31));
#4036=DIRECTION('ref_axis',(2.05651694581118E-16,-1.,1.59136088513317E-15));
#4037=DIRECTION('',(-2.05651694581118E-16,1.,-1.59136088513317E-15));
#4038=DIRECTION('',(6.71643898927627E-32,1.59136088513317E-15,1.));
#4039=DIRECTION('',(2.05651694581118E-16,-1.,1.59136088513317E-15));
#4040=DIRECTION('',(6.71643898927627E-32,1.59136088513317E-15,1.));
#4041=DIRECTION('center_axis',(6.71643898927627E-32,1.59136088513317E-15,
1.));
#4042=DIRECTION('ref_axis',(1.,2.05651694581118E-16,-3.94430452610506E-31));
#4043=DIRECTION('',(2.05651694581118E-16,-1.,1.59136088513317E-15));
#4044=DIRECTION('',(1.,2.05651694581118E-16,-3.94430452610506E-31));
#4045=DIRECTION('center_axis',(-6.71643898927627E-32,-1.59136088513317E-15,
-1.));
#4046=DIRECTION('ref_axis',(1.,2.05651694581118E-16,-3.94430452610506E-31));
#4047=DIRECTION('',(2.05651694581118E-16,-1.,1.59136088513317E-15));
#4048=DIRECTION('',(1.,2.05651694581118E-16,-3.94430452610506E-31));
#4049=DIRECTION('',(2.05651694581118E-16,-1.,1.59136088513317E-15));
#4050=DIRECTION('center_axis',(6.71643898927627E-32,1.59136088513317E-15,
1.));
#4051=DIRECTION('ref_axis',(1.,2.05651694581118E-16,-3.94430452610506E-31));
#4052=DIRECTION('center_axis',(2.05651694581118E-16,-1.,1.59136088513317E-15));
#4053=DIRECTION('ref_axis',(-1.,-2.05651694581118E-16,3.94430452610506E-31));
#4054=DIRECTION('',(1.,2.05651694581118E-16,-3.94430452610506E-31));
#4055=DIRECTION('',(-6.71643898927627E-32,-1.59136088513317E-15,-1.));
#4056=DIRECTION('center_axis',(2.05651694581118E-16,-1.,1.59136088513317E-15));
#4057=DIRECTION('ref_axis',(1.,2.05651694581118E-16,-3.94430452610506E-31));
#4058=DIRECTION('',(6.71643898927627E-32,1.59136088513317E-15,1.));
#4059=DIRECTION('center_axis',(6.71643898927627E-32,1.59136088513317E-15,
1.));
#4060=DIRECTION('ref_axis',(1.,2.05651694581118E-16,-3.94430452610506E-31));
#4061=DIRECTION('',(-1.,-2.05651694581118E-16,3.94430452610506E-31));
#4062=DIRECTION('',(-1.,-2.05651694581118E-16,3.94430452610506E-31));
#4063=DIRECTION('',(-2.05651694581118E-16,1.,-1.59136088513317E-15));
#4064=DIRECTION('',(0.,1.,0.));
#4065=DIRECTION('center_axis',(-2.05651694581118E-16,1.,-1.59136088513317E-15));
#4066=DIRECTION('ref_axis',(-1.,-2.05651694581118E-16,3.94430452610506E-31));
#4067=DIRECTION('center_axis',(1.,2.05651694581118E-16,-3.94430452610506E-31));
#4068=DIRECTION('ref_axis',(-2.05651694581118E-16,1.,-1.59136088513317E-15));
#4069=DIRECTION('',(6.71643898927627E-32,1.59136088513317E-15,1.));
#4070=DIRECTION('center_axis',(-2.05651694581118E-16,1.,-1.59136088513317E-15));
#4071=DIRECTION('ref_axis',(-1.,-2.05651694581118E-16,3.94430452610506E-31));
#4072=DIRECTION('center_axis',(-6.71643898927627E-32,-1.59136088513317E-15,
-1.));
#4073=DIRECTION('ref_axis',(1.,2.05651694581118E-16,-3.94430452610506E-31));
#4074=DIRECTION('',(6.71643898927627E-32,1.59136088513317E-15,1.));
#4075=DIRECTION('center_axis',(-1.,0.,0.));
#4076=DIRECTION('ref_axis',(0.,-1.,0.));
#4077=DIRECTION('',(0.,0.,1.));
#4078=DIRECTION('',(0.,-1.,0.));
#4079=DIRECTION('',(0.,-1.,0.));
#4080=DIRECTION('center_axis',(0.,0.,-1.));
#4081=DIRECTION('ref_axis',(1.,0.,0.));
#4082=DIRECTION('',(-1.,0.,0.));
#4083=DIRECTION('',(0.,-1.,0.));
#4084=DIRECTION('center_axis',(-1.,0.,0.));
#4085=DIRECTION('ref_axis',(0.,1.,0.));
#4086=DIRECTION('',(0.,-1.,0.));
#4087=DIRECTION('',(0.,0.,-1.));
#4088=DIRECTION('',(0.,-1.,0.));
#4089=DIRECTION('center_axis',(0.,0.,-1.));
#4090=DIRECTION('ref_axis',(1.,0.,0.));
#4091=DIRECTION('',(1.,0.,0.));
#4092=DIRECTION('center_axis',(0.,0.,1.));
#4093=DIRECTION('ref_axis',(1.,0.,0.));
#4094=DIRECTION('',(1.,0.,0.));
#4095=DIRECTION('',(0.,-1.,0.));
#4096=DIRECTION('',(1.,0.,0.));
#4097=DIRECTION('',(0.,1.,0.));
#4098=DIRECTION('',(-1.,0.,0.));
#4099=DIRECTION('center_axis',(0.,0.,1.));
#4100=DIRECTION('ref_axis',(1.,0.,0.));
#4101=DIRECTION('',(-1.,0.,0.));
#4102=DIRECTION('',(0.,-1.,0.));
#4103=DIRECTION('',(1.,0.,0.));
#4104=DIRECTION('',(0.,1.,0.));
#4105=DIRECTION('',(1.,0.,0.));
#4106=DIRECTION('center_axis',(0.,-1.,8.07434927000112E-15));
#4107=DIRECTION('ref_axis',(0.,-8.07434927000112E-15,-1.));
#4108=DIRECTION('',(1.,0.,0.));
#4109=DIRECTION('',(0.,-8.07434927000112E-15,-1.));
#4110=DIRECTION('',(1.,-2.87270207621757E-15,0.));
#4111=DIRECTION('',(0.,-8.07434927000112E-15,-1.));
#4112=DIRECTION('',(0.,-8.07434927000112E-15,-1.));
#4113=DIRECTION('',(1.,0.,0.));
#4114=DIRECTION('',(0.,8.07434927000112E-15,1.));
#4115=DIRECTION('',(-1.,0.,0.));
#4116=DIRECTION('',(0.,-8.07434927000112E-15,-1.));
#4117=DIRECTION('center_axis',(0.,-1.,8.07434927000112E-15));
#4118=DIRECTION('ref_axis',(1.,0.,0.));
#4119=DIRECTION('center_axis',(0.,0.,1.));
#4120=DIRECTION('ref_axis',(1.,0.,0.));
#4121=DIRECTION('',(-1.,0.,0.));
#4122=DIRECTION('',(0.,-1.,0.));
#4123=DIRECTION('',(1.,0.,0.));
#4124=DIRECTION('',(0.,-1.,0.));
#4125=DIRECTION('',(0.,1.,0.));
#4126=DIRECTION('',(-1.,0.,0.));
#4127=DIRECTION('center_axis',(0.,0.,-1.));
#4128=DIRECTION('ref_axis',(1.,0.,0.));
#4129=DIRECTION('center_axis',(0.,1.,0.));
#4130=DIRECTION('ref_axis',(1.,0.,0.));
#4131=DIRECTION('',(0.,0.,-1.));
#4132=DIRECTION('center_axis',(0.,1.,0.));
#4133=DIRECTION('ref_axis',(1.,0.,0.));
#4134=DIRECTION('',(0.,0.,1.));
#4135=DIRECTION('center_axis',(1.,0.,0.));
#4136=DIRECTION('ref_axis',(0.,1.,0.));
#4137=DIRECTION('',(0.,0.,1.));
#4138=DIRECTION('',(0.,1.,0.));
#4139=DIRECTION('',(0.,8.07434927000112E-15,1.));
#4140=DIRECTION('',(0.,1.,0.));
#4141=DIRECTION('',(0.,0.,1.));
#4142=DIRECTION('',(0.,-1.,0.));
#4143=DIRECTION('center_axis',(1.,0.,0.));
#4144=DIRECTION('ref_axis',(0.,0.,-1.));
#4145=DIRECTION('',(0.,1.,0.));
#4146=DIRECTION('',(0.,0.,-1.));
#4147=DIRECTION('',(0.,1.,0.));
#4148=DIRECTION('',(0.,1.,0.));
#4149=DIRECTION('',(0.,0.,-1.));
#4150=DIRECTION('',(0.,1.,0.));
#4151=DIRECTION('',(0.,0.,-1.));
#4152=DIRECTION('center_axis',(0.,0.,1.));
#4153=DIRECTION('ref_axis',(0.,-1.,0.));
#4154=DIRECTION('',(1.,0.,0.));
#4155=DIRECTION('',(1.,0.,0.));
#4156=DIRECTION('center_axis',(0.,1.,0.));
#4157=DIRECTION('ref_axis',(0.,0.,1.));
#4158=DIRECTION('',(-1.,0.,0.));
#4159=DIRECTION('',(-1.,0.,0.));
#4160=DIRECTION('center_axis',(0.,1.,0.));
#4161=DIRECTION('ref_axis',(0.,0.,1.));
#4162=DIRECTION('',(0.,0.,1.));
#4163=DIRECTION('',(-1.,0.,0.));
#4164=DIRECTION('',(1.,0.,0.));
#4165=DIRECTION('center_axis',(0.,0.,-1.));
#4166=DIRECTION('ref_axis',(0.,1.,0.));
#4167=DIRECTION('',(0.,-1.,0.));
#4168=DIRECTION('center_axis',(1.,0.,0.));
#4169=DIRECTION('ref_axis',(0.,0.,-1.));
#4170=DIRECTION('',(0.,-1.,0.));
#4171=DIRECTION('',(0.,0.,1.));
#4172=DIRECTION('',(0.,1.,0.));
#4173=DIRECTION('',(0.,0.,1.));
#4174=DIRECTION('',(2.81719092498631E-15,1.,-8.73110940364228E-15));
#4175=DIRECTION('',(0.,0.,-1.));
#4176=DIRECTION('',(0.,-1.,8.07434927000112E-15));
#4177=DIRECTION('',(0.,8.07434927000112E-15,1.));
#4178=DIRECTION('center_axis',(0.,1.,0.));
#4179=DIRECTION('ref_axis',(0.,0.,1.));
#4180=DIRECTION('',(1.,0.,0.));
#4181=DIRECTION('',(0.,0.,1.));
#4182=DIRECTION('',(1.,0.,0.));
#4183=DIRECTION('',(0.,0.,-1.));
#4184=DIRECTION('',(-1.,0.,0.));
#4185=DIRECTION('',(0.,0.,-1.));
#4186=DIRECTION('',(1.,0.,0.));
#4187=DIRECTION('center_axis',(0.,0.,-1.));
#4188=DIRECTION('ref_axis',(0.,1.,0.));
#4189=DIRECTION('',(1.,0.,0.));
#4190=DIRECTION('',(0.,1.,0.));
#4191=DIRECTION('',(1.,0.,0.));
#4192=DIRECTION('',(0.,1.,0.));
#4193=DIRECTION('',(1.,0.,0.));
#4194=DIRECTION('',(0.,1.,0.));
#4195=DIRECTION('center_axis',(0.,0.,-1.));
#4196=DIRECTION('ref_axis',(0.,1.,0.));
#4197=DIRECTION('',(0.,-1.,0.));
#4198=DIRECTION('',(1.,0.,0.));
#4199=DIRECTION('center_axis',(0.,0.,1.));
#4200=DIRECTION('ref_axis',(0.,1.,0.));
#4201=DIRECTION('',(0.,1.,0.));
#4202=DIRECTION('',(-1.,0.,0.));
#4203=DIRECTION('',(0.,1.,0.));
#4204=DIRECTION('',(0.,1.,0.));
#4205=DIRECTION('',(1.,0.,0.));
#4206=DIRECTION('',(0.,1.,0.));
#4207=DIRECTION('',(1.,0.,0.));
#4208=DIRECTION('center_axis',(1.,0.,0.));
#4209=DIRECTION('ref_axis',(0.,0.,-1.));
#4210=DIRECTION('',(0.,0.,-1.));
#4211=DIRECTION('',(0.,0.,-1.));
#4212=DIRECTION('',(0.,1.,0.));
#4213=DIRECTION('',(0.,0.,1.));
#4214=DIRECTION('',(0.,-1.,0.));
#4215=DIRECTION('center_axis',(0.,-1.,0.));
#4216=DIRECTION('ref_axis',(0.,0.,1.));
#4217=DIRECTION('',(0.,0.,1.));
#4218=DIRECTION('',(-1.,0.,0.));
#4219=DIRECTION('center_axis',(0.,-1.,0.));
#4220=DIRECTION('ref_axis',(0.,0.,1.));
#4221=DIRECTION('',(0.,0.,-1.));
#4222=DIRECTION('center_axis',(0.,0.,-1.));
#4223=DIRECTION('ref_axis',(0.,-1.,0.));
#4224=DIRECTION('',(0.,1.,0.));
#4225=DIRECTION('',(1.,0.,0.));
#4226=DIRECTION('center_axis',(1.,0.,0.));
#4227=DIRECTION('ref_axis',(0.,1.,0.));
#4228=DIRECTION('',(0.,0.,-1.));
#4229=DIRECTION('center_axis',(-1.,0.,0.));
#4230=DIRECTION('ref_axis',(0.,0.,1.));
#4231=DIRECTION('',(0.,0.,1.));
#4232=DIRECTION('',(0.,-1.,0.));
#4233=DIRECTION('',(0.,0.,1.));
#4234=DIRECTION('',(-5.55111512312571E-17,-1.,9.09428750999005E-16));
#4235=DIRECTION('',(0.,0.,1.));
#4236=DIRECTION('',(0.,1.,0.));
#4237=DIRECTION('',(0.,0.,1.));
#4238=DIRECTION('center_axis',(0.,1.,0.));
#4239=DIRECTION('ref_axis',(0.,0.,1.));
#4240=DIRECTION('',(1.,0.,0.));
#4241=DIRECTION('',(0.,0.,-1.));
#4242=DIRECTION('',(1.,0.,0.));
#4243=DIRECTION('center_axis',(1.,0.,0.));
#4244=DIRECTION('ref_axis',(0.,0.,-1.));
#4245=DIRECTION('',(0.,0.,1.));
#4246=DIRECTION('',(0.,-1.,0.));
#4247=DIRECTION('',(0.,0.,-1.));
#4248=DIRECTION('center_axis',(-1.,0.,0.));
#4249=DIRECTION('ref_axis',(0.,1.,0.));
#4250=DIRECTION('',(0.,-8.07434927000112E-15,-1.));
#4251=DIRECTION('',(0.,-1.,0.));
#4252=DIRECTION('center_axis',(1.,0.,0.));
#4253=DIRECTION('ref_axis',(0.,0.,1.));
#4254=DIRECTION('',(0.,-1.,0.));
#4255=DIRECTION('',(0.,0.,-1.));
#4256=DIRECTION('',(0.,-1.,0.));
#4257=DIRECTION('center_axis',(-1.,0.,0.));
#4258=DIRECTION('ref_axis',(0.,0.,1.));
#4259=DIRECTION('',(0.,-1.,0.));
#4260=DIRECTION('',(0.,0.,-1.));
#4261=DIRECTION('',(0.,-1.,0.));
#4262=DIRECTION('center_axis',(-1.,0.,0.));
#4263=DIRECTION('ref_axis',(0.,0.,1.));
#4264=DIRECTION('',(0.,-1.,0.));
#4265=DIRECTION('center_axis',(0.,1.,0.));
#4266=DIRECTION('ref_axis',(1.,0.,0.));
#4267=DIRECTION('',(1.,0.,0.));
#4268=DIRECTION('',(-1.,0.,0.));
#4269=DIRECTION('',(1.,0.,0.));
#4270=DIRECTION('center_axis',(0.,0.,1.));
#4271=DIRECTION('ref_axis',(1.,0.,0.));
#4272=DIRECTION('',(1.,0.,0.));
#4273=DIRECTION('center_axis',(0.,0.,-1.));
#4274=DIRECTION('ref_axis',(0.,1.,0.));
#4275=DIRECTION('',(1.,0.,0.));
#4276=DIRECTION('center_axis',(0.,0.,1.));
#4277=DIRECTION('ref_axis',(1.,0.,0.));
#4278=DIRECTION('',(1.,0.,0.));
#4279=DIRECTION('',(0.,1.,0.));
#4280=DIRECTION('',(1.,-2.87270207621757E-15,0.));
#4281=DIRECTION('',(-1.,2.87270207621757E-15,0.));
#4282=DIRECTION('',(0.,1.,0.));
#4283=DIRECTION('',(-1.,0.,0.));
#4284=DIRECTION('',(-0.707106781186544,0.707106781186551,0.));
#4285=DIRECTION('',(0.,1.,0.));
#4286=DIRECTION('',(1.,0.,0.));
#4287=DIRECTION('',(0.,-1.,0.));
#4288=DIRECTION('',(0.,1.,0.));
#4289=DIRECTION('',(-1.,0.,0.));
#4290=DIRECTION('',(0.,-1.,0.));
#4291=DIRECTION('',(-1.,0.,0.));
#4292=DIRECTION('',(1.,0.,0.));
#4293=DIRECTION('',(0.,-1.,0.));
#4294=DIRECTION('',(1.,0.,0.));
#4295=DIRECTION('',(0.707106781186548,-0.707106781186548,0.));
#4296=DIRECTION('',(0.,-1.,0.));
#4297=DIRECTION('',(-1.,2.87270207621757E-15,0.));
#4298=DIRECTION('',(0.,1.,-8.07434927000112E-15));
#4299=DIRECTION('',(0.,-1.,0.));
#4300=DIRECTION('center_axis',(0.,-1.,0.));
#4301=DIRECTION('ref_axis',(1.,0.,0.));
#4302=DIRECTION('',(1.,0.,0.));
#4303=DIRECTION('',(0.,0.,1.));
#4304=DIRECTION('',(0.,0.,-1.));
#4305=DIRECTION('',(0.,0.,1.));
#4306=DIRECTION('',(-1.,0.,6.10816545404265E-16));
#4307=DIRECTION('center_axis',(0.,1.,0.));
#4308=DIRECTION('ref_axis',(1.,0.,0.));
#4309=DIRECTION('center_axis',(0.,1.,0.));
#4310=DIRECTION('ref_axis',(1.,0.,0.));
#4311=DIRECTION('center_axis',(0.,1.,0.));
#4312=DIRECTION('ref_axis',(1.,0.,0.));
#4313=DIRECTION('center_axis',(0.,1.,0.));
#4314=DIRECTION('ref_axis',(1.,0.,0.));
#4315=DIRECTION('center_axis',(1.,0.,0.));
#4316=DIRECTION('ref_axis',(0.,1.,0.));
#4317=DIRECTION('',(0.,0.,-1.));
#4318=DIRECTION('',(0.,-1.,0.));
#4319=DIRECTION('',(0.,0.,-1.));
#4320=DIRECTION('center_axis',(-1.,0.,0.));
#4321=DIRECTION('ref_axis',(0.,1.,0.));
#4322=DIRECTION('center_axis',(-1.,0.,0.));
#4323=DIRECTION('ref_axis',(0.,1.,0.));
#4324=DIRECTION('center_axis',(0.,0.,-1.));
#4325=DIRECTION('ref_axis',(-1.,0.,0.));
#4326=DIRECTION('',(0.707106781186544,-0.707106781186551,0.));
#4327=DIRECTION('',(1.,0.,0.));
#4328=DIRECTION('',(1.,0.,0.));
#4329=DIRECTION('',(0.,1.,0.));
#4330=DIRECTION('',(-0.707106781186548,0.707106781186548,0.));
#4331=DIRECTION('',(-1.,0.,0.));
#4332=DIRECTION('',(0.,1.,0.));
#4333=DIRECTION('',(-1.,0.,0.));
#4334=DIRECTION('',(0.,-1.,0.));
#4335=DIRECTION('center_axis',(0.707106781186551,0.707106781186544,0.));
#4336=DIRECTION('ref_axis',(0.707106781186544,-0.707106781186551,0.));
#4337=DIRECTION('',(0.,0.,-1.));
#4338=DIRECTION('',(0.,0.,-1.));
#4339=DIRECTION('center_axis',(0.,1.,0.));
#4340=DIRECTION('ref_axis',(1.,0.,0.));
#4341=DIRECTION('center_axis',(-0.707106781186548,-0.707106781186548,0.));
#4342=DIRECTION('ref_axis',(-0.707106781186548,0.707106781186548,0.));
#4343=DIRECTION('',(0.,0.,-1.));
#4344=DIRECTION('',(0.,0.,-1.));
#4345=DIRECTION('center_axis',(0.,-1.,0.));
#4346=DIRECTION('ref_axis',(-1.,0.,0.));
#4347=DIRECTION('',(0.,0.,-1.));
#4348=DIRECTION('center_axis',(1.,0.,0.));
#4349=DIRECTION('ref_axis',(0.,1.,0.));
#4350=DIRECTION('center_axis',(-1.,0.,0.));
#4351=DIRECTION('ref_axis',(0.,1.,0.));
#4352=DIRECTION('center_axis',(-1.,0.,0.));
#4353=DIRECTION('ref_axis',(0.,1.,0.));
#4354=DIRECTION('',(-1.,0.,0.));
#4355=DIRECTION('center_axis',(1.,0.,0.));
#4356=DIRECTION('ref_axis',(0.,1.,0.));
#4357=DIRECTION('center_axis',(-1.,0.,0.));
#4358=DIRECTION('ref_axis',(0.,1.,0.));
#4359=DIRECTION('center_axis',(-1.,0.,0.));
#4360=DIRECTION('ref_axis',(0.,1.,0.));
#4361=DIRECTION('',(-1.,0.,0.));
#4362=DIRECTION('center_axis',(1.,0.,0.));
#4363=DIRECTION('ref_axis',(0.,-1.,0.));
#4364=DIRECTION('center_axis',(1.,0.,0.));
#4365=DIRECTION('ref_axis',(0.,-1.,0.));
#4366=DIRECTION('',(1.,0.,0.));
#4367=DIRECTION('center_axis',(-1.,0.,0.));
#4368=DIRECTION('ref_axis',(0.,-1.,0.));
#4369=DIRECTION('center_axis',(1.,0.,0.));
#4370=DIRECTION('ref_axis',(0.,-1.,0.));
#4371=DIRECTION('center_axis',(1.,0.,0.));
#4372=DIRECTION('ref_axis',(0.,-1.,0.));
#4373=DIRECTION('',(1.,0.,0.));
#4374=DIRECTION('center_axis',(-1.,0.,0.));
#4375=DIRECTION('ref_axis',(0.,-1.,0.));
#4376=DIRECTION('center_axis',(3.00879284363065E-16,9.5568804369172E-16,
1.));
#4377=DIRECTION('ref_axis',(-3.9110129276568E-15,1.,-9.55688043691719E-16));
#4378=DIRECTION('center_axis',(6.10816545404255E-16,9.09428750999005E-16,
1.));
#4379=DIRECTION('ref_axis',(-3.9110129276568E-15,1.,-9.09428750999003E-16));
#4380=DIRECTION('',(-3.00879284363065E-16,-9.5568804369172E-16,-1.));
#4381=DIRECTION('center_axis',(-6.10816545404255E-16,-9.09428750999005E-16,
-1.));
#4382=DIRECTION('ref_axis',(-3.9110129276568E-15,1.,-9.09428750999003E-16));
#4383=DIRECTION('',(-3.00879284363065E-16,-9.5568804369172E-16,-1.));
#4384=DIRECTION('center_axis',(5.5511151231257E-17,1.,-9.5568804369172E-16));
#4385=DIRECTION('ref_axis',(1.,-5.55111512312577E-17,-6.10816545404256E-16));
#4386=DIRECTION('',(1.,-5.55111512312577E-17,-6.10816545404256E-16));
#4387=DIRECTION('',(1.,-5.55111512312577E-17,-6.10816545404256E-16));
#4388=DIRECTION('',(-3.00879284363065E-16,-9.5568804369172E-16,-1.));
#4389=DIRECTION('center_axis',(3.00879284363065E-16,9.5568804369172E-16,
1.));
#4390=DIRECTION('ref_axis',(0.818181818181817,0.57495957457607,-7.95655950961845E-16));
#4391=DIRECTION('center_axis',(6.10816545404255E-16,9.09428750999005E-16,
1.));
#4392=DIRECTION('ref_axis',(0.818181818181817,0.57495957457607,-1.02264375947603E-15));
#4393=DIRECTION('center_axis',(-6.10816545404255E-16,-9.09428750999005E-16,
-1.));
#4394=DIRECTION('ref_axis',(0.818181818181817,0.57495957457607,-1.02264375947603E-15));
#4395=DIRECTION('',(-3.00879284363065E-16,-9.5568804369172E-16,-1.));
#4396=DIRECTION('center_axis',(5.5511151231257E-17,1.,-9.5568804369172E-16));
#4397=DIRECTION('ref_axis',(3.00879284363065E-16,9.5568804369172E-16,1.));
#4398=DIRECTION('',(1.,-5.55111512312576E-17,6.91950571786529E-17));
#4399=DIRECTION('',(-6.92859241574247E-16,-9.11876812352794E-16,-1.));
#4400=DIRECTION('',(1.,-5.55111512312576E-17,6.91950571786529E-17));
#4401=DIRECTION('center_axis',(5.5511151231257E-17,1.,-9.5568804369172E-16));
#4402=DIRECTION('ref_axis',(-3.00879284363065E-16,-9.5568804369172E-16,
-1.));
#4403=DIRECTION('',(3.00879284363065E-16,9.5568804369172E-16,1.));
#4404=DIRECTION('',(1.,-5.55111512312578E-17,-1.0410279674465E-15));
#4405=DIRECTION('',(-1.,5.55111512312578E-17,1.0410279674465E-15));
#4406=DIRECTION('center_axis',(3.00879284363066E-16,2.15539360608282E-16,
1.));
#4407=DIRECTION('ref_axis',(0.697671396568376,-0.716417910447758,-5.54986121738431E-17));
#4408=DIRECTION('center_axis',(-6.10816545404255E-16,-9.09428750999004E-16,
-1.));
#4409=DIRECTION('ref_axis',(0.697671396568376,-0.716417910447758,-5.54986121738431E-17));
#4410=DIRECTION('',(3.00879284363066E-16,2.15539360608282E-16,1.));
#4411=DIRECTION('center_axis',(6.10816545404255E-16,9.09428750999004E-16,
1.));
#4412=DIRECTION('ref_axis',(0.697671396568376,-0.716417910447758,-5.54986121738431E-17));
#4413=DIRECTION('center_axis',(3.00879284363066E-16,2.15539360608282E-16,
1.));
#4414=DIRECTION('ref_axis',(-1.06606642705485E-14,-1.,2.15539360608285E-16));
#4415=DIRECTION('center_axis',(6.10816545404255E-16,9.09428750999005E-16,
1.));
#4416=DIRECTION('ref_axis',(-1.06606642705485E-14,-1.,9.09428750999011E-16));
#4417=DIRECTION('',(-3.00879284363066E-16,-2.15539360608282E-16,-1.));
#4418=DIRECTION('center_axis',(-6.10816545404255E-16,-9.09428750999005E-16,
-1.));
#4419=DIRECTION('ref_axis',(-1.06606642705485E-14,-1.,9.09428750999011E-16));
#4420=DIRECTION('',(-3.00879284363066E-16,-2.15539360608282E-16,-1.));
#4421=DIRECTION('center_axis',(-5.55111512312578E-17,-1.,2.15539360608282E-16));
#4422=DIRECTION('ref_axis',(-1.,5.55111512312577E-17,6.10816545404256E-16));
#4423=DIRECTION('',(-1.,5.55111512312577E-17,6.10816545404256E-16));
#4424=DIRECTION('',(-1.,5.55111512312577E-17,6.10816545404256E-16));
#4425=DIRECTION('',(-3.00879284363066E-16,-2.15539360608282E-16,-1.));
#4426=DIRECTION('center_axis',(3.00879284363066E-16,2.15539360608282E-16,
1.));
#4427=DIRECTION('ref_axis',(-0.8181818181818,-0.574959574576096,3.70100379013154E-16));
#4428=DIRECTION('center_axis',(6.10816545404255E-16,9.09428750999005E-16,
1.));
#4429=DIRECTION('ref_axis',(-0.8181818181818,-0.574959574576096,1.02264375947604E-15));
#4430=DIRECTION('center_axis',(-6.10816545404255E-16,-9.09428750999005E-16,
-1.));
#4431=DIRECTION('ref_axis',(-0.8181818181818,-0.574959574576096,1.02264375947604E-15));
#4432=DIRECTION('',(-3.00879284363066E-16,-2.15539360608282E-16,-1.));
#4433=DIRECTION('center_axis',(-1.,5.55111512312578E-17,1.0410279674465E-15));
#4434=DIRECTION('ref_axis',(1.0410279674465E-15,2.15539360608282E-16,1.));
#4435=DIRECTION('',(-5.55111512312578E-17,-1.,2.15539360608282E-16));
#4436=DIRECTION('',(-6.92859241574247E-16,-9.11876812352794E-16,-1.));
#4437=DIRECTION('',(-5.55111512312578E-17,-1.,2.15539360608282E-16));
#4438=DIRECTION('',(-6.92859241574247E-16,-9.11876812352794E-16,-1.));
#4439=DIRECTION('center_axis',(-5.55111512312578E-17,-1.,2.15539360608282E-16));
#4440=DIRECTION('ref_axis',(-3.00879284363066E-16,-2.15539360608282E-16,
-1.));
#4441=DIRECTION('',(1.0410279674465E-15,2.15539360608282E-16,1.));
#4442=DIRECTION('',(-1.,5.55111512312576E-17,-6.91950571786529E-17));
#4443=DIRECTION('',(1.,-5.55111512312576E-17,6.91950571786529E-17));
#4444=DIRECTION('center_axis',(-5.55111512312578E-17,-1.,2.15539360608282E-16));
#4445=DIRECTION('ref_axis',(1.0410279674465E-15,2.15539360608282E-16,1.));
#4446=DIRECTION('',(-1.,5.55111512312578E-17,1.0410279674465E-15));
#4447=DIRECTION('',(-1.0410279674465E-15,-2.15539360608282E-16,-1.));
#4448=DIRECTION('',(-1.,5.55111512312578E-17,1.0410279674465E-15));
#4449=DIRECTION('center_axis',(1.,-5.55111512312578E-17,-1.0410279674465E-15));
#4450=DIRECTION('ref_axis',(-1.0410279674465E-15,-2.15539360608282E-16,
-1.));
#4451=DIRECTION('',(5.55111512312578E-17,1.,-2.15539360608282E-16));
#4452=DIRECTION('',(-5.55111512312578E-17,-1.,2.15539360608282E-16));
#4453=DIRECTION('center_axis',(-5.55111512312578E-17,-1.,2.15539360608282E-16));
#4454=DIRECTION('ref_axis',(3.00879284363066E-16,2.15539360608282E-16,1.));
#4455=DIRECTION('',(-3.00879284363065E-16,-2.15539360608282E-16,-1.));
#4456=DIRECTION('',(-1.,5.55111512312578E-17,1.0410279674465E-15));
#4457=DIRECTION('',(-1.,5.55111512312578E-17,1.0410279674465E-15));
#4458=DIRECTION('center_axis',(-1.,5.55111512312577E-17,3.00879284363066E-16));
#4459=DIRECTION('ref_axis',(-3.00879284363065E-16,-9.5568804369172E-16,
-1.));
#4460=DIRECTION('',(5.5511151231257E-17,1.,-9.74958299260008E-16));
#4461=DIRECTION('',(-5.5511151231257E-17,-1.,9.74958299260008E-16));
#4462=DIRECTION('center_axis',(3.00879284363065E-16,9.5568804369172E-16,
1.));
#4463=DIRECTION('ref_axis',(-0.697671396568371,0.716417910447763,-4.7475716078146E-16));
#4464=DIRECTION('center_axis',(-6.10816545404255E-16,-9.09428750999004E-16,
-1.));
#4465=DIRECTION('ref_axis',(-0.697671396568371,0.716417910447763,-4.7475716078146E-16));
#4466=DIRECTION('',(3.00879284363065E-16,9.5568804369172E-16,1.));
#4467=DIRECTION('center_axis',(6.10816545404255E-16,9.09428750999004E-16,
1.));
#4468=DIRECTION('ref_axis',(-0.697671396568371,0.716417910447763,-4.7475716078146E-16));
#4469=DIRECTION('center_axis',(3.00879284363065E-16,9.5568804369172E-16,
1.));
#4470=DIRECTION('ref_axis',(-0.69767139656837,0.716417910447764,-4.74757160781462E-16));
#4471=DIRECTION('center_axis',(-6.10816545404255E-16,-9.09428750999004E-16,
-1.));
#4472=DIRECTION('ref_axis',(-0.69767139656837,0.716417910447764,-4.74757160781462E-16));
#4473=DIRECTION('',(3.00879284363065E-16,9.5568804369172E-16,1.));
#4474=DIRECTION('center_axis',(6.10816545404255E-16,9.09428750999004E-16,
1.));
#4475=DIRECTION('ref_axis',(-0.69767139656837,0.716417910447764,-4.74757160781462E-16));
#4476=DIRECTION('center_axis',(3.00879284363066E-16,2.15539360608282E-16,
1.));
#4477=DIRECTION('ref_axis',(0.697671396568375,-0.716417910447759,-5.54986121738425E-17));
#4478=DIRECTION('center_axis',(-6.10816545404255E-16,-9.09428750999004E-16,
-1.));
#4479=DIRECTION('ref_axis',(0.697671396568375,-0.716417910447759,-5.54986121738425E-17));
#4480=DIRECTION('',(3.00879284363066E-16,2.15539360608282E-16,1.));
#4481=DIRECTION('center_axis',(6.10816545404255E-16,9.09428750999004E-16,
1.));
#4482=DIRECTION('ref_axis',(0.697671396568375,-0.716417910447759,-5.54986121738425E-17));
#4483=DIRECTION('center_axis',(-1.,5.55111512312578E-17,1.0410279674465E-15));
#4484=DIRECTION('ref_axis',(1.0410279674465E-15,2.15539360608282E-16,1.));
#4485=DIRECTION('',(1.0410279674465E-15,9.5568804369172E-16,1.));
#4486=DIRECTION('',(5.55111512312571E-17,1.,-9.09428750999005E-16));
#4487=DIRECTION('',(5.55111512312571E-17,1.,-9.09428750999005E-16));
#4488=DIRECTION('center_axis',(1.0410279674465E-15,9.5568804369172E-16,
1.));
#4489=DIRECTION('ref_axis',(0.707106781186548,0.707106781186547,-8.88527278685E-16));
#4490=DIRECTION('center_axis',(-6.10816545404255E-16,-9.09428750999004E-16,
-1.));
#4491=DIRECTION('ref_axis',(0.707106781186548,0.707106781186547,-8.88527278685E-16));
#4492=DIRECTION('',(-1.0410279674465E-15,-9.5568804369172E-16,-1.));
#4493=DIRECTION('center_axis',(6.10816545404255E-16,9.09428750999004E-16,
1.));
#4494=DIRECTION('ref_axis',(0.707106781186548,0.707106781186547,-8.88527278685E-16));
#4495=DIRECTION('center_axis',(-1.11022302462515E-16,-1.,9.5568804369172E-16));
#4496=DIRECTION('ref_axis',(-1.,1.11022302462516E-16,6.10816545404256E-16));
#4497=DIRECTION('',(1.0410279674465E-15,9.5568804369172E-16,1.));
#4498=DIRECTION('',(1.,-5.55111512312576E-17,6.91950571786529E-17));
#4499=DIRECTION('',(-1.,1.11022302462516E-16,6.10816545404256E-16));
#4500=DIRECTION('center_axis',(1.0410279674465E-15,9.5568804369172E-16,
1.));
#4501=DIRECTION('ref_axis',(-0.707106781186547,0.707106781186548,-3.134870989889E-16));
#4502=DIRECTION('center_axis',(-6.10816545404255E-16,-9.09428750999004E-16,
-1.));
#4503=DIRECTION('ref_axis',(-0.707106781186547,0.707106781186548,-3.134870989889E-16));
#4504=DIRECTION('',(-1.0410279674465E-15,-9.5568804369172E-16,-1.));
#4505=DIRECTION('center_axis',(6.10816545404255E-16,9.09428750999004E-16,
1.));
#4506=DIRECTION('ref_axis',(-0.707106781186547,0.707106781186548,-3.134870989889E-16));
#4507=DIRECTION('center_axis',(-5.55111512312578E-17,-1.,2.15539360608282E-16));
#4508=DIRECTION('ref_axis',(-1.,5.55111512312578E-17,1.0410279674465E-15));
#4509=DIRECTION('',(-1.,5.55111512312577E-17,6.10816545404256E-16));
#4510=DIRECTION('',(-1.0410279674465E-15,-2.15539360608282E-16,-1.));
#4511=DIRECTION('',(1.,-5.55111512312577E-17,-6.10816545404256E-16));
#4512=DIRECTION('',(-1.0410279674465E-15,-2.15539360608282E-16,-1.));
#4513=DIRECTION('center_axis',(1.,-5.55111512312578E-17,-1.0410279674465E-15));
#4514=DIRECTION('ref_axis',(-5.55111512312578E-17,-1.,2.15539360608282E-16));
#4515=DIRECTION('',(-5.55111512312571E-17,-1.,9.09428750999005E-16));
#4516=DIRECTION('',(-1.0410279674465E-15,-2.15539360608282E-16,-1.));
#4517=DIRECTION('',(5.55111512312571E-17,1.,-9.09428750999005E-16));
#4518=DIRECTION('center_axis',(5.55111512312578E-17,1.,-2.15539360608282E-16));
#4519=DIRECTION('ref_axis',(1.,-5.55111512312578E-17,-1.0410279674465E-15));
#4520=DIRECTION('',(1.,-5.55111512312577E-17,-6.10816545404256E-16));
#4521=DIRECTION('',(-1.0410279674465E-15,-2.15539360608282E-16,-1.));
#4522=DIRECTION('',(-1.,5.55111512312577E-17,6.10816545404256E-16));
#4523=DIRECTION('center_axis',(-1.,5.55111512312578E-17,1.0410279674465E-15));
#4524=DIRECTION('ref_axis',(5.55111512312578E-17,1.,-2.15539360608282E-16));
#4525=DIRECTION('',(5.55111512312571E-17,1.,-9.09428750999005E-16));
#4526=DIRECTION('',(-5.55111512312571E-17,-1.,9.09428750999005E-16));
#4527=DIRECTION('center_axis',(1.,-5.55111512312578E-17,-1.0410279674465E-15));
#4528=DIRECTION('ref_axis',(-1.0410279674465E-15,-2.15539360608282E-16,
-1.));
#4529=DIRECTION('',(-5.55111512312571E-17,-1.,9.09428750999005E-16));
#4530=DIRECTION('',(-1.0410279674465E-15,0.,-1.));
#4531=DIRECTION('',(-5.55111512312571E-17,-1.,9.09428750999005E-16));
#4532=DIRECTION('center_axis',(-1.,0.,2.36294822993024E-15));
#4533=DIRECTION('ref_axis',(-2.36294822993024E-15,0.,-1.));
#4534=DIRECTION('',(0.,0.,1.));
#4535=DIRECTION('',(0.,1.,0.));
#4536=DIRECTION('',(-2.36294822993024E-15,0.,-1.));
#4537=DIRECTION('',(0.,-1.,0.));
#4538=DIRECTION('center_axis',(1.,0.,-2.36294822993024E-15));
#4539=DIRECTION('ref_axis',(0.,-1.,0.));
#4540=DIRECTION('center_axis',(1.,0.,-2.36294822993024E-15));
#4541=DIRECTION('ref_axis',(0.,-1.,0.));
#4542=DIRECTION('center_axis',(0.,0.,1.));
#4543=DIRECTION('ref_axis',(-1.,0.,0.));
#4544=DIRECTION('',(0.,-1.,0.));
#4545=DIRECTION('',(1.,0.,0.));
#4546=DIRECTION('',(-1.,0.,0.));
#4547=DIRECTION('',(-0.707106781186548,0.707106781186548,0.));
#4548=DIRECTION('',(0.,1.,5.63541148661304E-16));
#4549=DIRECTION('',(-1.,2.87270207621757E-15,1.09254661514714E-30));
#4550=DIRECTION('',(0.,1.,5.63541148661304E-16));
#4551=DIRECTION('',(1.,-9.33985413303974E-16,0.));
#4552=DIRECTION('',(0.707106781186548,-0.707106781186548,0.));
#4553=DIRECTION('center_axis',(-3.00879284363075E-16,-7.99096072055884E-15,
-1.));
#4554=DIRECTION('ref_axis',(-6.78371500387437E-15,-1.,7.99096072055884E-15));
#4555=DIRECTION('center_axis',(-6.10816545404265E-16,-8.03722001325156E-15,
-1.));
#4556=DIRECTION('ref_axis',(-6.78371500387437E-15,-1.,8.03722001325156E-15));
#4557=DIRECTION('',(-3.00879284363075E-16,-7.99096072055884E-15,-1.));
#4558=DIRECTION('center_axis',(6.10816545404265E-16,8.03722001325156E-15,
1.));
#4559=DIRECTION('ref_axis',(-6.78371500387437E-15,-1.,8.03722001325156E-15));
#4560=DIRECTION('',(-3.00879284363075E-16,-7.99096072055884E-15,-1.));
#4561=DIRECTION('center_axis',(2.81719092498632E-15,1.,-7.99096072055884E-15));
#4562=DIRECTION('ref_axis',(1.,-2.81719092498632E-15,-6.10816545404243E-16));
#4563=DIRECTION('',(1.,-2.81719092498632E-15,-6.10816545404243E-16));
#4564=DIRECTION('',(-3.00879284363075E-16,-7.99096072055884E-15,-1.));
#4565=DIRECTION('',(1.,-2.81719092498632E-15,-6.10816545404243E-16));
#4566=DIRECTION('center_axis',(-3.00879284363075E-16,-7.99096072055884E-15,
-1.));
#4567=DIRECTION('ref_axis',(0.818181818181816,-0.574959574576073,4.34830541641319E-15));
#4568=DIRECTION('center_axis',(-6.10816545404265E-16,-8.03722001325156E-15,
-1.));
#4569=DIRECTION('ref_axis',(0.818181818181816,-0.574959574576073,4.12131760789901E-15));
#4570=DIRECTION('',(-3.00879284363075E-16,-7.99096072055884E-15,-1.));
#4571=DIRECTION('center_axis',(6.10816545404265E-16,8.03722001325156E-15,
1.));
#4572=DIRECTION('ref_axis',(0.818181818181816,-0.574959574576073,4.12131760789901E-15));
#4573=DIRECTION('center_axis',(2.81719092498632E-15,1.,-7.99096072055884E-15));
#4574=DIRECTION('ref_axis',(3.00879284363075E-16,7.99096072055884E-15,1.));
#4575=DIRECTION('',(1.,-2.81719092498631E-15,6.91950571786652E-17));
#4576=DIRECTION('',(-6.92859241574257E-16,-8.03477195189777E-15,-1.));
#4577=DIRECTION('',(1.,-2.81719092498631E-15,6.91950571786652E-17));
#4578=DIRECTION('center_axis',(2.81719092498632E-15,1.,-7.99096072055884E-15));
#4579=DIRECTION('ref_axis',(-3.00879284363075E-16,-7.99096072055884E-15,
-1.));
#4580=DIRECTION('',(3.00879284363075E-16,7.99096072055884E-15,1.));
#4581=DIRECTION('',(-1.,2.81719092498632E-15,1.04102796744649E-15));
#4582=DIRECTION('',(1.,-2.81719092498632E-15,-1.04102796744649E-15));
#4583=DIRECTION('center_axis',(-3.00879284363078E-16,-8.73110940364228E-15,
-1.));
#4584=DIRECTION('ref_axis',(0.697671396568378,0.716417910447756,-6.46503802536824E-15));
#4585=DIRECTION('center_axis',(6.10816545404265E-16,8.03722001325156E-15,
1.));
#4586=DIRECTION('ref_axis',(0.697671396568378,0.716417910447756,-6.46503802536824E-15));
#4587=DIRECTION('',(3.00879284363078E-16,8.73110940364228E-15,1.));
#4588=DIRECTION('center_axis',(-6.10816545404265E-16,-8.03722001325156E-15,
-1.));
#4589=DIRECTION('ref_axis',(0.697671396568378,0.716417910447756,-6.46503802536824E-15));
#4590=DIRECTION('center_axis',(-3.00879284363078E-16,-8.73110940364228E-15,
-1.));
#4591=DIRECTION('ref_axis',(-7.78796219433095E-15,1.,-8.73110940364228E-15));
#4592=DIRECTION('center_axis',(-6.10816545404265E-16,-8.03722001325156E-15,
-1.));
#4593=DIRECTION('ref_axis',(-7.78796219433095E-15,1.,-8.03722001325155E-15));
#4594=DIRECTION('',(-3.00879284363078E-16,-8.73110940364228E-15,-1.));
#4595=DIRECTION('center_axis',(6.10816545404265E-16,8.03722001325156E-15,
1.));
#4596=DIRECTION('ref_axis',(-7.78796219433095E-15,1.,-8.03722001325155E-15));
#4597=DIRECTION('',(-3.00879284363078E-16,-8.73110940364228E-15,-1.));
#4598=DIRECTION('center_axis',(-2.81719092498631E-15,-1.,8.73110940364228E-15));
#4599=DIRECTION('ref_axis',(-1.,2.81719092498632E-15,6.10816545404243E-16));
#4600=DIRECTION('',(-1.,2.81719092498632E-15,6.10816545404243E-16));
#4601=DIRECTION('',(-3.00879284363078E-16,-8.73110940364228E-15,-1.));
#4602=DIRECTION('',(-1.,2.81719092498632E-15,6.10816545404243E-16));
#4603=DIRECTION('center_axis',(-3.00879284363078E-16,-8.73110940364228E-15,
-1.));
#4604=DIRECTION('ref_axis',(-0.818181818181798,0.574959574576098,-4.77386098836211E-15));
#4605=DIRECTION('center_axis',(-6.10816545404265E-16,-8.03722001325156E-15,
-1.));
#4606=DIRECTION('ref_axis',(-0.818181818181798,0.574959574576098,-4.12131760789923E-15));
#4607=DIRECTION('',(-3.00879284363078E-16,-8.73110940364228E-15,-1.));
#4608=DIRECTION('center_axis',(6.10816545404265E-16,8.03722001325156E-15,
1.));
#4609=DIRECTION('ref_axis',(-0.818181818181798,0.574959574576098,-4.12131760789923E-15));
#4610=DIRECTION('center_axis',(1.,-2.81719092498632E-15,-1.04102796744649E-15));
#4611=DIRECTION('ref_axis',(1.04102796744652E-15,8.73110940364228E-15,1.));
#4612=DIRECTION('',(2.81719092498631E-15,1.,-8.73110940364228E-15));
#4613=DIRECTION('',(-6.92859241574257E-16,-8.03477195189777E-15,-1.));
#4614=DIRECTION('',(2.81719092498631E-15,1.,-8.73110940364228E-15));
#4615=DIRECTION('',(-6.92859241574257E-16,-8.03477195189777E-15,-1.));
#4616=DIRECTION('center_axis',(-2.81719092498631E-15,-1.,8.73110940364228E-15));
#4617=DIRECTION('ref_axis',(-3.00879284363078E-16,-8.73110940364228E-15,
-1.));
#4618=DIRECTION('',(1.04102796744652E-15,8.73110940364228E-15,1.));
#4619=DIRECTION('',(1.,-2.81719092498631E-15,6.91950571786652E-17));
#4620=DIRECTION('',(-1.,2.81719092498631E-15,-6.91950571786652E-17));
#4621=DIRECTION('center_axis',(-2.81719092498631E-15,-1.,8.73110940364228E-15));
#4622=DIRECTION('ref_axis',(1.04102796744652E-15,8.73110940364228E-15,1.));
#4623=DIRECTION('',(-1.,2.81719092498632E-15,1.04102796744649E-15));
#4624=DIRECTION('',(-1.04102796744652E-15,-8.73110940364228E-15,-1.));
#4625=DIRECTION('',(-1.,2.81719092498632E-15,1.04102796744649E-15));
#4626=DIRECTION('center_axis',(-1.,2.81719092498632E-15,1.04102796744649E-15));
#4627=DIRECTION('ref_axis',(-1.04102796744652E-15,-8.73110940364228E-15,
-1.));
#4628=DIRECTION('',(2.81719092498631E-15,1.,-8.73110940364228E-15));
#4629=DIRECTION('',(-2.81719092498631E-15,-1.,8.73110940364228E-15));
#4630=DIRECTION('center_axis',(-2.81719092498631E-15,-1.,8.73110940364228E-15));
#4631=DIRECTION('ref_axis',(3.00879284363078E-16,8.73110940364228E-15,1.));
#4632=DIRECTION('',(-3.00879284363077E-16,-8.73110940364228E-15,-1.));
#4633=DIRECTION('',(-1.,2.81719092498632E-15,1.04102796744649E-15));
#4634=DIRECTION('',(-1.,2.81719092498632E-15,1.04102796744649E-15));
#4635=DIRECTION('center_axis',(1.,-2.81719092498632E-15,-3.00879284363053E-16));
#4636=DIRECTION('ref_axis',(-3.00879284363075E-16,-7.99096072055884E-15,
-1.));
#4637=DIRECTION('',(2.81719092498632E-15,1.,-7.97169046499055E-15));
#4638=DIRECTION('',(-2.81719092498632E-15,-1.,7.97169046499055E-15));
#4639=DIRECTION('center_axis',(-3.00879284363075E-16,-7.99096072055884E-15,
-1.));
#4640=DIRECTION('ref_axis',(-0.697671396568373,-0.716417910447761,5.93478225241298E-15));
#4641=DIRECTION('center_axis',(6.10816545404265E-16,8.03722001325156E-15,
1.));
#4642=DIRECTION('ref_axis',(-0.697671396568373,-0.716417910447761,5.93478225241298E-15));
#4643=DIRECTION('',(3.00879284363075E-16,7.99096072055884E-15,1.));
#4644=DIRECTION('center_axis',(-6.10816545404265E-16,-8.03722001325156E-15,
-1.));
#4645=DIRECTION('ref_axis',(-0.697671396568373,-0.716417910447761,5.93478225241298E-15));
#4646=DIRECTION('center_axis',(-3.00879284363075E-16,-7.99096072055884E-15,
-1.));
#4647=DIRECTION('ref_axis',(-0.697671396568372,-0.716417910447762,5.93478225241299E-15));
#4648=DIRECTION('center_axis',(6.10816545404265E-16,8.03722001325156E-15,
1.));
#4649=DIRECTION('ref_axis',(-0.697671396568372,-0.716417910447762,5.93478225241299E-15));
#4650=DIRECTION('',(3.00879284363075E-16,7.99096072055884E-15,1.));
#4651=DIRECTION('center_axis',(-6.10816545404265E-16,-8.03722001325156E-15,
-1.));
#4652=DIRECTION('ref_axis',(-0.697671396568372,-0.716417910447762,5.93478225241299E-15));
#4653=DIRECTION('center_axis',(-3.00879284363078E-16,-8.73110940364228E-15,
-1.));
#4654=DIRECTION('ref_axis',(0.697671396568377,0.716417910447757,-6.46503802536825E-15));
#4655=DIRECTION('center_axis',(6.10816545404265E-16,8.03722001325156E-15,
1.));
#4656=DIRECTION('ref_axis',(0.697671396568377,0.716417910447757,-6.46503802536825E-15));
#4657=DIRECTION('',(3.00879284363078E-16,8.73110940364228E-15,1.));
#4658=DIRECTION('center_axis',(-6.10816545404265E-16,-8.03722001325156E-15,
-1.));
#4659=DIRECTION('ref_axis',(0.697671396568377,0.716417910447757,-6.46503802536825E-15));
#4660=DIRECTION('center_axis',(1.,-2.81719092498632E-15,-1.04102796744649E-15));
#4661=DIRECTION('ref_axis',(1.04102796744652E-15,8.73110940364228E-15,1.));
#4662=DIRECTION('',(1.04102796744651E-15,7.99096072055884E-15,1.));
#4663=DIRECTION('',(-2.81719092498632E-15,-1.,8.03722001325156E-15));
#4664=DIRECTION('',(-2.81719092498632E-15,-1.,8.03722001325156E-15));
#4665=DIRECTION('center_axis',(-1.04102796744651E-15,-7.99096072055884E-15,
-1.));
#4666=DIRECTION('ref_axis',(0.707106781186546,-0.70710678118655,5.43770873141083E-15));
#4667=DIRECTION('center_axis',(6.10816545404265E-16,8.03722001325156E-15,
1.));
#4668=DIRECTION('ref_axis',(0.707106781186546,-0.70710678118655,5.43770873141083E-15));
#4669=DIRECTION('center_axis',(-6.10816545404265E-16,-8.03722001325156E-15,
-1.));
#4670=DIRECTION('ref_axis',(0.707106781186546,-0.70710678118655,5.43770873141083E-15));
#4671=DIRECTION('',(-1.04102796744651E-15,-7.99096072055884E-15,-1.));
#4672=DIRECTION('center_axis',(-2.76167977375506E-15,-1.,7.99096072055884E-15));
#4673=DIRECTION('ref_axis',(-1.,2.76167977375506E-15,6.10816545404244E-16));
#4674=DIRECTION('',(1.04102796744651E-15,7.99096072055884E-15,1.));
#4675=DIRECTION('',(-1.,2.76167977375506E-15,6.10816545404244E-16));
#4676=DIRECTION('',(1.,-2.81719092498631E-15,6.91950571786652E-17));
#4677=DIRECTION('center_axis',(-1.04102796744651E-15,-7.99096072055884E-15,
-1.));
#4678=DIRECTION('ref_axis',(-0.70710678118655,-0.707106781186546,6.01274891110691E-15));
#4679=DIRECTION('center_axis',(6.10816545404265E-16,8.03722001325156E-15,
1.));
#4680=DIRECTION('ref_axis',(-0.70710678118655,-0.707106781186546,6.01274891110691E-15));
#4681=DIRECTION('center_axis',(-6.10816545404265E-16,-8.03722001325156E-15,
-1.));
#4682=DIRECTION('ref_axis',(-0.70710678118655,-0.707106781186546,6.01274891110691E-15));
#4683=DIRECTION('',(-1.04102796744651E-15,-7.99096072055884E-15,-1.));
#4684=DIRECTION('center_axis',(-2.81719092498631E-15,-1.,8.73110940364228E-15));
#4685=DIRECTION('ref_axis',(-1.,2.81719092498632E-15,1.04102796744649E-15));
#4686=DIRECTION('',(-1.,2.81719092498632E-15,6.10816545404243E-16));
#4687=DIRECTION('',(-1.04102796744652E-15,-8.73110940364228E-15,-1.));
#4688=DIRECTION('',(1.,-2.81719092498632E-15,-6.10816545404243E-16));
#4689=DIRECTION('',(-1.04102796744652E-15,-8.73110940364228E-15,-1.));
#4690=DIRECTION('center_axis',(-1.,2.81719092498632E-15,1.04102796744649E-15));
#4691=DIRECTION('ref_axis',(2.81719092498631E-15,1.,-8.73110940364228E-15));
#4692=DIRECTION('',(2.81719092498632E-15,1.,-8.03722001325156E-15));
#4693=DIRECTION('',(-2.81719092498632E-15,-1.,8.03722001325156E-15));
#4694=DIRECTION('',(-1.04102796744652E-15,-8.73110940364228E-15,-1.));
#4695=DIRECTION('center_axis',(2.81719092498631E-15,1.,-8.73110940364228E-15));
#4696=DIRECTION('ref_axis',(1.,-2.81719092498632E-15,-1.04102796744649E-15));
#4697=DIRECTION('',(1.,-2.81719092498632E-15,-6.10816545404243E-16));
#4698=DIRECTION('',(-1.,2.81719092498632E-15,6.10816545404243E-16));
#4699=DIRECTION('',(-1.04102796744652E-15,-8.73110940364228E-15,-1.));
#4700=DIRECTION('center_axis',(1.,-2.81719092498632E-15,-1.04102796744649E-15));
#4701=DIRECTION('ref_axis',(-2.81719092498631E-15,-1.,8.73110940364228E-15));
#4702=DIRECTION('',(-2.81719092498632E-15,-1.,8.03722001325156E-15));
#4703=DIRECTION('',(2.81719092498632E-15,1.,-8.03722001325156E-15));
#4704=DIRECTION('center_axis',(-1.,2.81719092498632E-15,1.04102796744649E-15));
#4705=DIRECTION('ref_axis',(-1.04102796744652E-15,-8.73110940364228E-15,
-1.));
#4706=DIRECTION('',(2.81719092498632E-15,1.,-8.03722001325156E-15));
#4707=DIRECTION('',(1.04102796744652E-15,8.94664876425056E-15,1.));
#4708=DIRECTION('',(2.81719092498632E-15,1.,-8.03722001325156E-15));
#4709=DIRECTION('center_axis',(0.,1.,5.63541148661304E-16));
#4710=DIRECTION('ref_axis',(0.,-5.63541148661304E-16,1.));
#4711=DIRECTION('',(0.,5.63541148661304E-16,-1.));
#4712=DIRECTION('',(0.,1.45877478042138E-15,-1.));
#4713=DIRECTION('',(-1.,0.,0.));
#4714=DIRECTION('center_axis',(0.,5.63541148661304E-16,-1.));
#4715=DIRECTION('ref_axis',(-1.,0.,0.));
#4716=DIRECTION('',(1.,-2.87270207621757E-15,-1.61888582779336E-30));
#4717=DIRECTION('',(0.,1.,5.63541148661304E-16));
#4718=DIRECTION('',(0.707106781186548,-0.707106781186548,-3.98483767696064E-16));
#4719=DIRECTION('',(-1.,0.,0.));
#4720=DIRECTION('',(-1.,0.,0.));
#4721=DIRECTION('',(0.,-1.,0.));
#4722=DIRECTION('',(-0.707106781186548,0.707106781186548,3.98483767696064E-16));
#4723=DIRECTION('',(0.,1.,5.63541148661304E-16));
#4724=DIRECTION('center_axis',(1.,0.,0.));
#4725=DIRECTION('ref_axis',(0.,1.45877478042138E-15,-1.));
#4726=DIRECTION('',(0.,8.94664876425056E-15,1.));
#4727=DIRECTION('center_axis',(-1.,0.,0.));
#4728=DIRECTION('ref_axis',(0.,1.,0.));
#4729=DIRECTION('center_axis',(-1.,0.,0.));
#4730=DIRECTION('ref_axis',(0.,1.,0.));
#4731=DIRECTION('center_axis',(-1.,0.,0.));
#4732=DIRECTION('ref_axis',(0.,0.,1.));
#4733=DIRECTION('',(0.,0.,1.));
#4734=DIRECTION('',(0.,-8.94664876425056E-15,-1.));
#4735=DIRECTION('center_axis',(0.,-1.,0.));
#4736=DIRECTION('ref_axis',(0.,0.,-1.));
#4737=DIRECTION('',(0.,0.,-1.));
#4738=DIRECTION('center_axis',(-0.707106781186548,-0.707106781186548,0.));
#4739=DIRECTION('ref_axis',(0.,0.,1.));
#4740=DIRECTION('center_axis',(1.,0.,0.));
#4741=DIRECTION('ref_axis',(0.,0.,1.));
#4742=DIRECTION('',(0.,-5.63541148661304E-16,1.));
#4743=DIRECTION('',(0.,0.,-1.));
#4744=DIRECTION('center_axis',(-1.,0.,0.));
#4745=DIRECTION('ref_axis',(0.,-1.,0.));
#4746=DIRECTION('center_axis',(-1.,0.,0.));
#4747=DIRECTION('ref_axis',(0.,-1.,0.));
#4748=DIRECTION('center_axis',(0.707106781186548,0.707106781186548,3.98483767696064E-16));
#4749=DIRECTION('ref_axis',(5.63541148661304E-16,0.,-1.));
#4750=DIRECTION('center_axis',(1.,0.,0.));
#4751=DIRECTION('ref_axis',(0.,1.,0.));
#4752=DIRECTION('center_axis',(-1.,0.,0.));
#4753=DIRECTION('ref_axis',(0.,1.,0.));
#4754=DIRECTION('center_axis',(-1.,0.,0.));
#4755=DIRECTION('ref_axis',(0.,1.,0.));
#4756=DIRECTION('',(-1.,0.,0.));
#4757=DIRECTION('center_axis',(1.,0.,0.));
#4758=DIRECTION('ref_axis',(0.,1.,0.));
#4759=DIRECTION('center_axis',(-1.,0.,0.));
#4760=DIRECTION('ref_axis',(0.,1.,0.));
#4761=DIRECTION('center_axis',(-1.,0.,0.));
#4762=DIRECTION('ref_axis',(0.,1.,0.));
#4763=DIRECTION('',(-1.,0.,0.));
#4764=DIRECTION('center_axis',(1.,0.,0.));
#4765=DIRECTION('ref_axis',(0.,-1.,0.));
#4766=DIRECTION('',(1.,0.,0.));
#4767=DIRECTION('center_axis',(1.,0.,0.));
#4768=DIRECTION('ref_axis',(0.,-1.,0.));
#4769=DIRECTION('',(1.,0.,0.));
#4770=DIRECTION('center_axis',(-6.10816545404265E-16,-8.03722001325156E-15,
-1.));
#4771=DIRECTION('ref_axis',(-1.,2.81719092498632E-15,6.10816545404243E-16));
#4772=DIRECTION('',(-1.,2.87270207621758E-15,6.10816545404242E-16));
#4773=DIRECTION('center_axis',(-6.10816545404265E-16,-8.03722001325156E-15,
-1.));
#4774=DIRECTION('ref_axis',(-1.,2.81719092498632E-15,6.10816545404243E-16));
#4775=DIRECTION('',(0.,1.,-8.03722001325156E-15));
#4776=DIRECTION('',(-1.,2.87270207621757E-15,0.));
#4777=DIRECTION('center_axis',(-1.,0.,0.));
#4778=DIRECTION('ref_axis',(0.,-1.,0.));
#4779=DIRECTION('',(0.,0.,1.));
#4780=DIRECTION('center_axis',(1.,0.,0.));
#4781=DIRECTION('ref_axis',(0.,1.,0.));
#4782=DIRECTION('center_axis',(-1.,0.,0.));
#4783=DIRECTION('ref_axis',(0.,-1.,0.));
#4784=DIRECTION('',(0.,8.07434927000112E-15,1.));
#4785=DIRECTION('',(0.,1.,0.));
#4786=DIRECTION('center_axis',(6.10816545404255E-16,9.09428750999004E-16,
1.));
#4787=DIRECTION('ref_axis',(-1.,5.55111512312577E-17,6.10816545404256E-16));
#4788=DIRECTION('',(0.,-1.,9.09428750999004E-16));
#4789=DIRECTION('',(1.,0.,-6.10816545404255E-16));
#4790=DIRECTION('',(1.,0.,-6.10816545404255E-16));
#4791=DIRECTION('center_axis',(6.10816545404255E-16,9.09428750999004E-16,
1.));
#4792=DIRECTION('ref_axis',(-1.,5.55111512312577E-17,6.10816545404256E-16));
#4793=DIRECTION('',(-1.,0.,6.10816545404255E-16));
#4794=DIRECTION('center_axis',(-1.,0.,0.));
#4795=DIRECTION('ref_axis',(0.,-1.,0.));
#4796=DIRECTION('',(0.,0.,-1.));
#4797=DIRECTION('center_axis',(0.,1.,0.));
#4798=DIRECTION('ref_axis',(-1.,0.,0.));
#4799=DIRECTION('',(-1.,0.,0.));
#4800=DIRECTION('',(0.,0.,1.));
#4801=DIRECTION('',(0.,0.,-1.));
#4802=DIRECTION('',(-1.,0.,0.));
#4803=DIRECTION('',(0.,0.,1.));
#4804=DIRECTION('center_axis',(0.,-1.,0.));
#4805=DIRECTION('ref_axis',(-1.,0.,0.));
#4806=DIRECTION('center_axis',(0.,-1.,0.));
#4807=DIRECTION('ref_axis',(-1.,0.,0.));
#4808=DIRECTION('center_axis',(0.,-1.,0.));
#4809=DIRECTION('ref_axis',(-1.,0.,0.));
#4810=DIRECTION('center_axis',(0.,-1.,0.));
#4811=DIRECTION('ref_axis',(-1.,0.,0.));
#4812=DIRECTION('center_axis',(1.,0.,0.));
#4813=DIRECTION('ref_axis',(0.,1.,0.));
#4814=DIRECTION('',(0.,0.,1.));
#4815=DIRECTION('center_axis',(-1.,0.,0.));
#4816=DIRECTION('ref_axis',(0.,-1.,0.));
#4817=DIRECTION('',(0.,1.,0.));
#4818=DIRECTION('center_axis',(1.,0.,0.));
#4819=DIRECTION('ref_axis',(0.,1.,0.));
#4820=DIRECTION('',(0.,0.,1.));
#4821=DIRECTION('',(0.,-1.,0.));
#4822=DIRECTION('center_axis',(2.87270207621757E-15,1.,-8.94664876425056E-15));
#4823=DIRECTION('ref_axis',(1.2850528240126E-29,8.94664876425056E-15,1.));
#4824=DIRECTION('',(0.,0.,1.));
#4825=DIRECTION('center_axis',(0.,1.,0.));
#4826=DIRECTION('ref_axis',(0.,0.,1.));
#4827=DIRECTION('',(0.,0.,1.));
#4828=DIRECTION('center_axis',(-1.,0.,0.));
#4829=DIRECTION('ref_axis',(0.,0.,1.));
#4830=DIRECTION('center_axis',(0.,0.,1.));
#4831=DIRECTION('ref_axis',(1.,0.,0.));
#4832=DIRECTION('',(-1.,0.,0.));
#4833=DIRECTION('center_axis',(0.,0.,-1.));
#4834=DIRECTION('ref_axis',(1.,0.,0.));
#4835=DIRECTION('center_axis',(0.,1.,0.));
#4836=DIRECTION('ref_axis',(0.,0.,1.));
#4837=DIRECTION('center_axis',(0.,-1.,0.));
#4838=DIRECTION('ref_axis',(1.,0.,0.));
#4839=DIRECTION('center_axis',(0.,1.,0.));
#4840=DIRECTION('ref_axis',(1.,0.,0.));
#4841=DIRECTION('center_axis',(0.,1.,0.));
#4842=DIRECTION('ref_axis',(1.,0.,0.));
#4843=DIRECTION('',(0.,1.,0.));
#4844=DIRECTION('center_axis',(0.,1.,0.));
#4845=DIRECTION('ref_axis',(1.,0.,0.));
#4846=DIRECTION('',(0.,1.,0.));
#4847=DIRECTION('center_axis',(0.,-1.,8.07434927000112E-15));
#4848=DIRECTION('ref_axis',(1.,0.,0.));
#4849=DIRECTION('center_axis',(0.,-1.,0.));
#4850=DIRECTION('ref_axis',(1.,0.,0.));
#4851=DIRECTION('center_axis',(0.,1.,0.));
#4852=DIRECTION('ref_axis',(1.,0.,0.));
#4853=DIRECTION('center_axis',(0.,1.,0.));
#4854=DIRECTION('ref_axis',(1.,0.,0.));
#4855=DIRECTION('',(0.,1.,0.));
#4856=DIRECTION('center_axis',(0.,1.,0.));
#4857=DIRECTION('ref_axis',(1.,0.,0.));
#4858=DIRECTION('',(0.,1.,0.));
#4859=DIRECTION('center_axis',(0.,0.,1.));
#4860=DIRECTION('ref_axis',(1.,0.,0.));
#4861=DIRECTION('center_axis',(0.,0.,-1.));
#4862=DIRECTION('ref_axis',(1.,0.,0.));
#4863=DIRECTION('center_axis',(0.,0.,-1.));
#4864=DIRECTION('ref_axis',(1.,0.,0.));
#4865=DIRECTION('',(0.,0.,-1.));
#4866=DIRECTION('center_axis',(0.,0.,1.));
#4867=DIRECTION('ref_axis',(1.,0.,0.));
#4868=DIRECTION('center_axis',(0.,0.,-1.));
#4869=DIRECTION('ref_axis',(1.,0.,0.));
#4870=DIRECTION('center_axis',(0.,0.,-1.));
#4871=DIRECTION('ref_axis',(1.,0.,0.));
#4872=DIRECTION('',(0.,0.,-1.));
#4873=DIRECTION('center_axis',(0.,0.,1.));
#4874=DIRECTION('ref_axis',(1.,0.,0.));
#4875=DIRECTION('center_axis',(0.,0.,-1.));
#4876=DIRECTION('ref_axis',(1.,0.,0.));
#4877=DIRECTION('center_axis',(0.,0.,-1.));
#4878=DIRECTION('ref_axis',(1.,0.,0.));
#4879=DIRECTION('center_axis',(0.,0.,-1.));
#4880=DIRECTION('ref_axis',(1.,0.,0.));
#4881=DIRECTION('',(0.,0.,-1.));
#4882=DIRECTION('center_axis',(0.,0.,1.));
#4883=DIRECTION('ref_axis',(1.,0.,0.));
#4884=DIRECTION('center_axis',(0.,0.,-1.));
#4885=DIRECTION('ref_axis',(1.,0.,0.));
#4886=DIRECTION('center_axis',(0.,0.,-1.));
#4887=DIRECTION('ref_axis',(1.,0.,0.));
#4888=DIRECTION('center_axis',(0.,0.,-1.));
#4889=DIRECTION('ref_axis',(1.,0.,0.));
#4890=DIRECTION('',(0.,0.,-1.));
#4891=DIRECTION('',(0.,0.,-1.));
#4892=DIRECTION('center_axis',(0.,1.,0.));
#4893=DIRECTION('ref_axis',(-1.,0.,0.));
#4894=DIRECTION('center_axis',(0.,-1.,0.));
#4895=DIRECTION('ref_axis',(-1.,0.,0.));
#4896=DIRECTION('center_axis',(0.,-1.,0.));
#4897=DIRECTION('ref_axis',(-1.,0.,0.));
#4898=DIRECTION('',(0.,-1.,0.));
#4899=DIRECTION('center_axis',(0.,1.,0.));
#4900=DIRECTION('ref_axis',(-1.,0.,0.));
#4901=DIRECTION('center_axis',(0.,-1.,0.));
#4902=DIRECTION('ref_axis',(-1.,0.,0.));
#4903=DIRECTION('center_axis',(0.,-1.,0.));
#4904=DIRECTION('ref_axis',(-1.,0.,0.));
#4905=DIRECTION('',(0.,-1.,0.));
#4906=DIRECTION('center_axis',(0.,1.,0.));
#4907=DIRECTION('ref_axis',(-1.,0.,0.));
#4908=DIRECTION('center_axis',(0.,-1.,0.));
#4909=DIRECTION('ref_axis',(-1.,0.,0.));
#4910=DIRECTION('center_axis',(0.,-1.,0.));
#4911=DIRECTION('ref_axis',(-1.,0.,0.));
#4912=DIRECTION('',(0.,-1.,0.));
#4913=DIRECTION('center_axis',(0.,1.,0.));
#4914=DIRECTION('ref_axis',(-1.,0.,0.));
#4915=DIRECTION('center_axis',(0.,-1.,0.));
#4916=DIRECTION('ref_axis',(-1.,0.,0.));
#4917=DIRECTION('center_axis',(0.,-1.,0.));
#4918=DIRECTION('ref_axis',(-1.,0.,0.));
#4919=DIRECTION('',(0.,-1.,0.));
#4920=DIRECTION('center_axis',(1.,0.,0.));
#4921=DIRECTION('ref_axis',(0.,0.,-1.));
#4922=DIRECTION('',(0.,0.,-1.));
#4923=DIRECTION('',(0.,1.,0.));
#4924=DIRECTION('center_axis',(0.,-1.,8.07434927000112E-15));
#4925=DIRECTION('ref_axis',(0.,-8.07434927000112E-15,-1.));
#4926=DIRECTION('',(-1.,0.,0.));
#4927=DIRECTION('',(1.,0.,0.));
#4928=DIRECTION('center_axis',(0.,0.,1.));
#4929=DIRECTION('ref_axis',(1.,0.,0.));
#4930=DIRECTION('',(0.,1.,0.));
#4931=DIRECTION('center_axis',(0.,1.,0.));
#4932=DIRECTION('ref_axis',(0.,0.,1.));
#4933=DIRECTION('',(1.,0.,0.));
#4934=DIRECTION('center_axis',(0.,0.,1.));
#4935=DIRECTION('ref_axis',(1.,0.,0.));
#4936=CARTESIAN_POINT('',(0.,0.,0.));
#4937=CARTESIAN_POINT('Origin',(91.6081291802928,-131.887185752017,75.816058354236));
#4938=CARTESIAN_POINT('',(91.6081291802928,-131.887185752017,72.816058354236));
#4939=CARTESIAN_POINT('',(91.6081291802928,-135.896185752017,72.8161827364536));
#4940=CARTESIAN_POINT('',(91.6081291802928,-140.187929195902,72.816058354236));
#4941=CARTESIAN_POINT('',(91.6081291802928,-131.887185752017,75.816058354236));
#4942=CARTESIAN_POINT('',(91.6081291802928,-131.887185752017,75.816058354236));
#4943=CARTESIAN_POINT('',(91.6081291802928,-135.887185752017,75.816058354236));
#4944=CARTESIAN_POINT('',(91.6081291802928,-132.887185752017,75.816058354236));
#4945=CARTESIAN_POINT('',(91.6081291802928,-135.887185752017,90.816058354236));
#4946=CARTESIAN_POINT('',(91.6081291802928,-135.887185752017,79.566058354236));
#4947=CARTESIAN_POINT('',(91.6081291802928,-135.887491982313,90.816058354236));
#4948=CARTESIAN_POINT('',(91.6081291802928,-131.887185752017,90.816058354236));
#4949=CARTESIAN_POINT('',(91.6081291802928,-135.887491982313,90.9391827364536));
#4950=CARTESIAN_POINT('',(91.6081291802928,-135.887491982313,78.9391827364536));
#4951=CARTESIAN_POINT('',(91.6081291802928,-140.57640409341,90.9391827364536));
#4952=CARTESIAN_POINT('',(91.6081291802928,-137.945491982313,90.9391827364536));
#4953=CARTESIAN_POINT('',(91.6081291802928,-140.57640409341,82.1221827364536));
#4954=CARTESIAN_POINT('',(91.6081291802928,-140.57640409341,75.9391827364536));
#4955=CARTESIAN_POINT('',(91.6081291802928,-143.246235426198,82.1221827364536));
#4956=CARTESIAN_POINT('',(91.6081291802928,-142.246235426198,82.1221827364536));
#4957=CARTESIAN_POINT('',(91.6081291802928,-143.246235426198,72.8161827364536));
#4958=CARTESIAN_POINT('',(91.6081291802928,-143.246235426198,72.9391827364536));
#4959=CARTESIAN_POINT('',(91.6081291802928,-137.945491982313,72.8161827364536));
#4960=CARTESIAN_POINT('Origin',(73.9215274446986,-143.002322339838,72.8161827364536));
#4961=CARTESIAN_POINT('',(58.4349257091044,-135.896185752017,72.8161827364536));
#4962=CARTESIAN_POINT('',(74.4715274446986,-135.896185752017,72.8161827364536));
#4963=CARTESIAN_POINT('',(71.6845981335327,-143.246235426198,72.8161827364536));
#4964=CARTESIAN_POINT('',(89.4081291802929,-143.246235426198,72.8161827364536));
#4965=CARTESIAN_POINT('',(71.6845981335327,-152.059152697363,72.8161827364536));
#4966=CARTESIAN_POINT('',(71.6845981335327,-142.624278883018,72.8161827364536));
#4967=CARTESIAN_POINT('',(58.4349257091044,-152.059152697363,72.8161827364536));
#4968=CARTESIAN_POINT('',(89.4081291802929,-152.059152697363,72.8161827364536));
#4969=CARTESIAN_POINT('',(58.4349257091044,-152.059152697363,72.8161827364536));
#4970=CARTESIAN_POINT('',(61.871800283703,-146.542807457251,72.8161827364536));
#4971=CARTESIAN_POINT('Origin',(65.4962133050806,-146.542807457251,72.8161827364536));
#4972=CARTESIAN_POINT('Origin',(60.5696082867647,-135.887491982313,75.9391827364536));
#4973=CARTESIAN_POINT('',(89.6081291802928,-135.887491982313,90.816058354236));
#4974=CARTESIAN_POINT('',(76.0888687335288,-135.887491982313,90.816058354236));
#4975=CARTESIAN_POINT('',(89.6081291802928,-135.887491982313,90.9391827364536));
#4976=CARTESIAN_POINT('',(89.6081291802928,-135.887491982313,78.9391827364536));
#4977=CARTESIAN_POINT('',(82.3148283124957,-135.887491982313,90.9391827364536));
#4978=CARTESIAN_POINT('Origin',(60.5696082867647,-135.887491982313,75.9391827364536));
#4979=CARTESIAN_POINT('',(89.6081291802928,-135.887491982313,75.816058354236));
#4980=CARTESIAN_POINT('',(58.4349257091044,-135.887491982313,75.816058354236));
#4981=CARTESIAN_POINT('',(75.0888687335288,-135.887491982313,75.816058354236));
#4982=CARTESIAN_POINT('',(58.4349257091044,-135.887491982313,87.8621827364535));
#4983=CARTESIAN_POINT('',(58.4349257091044,-135.887491982313,75.9391827364536));
#4984=CARTESIAN_POINT('',(60.5696082867647,-135.887491982313,87.8621827364535));
#4985=CARTESIAN_POINT('',(104.571153143627,-135.887491982313,87.8621827364535));
#4986=CARTESIAN_POINT('',(60.5696082867647,-135.887491982313,75.9391827364536));
#4987=CARTESIAN_POINT('',(60.5696082867647,-135.887491982313,75.9391827364536));
#4988=CARTESIAN_POINT('',(89.6081291802928,-135.887491982313,75.9391827364536));
#4989=CARTESIAN_POINT('',(74.4715274446986,-135.887491982313,75.9391827364536));
#4990=CARTESIAN_POINT('',(89.6081291802928,-135.887491982313,83.3776205453448));
#4991=CARTESIAN_POINT('Origin',(89.4081291802929,-143.246235426198,75.9391827364536));
#4992=CARTESIAN_POINT('',(71.6845981335327,-143.246235426198,82.1221827364536));
#4993=CARTESIAN_POINT('',(71.6845981335327,-143.246235426198,75.9391827364536));
#4994=CARTESIAN_POINT('',(70.8242070975798,-143.246235426198,82.1221827364536));
#4995=CARTESIAN_POINT('Origin',(71.6845981335327,-142.246235426198,75.9391827364536));
#4996=CARTESIAN_POINT('',(71.6845981335327,-142.246235426198,82.1221827364536));
#4997=CARTESIAN_POINT('',(71.6845981335327,-142.246235426198,82.1221827364536));
#4998=CARTESIAN_POINT('',(71.6845981335327,-142.246235426198,87.8621827364536));
#4999=CARTESIAN_POINT('',(71.6845981335327,-142.246235426198,75.9391827364536));
#5000=CARTESIAN_POINT('',(71.6845981335327,-152.059152697363,87.8621827364536));
#5001=CARTESIAN_POINT('',(71.6845981335327,-143.624278883018,87.8621827364536));
#5002=CARTESIAN_POINT('',(71.6845981335327,-152.059152697363,75.9391827364536));
#5003=CARTESIAN_POINT('Origin',(89.4081291802929,-141.57640409341,75.9391827364536));
#5004=CARTESIAN_POINT('',(89.6081291802928,-141.57640409341,75.9391827364536));
#5005=CARTESIAN_POINT('',(89.6081291802928,-141.57640409341,82.1221827364536));
#5006=CARTESIAN_POINT('',(89.6081291802928,-141.57640409341,75.9391827364536));
#5007=CARTESIAN_POINT('',(70.8242070975798,-141.57640409341,75.9391827364536));
#5008=CARTESIAN_POINT('',(72.9335627891156,-141.57640409341,75.9391827364536));
#5009=CARTESIAN_POINT('',(70.8242070975798,-141.57640409341,82.1221827364536));
#5010=CARTESIAN_POINT('',(70.8242070975798,-141.57640409341,75.9391827364536));
#5011=CARTESIAN_POINT('',(71.9455981335326,-141.57640409341,82.1221827364536));
#5012=CARTESIAN_POINT('',(85.0424964186028,-141.57640409341,82.1221827364536));
#5013=CARTESIAN_POINT('',(85.0424964186028,-141.57640409341,82.1221827364536));
#5014=CARTESIAN_POINT('Origin',(80.6768636569128,-141.411319759804,82.1221827364536));
#5015=CARTESIAN_POINT('',(70.8242070975798,-142.246235426198,82.1221827364536));
#5016=CARTESIAN_POINT('',(70.8242070975798,-140.57640409341,82.1221827364536));
#5017=CARTESIAN_POINT('',(71.6652503745444,-142.246235426198,82.1221827364536));
#5018=CARTESIAN_POINT('',(89.6081291802928,-140.57640409341,82.1221827364536));
#5019=CARTESIAN_POINT('',(89.4081291802929,-140.57640409341,82.1221827364536));
#5020=CARTESIAN_POINT('',(89.6081291802928,-140.993861926607,82.1221827364536));
#5021=CARTESIAN_POINT('',(71.9455981335327,-142.246235426198,82.1221827364536));
#5022=CARTESIAN_POINT('',(71.9455981335326,-142.206821049821,82.1221827364536));
#5023=CARTESIAN_POINT('Origin',(70.8242070975798,-142.246235426198,75.9391827364536));
#5024=CARTESIAN_POINT('',(70.8242070975798,-150.879078785093,75.9391827364536));
#5025=CARTESIAN_POINT('',(70.8242070975798,-141.789363216624,75.9391827364536));
#5026=CARTESIAN_POINT('',(70.8242070975798,-150.879078785093,87.8621827364536));
#5027=CARTESIAN_POINT('',(70.8242070975798,-150.879078785093,75.9391827364536));
#5028=CARTESIAN_POINT('',(70.8242070975798,-142.246235426198,87.8621827364536));
#5029=CARTESIAN_POINT('',(70.8242070975798,-152.059152697363,87.8621827364536));
#5030=CARTESIAN_POINT('',(70.8242070975798,-142.246235426198,75.9391827364536));
#5031=CARTESIAN_POINT('Origin',(89.6081291802928,-133.945491982313,90.9391827364536));
#5032=CARTESIAN_POINT('',(89.6081291802928,-140.57640409341,90.9391827364536));
#5033=CARTESIAN_POINT('',(89.6081291802928,-133.945491982313,90.9391827364536));
#5034=CARTESIAN_POINT('',(89.6081291802928,-140.57640409341,90.9391827364536));
#5035=CARTESIAN_POINT('Origin',(73.9215274446986,-143.002322339838,75.9391827364536));
#5036=CARTESIAN_POINT('',(60.5696082867648,-150.879078785093,75.9391827364536));
#5037=CARTESIAN_POINT('',(60.5696082867647,-146.940700562466,75.9391827364536));
#5038=CARTESIAN_POINT('',(72.3728672711392,-150.879078785093,75.9391827364536));
#5039=CARTESIAN_POINT('',(89.6081291802928,-140.57640409341,75.9391827364536));
#5040=CARTESIAN_POINT('',(61.871800283703,-146.542807457251,75.9391827364536));
#5041=CARTESIAN_POINT('Origin',(65.4962133050806,-146.542807457251,75.9391827364536));
#5042=CARTESIAN_POINT('Origin',(71.9455981335327,-152.059152697363,75.9391827364536));
#5043=CARTESIAN_POINT('',(58.4349257091044,-152.059152697363,87.8621827364536));
#5044=CARTESIAN_POINT('',(89.4081291802929,-152.059152697363,87.8621827364536));
#5045=CARTESIAN_POINT('',(58.4349257091044,-152.059152697363,75.9391827364536));
#5046=CARTESIAN_POINT('Origin',(89.6081291802928,-140.57640409341,75.9391827364536));
#5047=CARTESIAN_POINT('',(89.6081291802928,-140.57640409341,75.9391827364536));
#5048=CARTESIAN_POINT('Origin',(65.1902619213185,-145.002322339838,87.8621827364536));
#5049=CARTESIAN_POINT('',(70.8242070975798,-142.246235426198,87.8621827364536));
#5050=CARTESIAN_POINT('',(60.5696082867648,-150.879078785093,87.8621827364536));
#5051=CARTESIAN_POINT('',(70.8242070975798,-150.879078785093,87.8621827364536));
#5052=CARTESIAN_POINT('',(60.5696082867647,-133.945491982313,87.8621827364535));
#5053=CARTESIAN_POINT('',(58.4349257091044,-137.945491982313,87.8621827364535));
#5054=CARTESIAN_POINT('Origin',(71.9455981335327,-142.246235426198,75.9391827364536));
#5055=CARTESIAN_POINT('Origin',(60.5696082867648,-150.879078785093,75.9391827364536));
#5056=CARTESIAN_POINT('',(60.5696082867648,-150.879078785093,75.9391827364536));
#5057=CARTESIAN_POINT('Origin',(70.8242070975798,-150.879078785093,75.9391827364536));
#5058=CARTESIAN_POINT('Origin',(65.4962133050806,-146.542807457251,75.9391827364536));
#5059=CARTESIAN_POINT('',(61.871800283703,-146.542807457251,75.9391827364536));
#5060=CARTESIAN_POINT('Origin',(89.6081291802928,-131.887185752017,75.816058354236));
#5061=CARTESIAN_POINT('',(89.6081291802928,-135.887185752017,75.816058354236));
#5062=CARTESIAN_POINT('',(89.6081291802928,-135.887185752017,90.816058354236));
#5063=CARTESIAN_POINT('',(89.6081291802928,-135.887185752017,79.566058354236));
#5064=CARTESIAN_POINT('',(89.6081291802928,-135.887185752017,75.816058354236));
#5065=CARTESIAN_POINT('',(89.6081291802928,-135.887185752017,90.816058354236));
#5066=CARTESIAN_POINT('Origin',(73.9215274446986,-140.944016109542,75.816058354236));
#5067=CARTESIAN_POINT('',(58.4349257091044,-135.887185752017,75.816058354236));
#5068=CARTESIAN_POINT('',(79.3642296913828,-135.887185752017,75.816058354236));
#5069=CARTESIAN_POINT('',(58.4349257091044,-135.887185752017,75.816058354236));
#5070=CARTESIAN_POINT('Origin',(58.4349257091044,-150.000846467067,75.816058354236));
#5071=CARTESIAN_POINT('',(58.4349257091044,-131.887185752017,75.816058354236));
#5072=CARTESIAN_POINT('',(58.4349257091044,-141.944016109542,75.816058354236));
#5073=CARTESIAN_POINT('',(58.4349257091044,-131.887185752017,72.816058354236));
#5074=CARTESIAN_POINT('',(58.4349257091044,-131.887185752017,75.816058354236));
#5075=CARTESIAN_POINT('',(58.4349257091044,-135.887185752017,72.816058354236));
#5076=CARTESIAN_POINT('Origin',(73.9215274446986,-140.944016109542,72.816058354236));
#5077=CARTESIAN_POINT('',(58.4349257091044,-131.887185752017,72.816058354236));
#5078=CARTESIAN_POINT('Origin',(79.3642296913828,-133.887185752017,75.816058354236));
#5079=CARTESIAN_POINT('',(100.571153143627,-131.887185752017,75.816058354236));
#5080=CARTESIAN_POINT('',(79.8642296913828,-131.887185752017,75.816058354236));
#5081=CARTESIAN_POINT('',(100.571153143627,-135.886855612084,75.816058354236));
#5082=CARTESIAN_POINT('',(100.571153143627,-133.980853217034,75.816058354236));
#5083=CARTESIAN_POINT('',(104.571153143627,-135.886855612084,75.816058354236));
#5084=CARTESIAN_POINT('',(91.9676914175051,-135.886855612084,75.816058354236));
#5085=CARTESIAN_POINT('',(104.571153143627,-135.887185752017,75.816058354236));
#5086=CARTESIAN_POINT('',(104.571153143627,-134.411185752017,75.816058354236));
#5087=CARTESIAN_POINT('',(79.3642296913828,-135.887185752017,75.816058354236));
#5088=CARTESIAN_POINT('Origin',(79.3642296913828,-133.887185752017,75.816058354236));
#5089=CARTESIAN_POINT('',(50.0632296913828,-135.887185752017,75.816058354236));
#5090=CARTESIAN_POINT('',(79.3642296913828,-135.887185752017,75.816058354236));
#5091=CARTESIAN_POINT('',(50.0632290339809,-131.887626153217,75.8160548531701));
#5092=CARTESIAN_POINT('',(50.0632296913828,-134.411185752017,75.816058354236));
#5093=CARTESIAN_POINT('',(54.0631531436274,-131.887626153217,75.816058354236));
#5094=CARTESIAN_POINT('',(65.7136914175051,-131.887626153217,75.816058354236));
#5095=CARTESIAN_POINT('',(54.0631531436274,-131.887185752017,75.816058354236));
#5096=CARTESIAN_POINT('',(54.0631531436274,-107.236405952617,75.816058354236));
#5097=CARTESIAN_POINT('',(79.8642296913828,-131.887185752017,75.816058354236));
#5098=CARTESIAN_POINT('Origin',(114.737260730573,-131.887185752018,20.2300685249769));
#5099=CARTESIAN_POINT('',(50.0632296913828,-131.887185752017,90.816058354236));
#5100=CARTESIAN_POINT('',(112.294927108697,-131.887185752017,90.8160583542359));
#5101=CARTESIAN_POINT('',(79.8642296913828,-131.887185752017,90.816058354236));
#5102=CARTESIAN_POINT('',(112.294927108697,-131.887185752017,70.3495685249759));
#5103=CARTESIAN_POINT('',(112.294927108697,-131.887185752018,27.6745634396064));
#5104=CARTESIAN_POINT('',(104.571153143627,-131.887185752017,70.3495685249759));
#5105=CARTESIAN_POINT('',(116.504014175399,-131.887185752017,70.3495685249759));
#5106=CARTESIAN_POINT('',(104.571153143627,-131.887185752017,71.316058354236));
#5107=CARTESIAN_POINT('',(104.571153143627,-131.887185752018,25.9716909822914));
#5108=CARTESIAN_POINT('',(104.571153143627,-131.887185752017,75.816058354236));
#5109=CARTESIAN_POINT('',(104.571153143627,-131.887185752018,25.9716909822914));
#5110=CARTESIAN_POINT('',(79.8642296913828,-131.887185752017,75.816058354236));
#5111=CARTESIAN_POINT('',(54.0631531436274,-131.887185752017,90.8156506907437));
#5112=CARTESIAN_POINT('',(54.0631531436274,-131.887185752018,48.0228596078605));
#5113=CARTESIAN_POINT('',(50.0632296913828,-131.887185752017,90.8156506907437));
#5114=CARTESIAN_POINT('',(84.4002069371002,-131.887185752017,90.8156506907437));
#5115=CARTESIAN_POINT('',(50.0632296913828,-131.887185752018,35.9071909822917));
#5116=CARTESIAN_POINT('',(108.365981264279,-131.887185752017,87.5137145659418));
#5117=CARTESIAN_POINT('Origin',(109.615981264279,-131.887185752018,87.5137145659418));
#5118=CARTESIAN_POINT('Origin',(131.971153143627,-140.183185752017,90.8160583542359));
#5119=CARTESIAN_POINT('',(104.571153143627,-135.887185752017,90.816058354236));
#5120=CARTESIAN_POINT('',(78.8642296913828,-135.887185752017,90.816058354236));
#5121=CARTESIAN_POINT('',(104.571153143627,-140.183185752017,90.8160583542359));
#5122=CARTESIAN_POINT('',(104.571153143627,-129.687185752017,90.8160583542359));
#5123=CARTESIAN_POINT('',(112.294927108697,-140.183185752017,90.8160583542359));
#5124=CARTESIAN_POINT('',(131.971153143627,-140.183185752017,90.8160583542359));
#5125=CARTESIAN_POINT('',(112.294927108697,-140.183185752017,90.8160583542359));
#5126=CARTESIAN_POINT('',(50.0632296913828,-135.887185752017,90.816058354236));
#5127=CARTESIAN_POINT('',(50.0632296913828,-117.961795852317,90.8160583542359));
#5128=CARTESIAN_POINT('',(78.8642296913828,-135.887185752017,90.816058354236));
#5129=CARTESIAN_POINT('',(105.232980561916,-135.419203681303,90.8160583542359));
#5130=CARTESIAN_POINT('Origin',(106.582980561916,-135.419203681303,90.8160583542359));
#5131=CARTESIAN_POINT('Origin',(79.3642296913828,-135.887185752017,83.316058354236));
#5132=CARTESIAN_POINT('',(104.571153143627,-135.887185752017,57.514685896921));
#5133=CARTESIAN_POINT('Origin',(79.3642296913828,-135.887185752017,83.316058354236));
#5134=CARTESIAN_POINT('',(50.0632296913828,-135.887185752017,57.514685896921));
#5135=CARTESIAN_POINT('Origin',(131.971153143627,-134.074520682051,73.566058354236));
#5136=CARTESIAN_POINT('',(131.971153143627,-76.5851857520174,71.316058354236));
#5137=CARTESIAN_POINT('',(131.971153143627,-76.5856261532175,75.816058354236));
#5138=CARTESIAN_POINT('',(131.971153143627,-76.5851857520174,71.316058354236));
#5139=CARTESIAN_POINT('',(131.971153143627,-131.887185752017,71.316058354236));
#5140=CARTESIAN_POINT('',(131.971153143627,-136.261855612084,71.316058354236));
#5141=CARTESIAN_POINT('',(131.971153143627,-131.887185752017,75.816058354236));
#5142=CARTESIAN_POINT('',(131.971153143627,-131.887185752018,35.9071909822917));
#5143=CARTESIAN_POINT('',(131.971153143627,-80.5856261532175,75.816058354236));
#5144=CARTESIAN_POINT('',(131.971153143627,-131.887185752017,75.816058354236));
#5145=CARTESIAN_POINT('',(131.971153143627,-80.5856261532175,75.8156506907437));
#5146=CARTESIAN_POINT('',(131.971153143627,-80.5856261532175,46.8980634396063));
#5147=CARTESIAN_POINT('',(131.971153143627,-107.330073417634,75.8156506907437));
#5148=CARTESIAN_POINT('Origin',(135.971153143627,-134.074520682051,73.566058354236));
#5149=CARTESIAN_POINT('',(135.971153143627,-80.5856261532175,75.8156506907437));
#5150=CARTESIAN_POINT('',(135.971153143627,-76.5855687088948,75.8161042596896));
#5151=CARTESIAN_POINT('',(135.971153143627,-107.330073417634,75.8156506907437));
#5152=CARTESIAN_POINT('',(135.971153143627,-80.5856261532175,75.816058354236));
#5153=CARTESIAN_POINT('',(135.971153143627,-80.5856261532175,46.8980634396063));
#5154=CARTESIAN_POINT('',(135.971153143627,-131.887185752017,75.816058354236));
#5155=CARTESIAN_POINT('',(135.971153143627,-131.887185752017,75.816058354236));
#5156=CARTESIAN_POINT('',(135.971153143627,-135.886855612084,75.816058354236));
#5157=CARTESIAN_POINT('',(135.971153143627,-133.980853217034,75.816058354236));
#5158=CARTESIAN_POINT('',(135.971153143627,-135.886855612084,71.316058354236));
#5159=CARTESIAN_POINT('',(135.971153143627,-135.886855612084,74.691058354236));
#5160=CARTESIAN_POINT('',(135.971153143627,-76.5851857520174,71.316058354236));
#5161=CARTESIAN_POINT('',(135.971153143627,-136.261855612084,71.316058354236));
#5162=CARTESIAN_POINT('',(135.971153143627,-76.5851857520174,71.316058354236));
#5163=CARTESIAN_POINT('Origin',(131.971153143627,-131.887185752017,75.816058354236));
#5164=CARTESIAN_POINT('',(132.971153143627,-131.887185752017,75.816058354236));
#5165=CARTESIAN_POINT('',(123.3542069371,-80.5856261532175,75.816058354236));
#5166=CARTESIAN_POINT('Origin',(131.971153143627,-76.5851857520174,71.316058354236));
#5167=CARTESIAN_POINT('',(131.970767620225,-76.5856261532175,75.816058354236));
#5168=CARTESIAN_POINT('',(131.971153143627,-76.5851857520174,71.316058354236));
#5169=CARTESIAN_POINT('Origin',(131.971153143627,-135.886855612084,75.816058354236));
#5170=CARTESIAN_POINT('',(131.971153143627,-135.886855612084,71.316058354236));
#5171=CARTESIAN_POINT('',(131.971153143627,-135.886855612084,75.816058354236));
#5172=CARTESIAN_POINT('',(131.971153143627,-135.886855612084,53.764685896921));
#5173=CARTESIAN_POINT('',(131.971153143627,-135.886855612084,71.316058354236));
#5174=CARTESIAN_POINT('',(132.221153143627,-135.886855612084,75.816058354236));
#5175=CARTESIAN_POINT('Origin',(131.971153143627,-136.261855612084,71.316058354236));
#5176=CARTESIAN_POINT('',(131.971153143627,-135.598520682051,71.316058354236));
#5177=CARTESIAN_POINT('Origin',(131.971153143627,-134.935185752017,31.7133134396059));
#5178=CARTESIAN_POINT('',(131.971153143627,-135.887185752017,75.816058354236));
#5179=CARTESIAN_POINT('',(131.971153143627,-134.411185752017,75.816058354236));
#5180=CARTESIAN_POINT('',(131.971153143627,-135.887185752017,90.816058354236));
#5181=CARTESIAN_POINT('',(131.971153143627,-135.887185752017,57.514685896921));
#5182=CARTESIAN_POINT('',(131.971153143627,-140.183185752017,90.8160583542359));
#5183=CARTESIAN_POINT('',(131.971153143627,-129.687185752017,90.8160583542359));
#5184=CARTESIAN_POINT('',(131.970767620225,-140.183185752017,28.107568524977));
#5185=CARTESIAN_POINT('',(131.971153143627,-140.183185752017,35.1190583542359));
#5186=CARTESIAN_POINT('',(131.970767620225,-129.687185752017,28.1075685249769));
#5187=CARTESIAN_POINT('',(131.970767620225,-169.687185752017,28.1075685249772));
#5188=CARTESIAN_POINT('',(131.971153143627,-129.687185752017,70.3495685249759));
#5189=CARTESIAN_POINT('',(131.971153143627,-129.687185752017,28.3075685249759));
#5190=CARTESIAN_POINT('',(131.971153143627,-131.887185752017,70.3495685249759));
#5191=CARTESIAN_POINT('',(131.971153143627,-132.311185752017,70.349568524976));
#5192=CARTESIAN_POINT('',(131.971153143627,-131.887185752018,35.9071909822917));
#5193=CARTESIAN_POINT('Origin',(114.737260730573,-80.5856261532175,20.2300685249767));
#5194=CARTESIAN_POINT('',(195.663382096823,-80.5856261532175,75.8156506907437));
#5195=CARTESIAN_POINT('',(131.970382096823,-80.5856261532175,75.8156506907437));
#5196=CARTESIAN_POINT('',(195.663382096823,-80.5856261532175,90.8156506907437));
#5197=CARTESIAN_POINT('',(195.663382096823,-80.5856261532175,55.5228596078602));
#5198=CARTESIAN_POINT('',(124.087382096823,-80.5856261532175,90.8156506907437));
#5199=CARTESIAN_POINT('',(131.970382096823,-80.5856261532175,90.8156506907437));
#5200=CARTESIAN_POINT('',(124.087382096823,-80.5856261532175,70.3495685249759));
#5201=CARTESIAN_POINT('',(124.087382096823,-80.5856261532175,28.0098596078602));
#5202=CARTESIAN_POINT('',(131.970382096823,-80.5856261532175,70.3495685249759));
#5203=CARTESIAN_POINT('',(116.504014175399,-80.5856261532175,70.3495685249759));
#5204=CARTESIAN_POINT('',(131.970382096823,-80.5856261532175,75.8156506907437));
#5205=CARTESIAN_POINT('',(131.970382096823,-80.5856261532175,26.0893390664182));
#5206=CARTESIAN_POINT('',(131.970382096823,-80.5856261532175,75.8156506907437));
#5207=CARTESIAN_POINT('Origin',(131.970382096823,-80.5856261532175,75.8156506907437));
#5208=CARTESIAN_POINT('',(199.663382096823,-76.5856261532175,75.8156506907437));
#5209=CARTESIAN_POINT('',(131.970382096823,-76.5856261532175,75.8156506907437));
#5210=CARTESIAN_POINT('',(199.663382096823,-135.887185752017,75.8156506907437));
#5211=CARTESIAN_POINT('',(199.663382096823,-135.887185752017,75.8156506907437));
#5212=CARTESIAN_POINT('',(198.663153143627,-135.887185752017,75.816058354236));
#5213=CARTESIAN_POINT('',(198.663382096823,-135.887185752017,75.8156506907437));
#5214=CARTESIAN_POINT('',(198.663153143627,-131.887185752017,75.816058354236));
#5215=CARTESIAN_POINT('',(198.663153143627,-133.887185752017,75.816058354236));
#5216=CARTESIAN_POINT('',(195.663382096823,-131.887185752017,75.816058354236));
#5217=CARTESIAN_POINT('',(132.971153143627,-131.887185752017,75.816058354236));
#5218=CARTESIAN_POINT('',(195.663382096823,-80.5856261532175,75.8156506907437));
#5219=CARTESIAN_POINT('Origin',(131.970382096823,-80.5856261532175,75.8156506907437));
#5220=CARTESIAN_POINT('',(131.970382096823,-76.5856261532175,75.8156506907437));
#5221=CARTESIAN_POINT('',(131.970382096823,-79.0615403923014,75.8156506907437));
#5222=CARTESIAN_POINT('',(131.970382096823,-76.5856261532175,75.8156506907437));
#5223=CARTESIAN_POINT('Origin',(104.571153143627,-136.261855612084,71.316058354236));
#5224=CARTESIAN_POINT('',(104.570382096823,-80.5856261532175,71.316058354236));
#5225=CARTESIAN_POINT('',(104.570382096823,-76.5851857520174,71.316058354236));
#5226=CARTESIAN_POINT('',(104.570382096823,-106.899655121735,71.316058354236));
#5227=CARTESIAN_POINT('',(104.571153143627,-80.5856261532175,71.316058354236));
#5228=CARTESIAN_POINT('',(109.6542069371,-80.5856261532175,71.316058354236));
#5229=CARTESIAN_POINT('',(104.571153143627,-136.261855612084,71.316058354236));
#5230=CARTESIAN_POINT('',(104.571153143627,-135.886855612084,71.316058354236));
#5231=CARTESIAN_POINT('',(104.571153143627,-135.598520682051,71.316058354236));
#5232=CARTESIAN_POINT('',(100.571153143627,-135.886855612084,71.316058354236));
#5233=CARTESIAN_POINT('',(104.571153143627,-135.886855612084,71.316058354236));
#5234=CARTESIAN_POINT('',(100.571153143627,-76.5851857520174,71.316058354236));
#5235=CARTESIAN_POINT('',(100.571153143627,-136.261855612084,71.316058354236));
#5236=CARTESIAN_POINT('',(104.571153143627,-76.5851857520174,71.316058354236));
#5237=CARTESIAN_POINT('Origin',(100.571153143627,-134.074520682051,73.566058354236));
#5238=CARTESIAN_POINT('',(100.571153143627,-76.5856261532175,75.816058354236));
#5239=CARTESIAN_POINT('',(100.571153143627,-76.5851857520174,71.316058354236));
#5240=CARTESIAN_POINT('',(100.571153143627,-135.886855612084,74.691058354236));
#5241=CARTESIAN_POINT('',(100.571153143627,-80.5856261532175,75.816058354236));
#5242=CARTESIAN_POINT('',(100.571153143627,-131.887185752017,75.816058354236));
#5243=CARTESIAN_POINT('',(100.571153143627,-80.5856261532175,75.8156506907437));
#5244=CARTESIAN_POINT('',(100.571153143627,-80.5856261532175,46.8980634396063));
#5245=CARTESIAN_POINT('',(100.571153143627,-107.330073417634,75.8156506907437));
#5246=CARTESIAN_POINT('Origin',(104.571153143627,-76.5851857520174,71.316058354236));
#5247=CARTESIAN_POINT('',(104.570382096823,-76.5856261532175,75.816058354236));
#5248=CARTESIAN_POINT('',(104.570382096823,-76.5851857520174,51.6323339810479));
#5249=CARTESIAN_POINT('',(91.5702676202254,-76.5856261532175,75.816058354236));
#5250=CARTESIAN_POINT('Origin',(104.571153143627,-135.886855612084,75.816058354236));
#5251=CARTESIAN_POINT('',(104.571153143627,-135.886855612084,53.764685896921));
#5252=CARTESIAN_POINT('Origin',(104.571153143627,-131.887185752017,75.816058354236));
#5253=CARTESIAN_POINT('',(104.571153143627,-80.5856261532175,75.816058354236));
#5254=CARTESIAN_POINT('',(104.571153143627,-131.887185752017,75.816058354236));
#5255=CARTESIAN_POINT('',(109.6542069371,-80.5856261532175,75.816058354236));
#5256=CARTESIAN_POINT('Origin',(104.571153143627,-134.074520682051,73.566058354236));
#5257=CARTESIAN_POINT('',(104.571153143627,-80.5856261532175,46.8980634396063));
#5258=CARTESIAN_POINT('Origin',(104.570382096823,-77.5374546313853,31.9486096078598));
#5259=CARTESIAN_POINT('',(104.570382096823,-76.5856261532175,90.8156506907437));
#5260=CARTESIAN_POINT('',(104.570382096823,-76.5856261532175,53.8821301493018));
#5261=CARTESIAN_POINT('',(104.570382096823,-72.2892831095532,90.8156506907437));
#5262=CARTESIAN_POINT('',(104.570382096823,-82.7856261532175,90.8156506907437));
#5263=CARTESIAN_POINT('',(104.570767620225,-72.2892831095532,28.1075685249767));
#5264=CARTESIAN_POINT('',(104.570382096823,-72.2892831095532,35.7896506907437));
#5265=CARTESIAN_POINT('',(104.570767620225,-82.7856261532175,28.1075685249767));
#5266=CARTESIAN_POINT('',(104.570767620225,11.5143738467824,28.1075685249766));
#5267=CARTESIAN_POINT('',(104.570382096823,-82.7856261532175,70.3495685249759));
#5268=CARTESIAN_POINT('',(104.570382096823,-82.7856261532175,28.1075685249759));
#5269=CARTESIAN_POINT('',(104.570382096823,-80.5856261532175,70.3495685249759));
#5270=CARTESIAN_POINT('',(104.570382096823,-80.1615403923014,70.3495685249759));
#5271=CARTESIAN_POINT('',(104.570382096823,-80.5856261532175,26.0893390664182));
#5272=CARTESIAN_POINT('Origin',(78.5693820968234,-76.5856261532175,75.8156506907437));
#5273=CARTESIAN_POINT('',(50.0631531436274,-76.5856261532175,75.8156506907437));
#5274=CARTESIAN_POINT('',(78.5693820968234,-76.5856261532175,75.8156506907437));
#5275=CARTESIAN_POINT('',(50.0631531436274,-76.5856261532175,90.8156506907437));
#5276=CARTESIAN_POINT('',(50.0631531436274,-76.5856261532175,63.699982065175));
#5277=CARTESIAN_POINT('',(78.5693820968234,-76.5856261532175,90.8156506907437));
#5278=CARTESIAN_POINT('Origin',(199.663382096823,-78.5856261532175,83.3156506907437));
#5279=CARTESIAN_POINT('',(199.663382096823,-76.5856261532175,90.8156506907437));
#5280=CARTESIAN_POINT('',(199.663382096823,-76.5856261532175,90.8156506907437));
#5281=CARTESIAN_POINT('',(199.663382096823,-135.887185752017,90.8156506907437));
#5282=CARTESIAN_POINT('',(199.663382096823,-80.5856261532175,90.8156506907437));
#5283=CARTESIAN_POINT('',(199.663382096823,-135.887185752017,90.8156506907437));
#5284=CARTESIAN_POINT('Origin',(195.663382096823,-131.887185752017,90.8156506907437));
#5285=CARTESIAN_POINT('',(195.663382096823,-131.887185752017,90.8156506907437));
#5286=CARTESIAN_POINT('',(195.663382096823,-131.887185752018,55.5228596078603));
#5287=CARTESIAN_POINT('',(195.663382096823,-80.5856261532175,90.8156506907437));
#5288=CARTESIAN_POINT('Origin',(54.0631531436274,-80.5856261532175,75.8156506907437));
#5289=CARTESIAN_POINT('',(54.0631531436274,-80.5856261532175,75.8156506907437));
#5290=CARTESIAN_POINT('',(54.0631531436274,-80.5856261532175,75.8156506907437));
#5291=CARTESIAN_POINT('',(54.0631531436274,-80.5856261532175,90.8156506907437));
#5292=CARTESIAN_POINT('',(54.0631531436274,-80.5856261532175,48.0228596078602));
#5293=CARTESIAN_POINT('',(54.0631531436274,-80.5856261532175,90.8156506907437));
#5294=CARTESIAN_POINT('Origin',(50.0631531436274,-106.236405952618,51.5843134396063));
#5295=CARTESIAN_POINT('',(50.0631531436274,-93.4110160529175,75.8156506907437));
#5296=CARTESIAN_POINT('',(50.0632296913828,-131.887626153217,90.8156506907437));
#5297=CARTESIAN_POINT('',(50.0632296913828,-131.887626153217,67.449982065175));
#5298=CARTESIAN_POINT('',(50.0631531436274,-80.5856261532175,90.8156506907437));
#5299=CARTESIAN_POINT('Origin',(50.0632296913828,-106.236405952618,51.5843134396063));
#5300=CARTESIAN_POINT('',(50.0632296913828,-93.4110160529175,90.8156506907437));
#5301=CARTESIAN_POINT('Origin',(132.471153143627,-135.887185752017,83.316058354236));
#5302=CARTESIAN_POINT('',(198.663153143627,-135.887185752017,90.8156506907437));
#5303=CARTESIAN_POINT('',(132.971153143627,-135.887185752017,90.816058354236));
#5304=CARTESIAN_POINT('',(132.471153143627,-135.887185752017,75.816058354236));
#5305=CARTESIAN_POINT('',(198.663382096823,-135.887185752017,90.8156506907437));
#5306=CARTESIAN_POINT('Origin',(132.471153143627,-133.887185752017,75.816058354236));
#5307=CARTESIAN_POINT('',(132.971153143627,-131.887185752017,75.816058354236));
#5308=CARTESIAN_POINT('Origin',(78.5693820968234,-80.5856261532175,75.8156506907437));
#5309=CARTESIAN_POINT('',(78.5693820968234,-80.5856261532175,75.8156506907437));
#5310=CARTESIAN_POINT('Origin',(119.141040126162,-134.935185752017,70.3495685249759));
#5311=CARTESIAN_POINT('',(112.294927108697,-140.183185752017,70.3495685249759));
#5312=CARTESIAN_POINT('',(125.987153143627,-140.183185752017,70.3495685249759));
#5313=CARTESIAN_POINT('',(126.987153143627,-140.183185752017,70.3495685249759));
#5314=CARTESIAN_POINT('',(125.987153143627,-131.887185752017,70.3495685249759));
#5315=CARTESIAN_POINT('',(125.987153143627,-132.311185752017,70.3495685249759));
#5316=CARTESIAN_POINT('',(116.504014175399,-131.887185752017,70.3495685249759));
#5317=CARTESIAN_POINT('',(126.987153143627,-129.687185752017,70.3495685249759));
#5318=CARTESIAN_POINT('',(116.504014175399,-129.687185752017,70.3495685249759));
#5319=CARTESIAN_POINT('',(126.987153143627,-106.046185752017,70.3495685249759));
#5320=CARTESIAN_POINT('',(126.987153143627,-129.687185752017,70.3495685249759));
#5321=CARTESIAN_POINT('',(126.937382096823,-106.046185752017,70.3495685249759));
#5322=CARTESIAN_POINT('',(126.987153143627,-106.046185752017,70.3495685249759));
#5323=CARTESIAN_POINT('',(125.087382096823,-104.196185752017,70.3495685249759));
#5324=CARTESIAN_POINT('',(126.937382096823,-106.046185752017,70.3495685249759));
#5325=CARTESIAN_POINT('',(125.087382096823,-82.7856261532175,70.3495685249759));
#5326=CARTESIAN_POINT('',(125.087382096823,-104.196185752017,70.3495685249759));
#5327=CARTESIAN_POINT('',(131.970382096823,-82.7856261532175,70.3495685249759));
#5328=CARTESIAN_POINT('',(116.504014175399,-82.7856261532175,70.3495685249759));
#5329=CARTESIAN_POINT('',(131.970382096823,-80.1615403923014,70.3495685249759));
#5330=CARTESIAN_POINT('',(124.087382096823,-72.2892831095532,70.3495685249759));
#5331=CARTESIAN_POINT('',(124.087382096823,-103.612234430785,70.3495685249759));
#5332=CARTESIAN_POINT('',(110.054382096823,-72.2892831095532,70.3495685249759));
#5333=CARTESIAN_POINT('',(125.087382096823,-72.2892831095532,70.3495685249759));
#5334=CARTESIAN_POINT('',(110.054382096823,-80.5856261532175,70.3495685249759));
#5335=CARTESIAN_POINT('',(110.054382096823,-108.860405952617,70.3495685249759));
#5336=CARTESIAN_POINT('',(116.504014175399,-80.5856261532175,70.3495685249759));
#5337=CARTESIAN_POINT('',(109.054382096823,-82.7856261532175,70.3495685249759));
#5338=CARTESIAN_POINT('',(116.504014175399,-82.7856261532175,70.3495685249759));
#5339=CARTESIAN_POINT('',(109.054382096823,-106.046626153218,70.3495685249759));
#5340=CARTESIAN_POINT('',(109.054382096823,-72.2892831095532,70.3495685249759));
#5341=CARTESIAN_POINT('',(109.054927108697,-106.046626153218,70.3495685249759));
#5342=CARTESIAN_POINT('',(109.054382096823,-106.046626153218,70.3495685249759));
#5343=CARTESIAN_POINT('',(111.294927108697,-108.286626153218,70.3495685249759));
#5344=CARTESIAN_POINT('',(109.054927108697,-106.046626153218,70.3495685249759));
#5345=CARTESIAN_POINT('',(111.294927108697,-129.687185752017,70.3495685249759));
#5346=CARTESIAN_POINT('',(111.294927108697,-108.286626153218,70.3495685249759));
#5347=CARTESIAN_POINT('',(104.571153143627,-129.687185752017,70.3495685249759));
#5348=CARTESIAN_POINT('',(116.504014175399,-129.687185752017,70.3495685249759));
#5349=CARTESIAN_POINT('',(104.571153143627,-132.311185752017,70.349568524976));
#5350=CARTESIAN_POINT('',(112.294927108697,-137.559185752017,70.3495685249759));
#5351=CARTESIAN_POINT('Origin',(111.294927108697,-140.183185752017,28.3075685249759));
#5352=CARTESIAN_POINT('',(125.987153143627,-140.183185752017,90.8160583542359));
#5353=CARTESIAN_POINT('',(126.987153143627,-140.183185752017,90.8160583542359));
#5354=CARTESIAN_POINT('',(125.987153143627,-140.183185752017,31.7133134396059));
#5355=CARTESIAN_POINT('',(112.294927108697,-140.183185752017,31.7133134396059));
#5356=CARTESIAN_POINT('',(104.571153143627,-140.183185752017,28.1075685249759));
#5357=CARTESIAN_POINT('',(104.571153143627,-140.183185752017,35.1190583542359));
#5358=CARTESIAN_POINT('',(124.870960381926,-140.183185752017,28.107568524977));
#5359=CARTESIAN_POINT('',(108.365981264279,-140.183185752017,87.5137145659418));
#5360=CARTESIAN_POINT('Origin',(109.615981264279,-140.183185752017,87.5137145659418));
#5361=CARTESIAN_POINT('',(127.415981264283,-140.183185752017,31.8877145659418));
#5362=CARTESIAN_POINT('Origin',(128.665981264283,-140.183185752017,31.8877145659418));
#5363=CARTESIAN_POINT('',(127.415981264283,-140.183185752017,87.5137145659418));
#5364=CARTESIAN_POINT('Origin',(128.665981264283,-140.183185752017,87.5137145659418));
#5365=CARTESIAN_POINT('',(108.365981264279,-140.183185752017,31.8877145659418));
#5366=CARTESIAN_POINT('Origin',(109.615981264279,-140.183185752017,31.8877145659418));
#5367=CARTESIAN_POINT('Origin',(126.987153143627,-140.183185752017,28.3075685249759));
#5368=CARTESIAN_POINT('',(126.987153143627,-129.687185752017,63.3495685249759));
#5369=CARTESIAN_POINT('',(126.987153143627,-129.687185752017,31.7133134396059));
#5370=CARTESIAN_POINT('',(126.987153143627,-106.046185752017,63.3495685249759));
#5371=CARTESIAN_POINT('',(126.987153143627,-129.687185752017,63.3495685249759));
#5372=CARTESIAN_POINT('',(126.987153143627,-106.046185752017,70.3495685249759));
#5373=CARTESIAN_POINT('',(126.987153143627,-113.036405952617,67.8498147041588));
#5374=CARTESIAN_POINT('Origin',(126.987153143627,-111.536405952617,67.8498147041588));
#5375=CARTESIAN_POINT('',(126.987153143627,-123.036405952617,67.8498147041588));
#5376=CARTESIAN_POINT('Origin',(126.987153143627,-121.536405952617,67.8498147041588));
#5377=CARTESIAN_POINT('Origin',(118.020767620225,-106.236405952617,63.3495685249759));
#5378=CARTESIAN_POINT('',(125.087382096823,-104.196185752017,63.3495685249759));
#5379=CARTESIAN_POINT('',(126.937382096823,-106.046185752017,63.3495685249759));
#5380=CARTESIAN_POINT('',(126.937382096823,-106.046185752017,63.3495685249759));
#5381=CARTESIAN_POINT('',(126.987153143627,-106.046185752017,63.3495685249759));
#5382=CARTESIAN_POINT('',(111.294927108697,-129.687185752017,63.3495685249759));
#5383=CARTESIAN_POINT('',(122.503960381926,-129.687185752017,63.3495685249759));
#5384=CARTESIAN_POINT('',(111.294927108697,-108.286626153218,63.3495685249759));
#5385=CARTESIAN_POINT('',(111.294927108697,-108.286626153218,63.3495685249759));
#5386=CARTESIAN_POINT('',(109.054927108697,-106.046626153218,63.3495685249759));
#5387=CARTESIAN_POINT('',(109.054927108697,-106.046626153218,63.3495685249759));
#5388=CARTESIAN_POINT('',(109.054382096823,-106.046626153218,63.3495685249759));
#5389=CARTESIAN_POINT('',(109.054382096823,-106.046626153218,63.3495685249759));
#5390=CARTESIAN_POINT('',(109.054382096823,-82.7856261532175,63.3495685249759));
#5391=CARTESIAN_POINT('',(109.054382096823,-82.7856261532175,63.3495685249759));
#5392=CARTESIAN_POINT('',(125.087382096823,-82.7856261532175,63.3495685249759));
#5393=CARTESIAN_POINT('',(113.537574858524,-82.7856261532175,63.3495685249759));
#5394=CARTESIAN_POINT('',(125.087382096823,-104.196185752017,63.3495685249759));
#5395=CARTESIAN_POINT('Origin',(125.087382096823,-104.196185752017,70.3495685249759));
#5396=CARTESIAN_POINT('',(126.937382096823,-106.046185752017,70.3495685249759));
#5397=CARTESIAN_POINT('',(125.087382096823,-104.196185752017,70.3495685249759));
#5398=CARTESIAN_POINT('Origin',(126.937382096823,-106.046185752017,70.3495685249759));
#5399=CARTESIAN_POINT('Origin',(111.294927108697,-108.286626153218,70.3495685249759));
#5400=CARTESIAN_POINT('',(109.054927108697,-106.046626153218,70.3495685249759));
#5401=CARTESIAN_POINT('',(111.294927108697,-108.286626153218,70.3495685249759));
#5402=CARTESIAN_POINT('Origin',(109.054927108697,-106.046626153218,70.3495685249759));
#5403=CARTESIAN_POINT('',(109.054382096823,-106.046626153218,70.3495685249759));
#5404=CARTESIAN_POINT('Origin',(111.295153143627,-121.536405952617,67.8498147041588));
#5405=CARTESIAN_POINT('',(111.295153143627,-123.036405952617,67.8498147041588));
#5406=CARTESIAN_POINT('Origin',(111.295153143627,-121.536405952617,67.8498147041588));
#5407=CARTESIAN_POINT('Origin',(126.987153143627,-121.536405952617,67.8498147041588));
#5408=CARTESIAN_POINT('',(126.987153143627,-123.036405952617,67.8498147041588));
#5409=CARTESIAN_POINT('Origin',(111.295153143627,-111.536405952617,67.8498147041588));
#5410=CARTESIAN_POINT('',(111.295153143627,-113.036405952617,67.8498147041588));
#5411=CARTESIAN_POINT('Origin',(111.295153143627,-111.536405952617,67.8498147041588));
#5412=CARTESIAN_POINT('Origin',(126.987153143627,-111.536405952617,67.8498147041588));
#5413=CARTESIAN_POINT('',(126.987153143627,-113.036405952617,67.8498147041588));
#5414=CARTESIAN_POINT('Origin',(109.054382096823,-90.9364059526172,67.849814704159));
#5415=CARTESIAN_POINT('',(109.054382096823,-89.4364059526172,67.849814704159));
#5416=CARTESIAN_POINT('Origin',(109.054382096823,-90.9364059526172,67.849814704159));
#5417=CARTESIAN_POINT('',(125.087382096823,-89.4364059526172,67.849814704159));
#5418=CARTESIAN_POINT('',(109.054382096823,-89.4364059526172,67.849814704159));
#5419=CARTESIAN_POINT('Origin',(125.087382096823,-90.9364059526172,67.849814704159));
#5420=CARTESIAN_POINT('Origin',(109.054382096823,-100.936405952617,67.849814704159));
#5421=CARTESIAN_POINT('',(109.054382096823,-99.4364059526172,67.849814704159));
#5422=CARTESIAN_POINT('Origin',(109.054382096823,-100.936405952617,67.849814704159));
#5423=CARTESIAN_POINT('',(125.087382096823,-99.4364059526172,67.849814704159));
#5424=CARTESIAN_POINT('',(109.054382096823,-99.4364059526172,67.849814704159));
#5425=CARTESIAN_POINT('Origin',(125.087382096823,-100.936405952617,67.849814704159));
#5426=CARTESIAN_POINT('Origin',(108.770767620225,3.36437384678244,28.1075685249766));
#5427=CARTESIAN_POINT('',(108.770767620225,4.46437384678245,28.1075685249766));
#5428=CARTESIAN_POINT('',(107.870767620225,3.99682937881612,28.1075685249766));
#5429=CARTESIAN_POINT('Origin',(108.770767620225,3.36437384678244,28.1075685249766));
#5430=CARTESIAN_POINT('',(107.870767620225,3.9968293788161,12.3525685249766));
#5431=CARTESIAN_POINT('',(107.870767620225,3.99682937881612,28.1075685249766));
#5432=CARTESIAN_POINT('',(108.770767620225,4.46437384678243,12.3525685249766));
#5433=CARTESIAN_POINT('Origin',(108.770767620225,3.36437384678243,12.3525685249766));
#5434=CARTESIAN_POINT('',(108.770767620225,4.46437384678245,28.1075685249766));
#5435=CARTESIAN_POINT('Origin',(108.770767620225,4.46437384678245,28.1075685249766));
#5436=CARTESIAN_POINT('',(126.770767620225,4.46437384678244,28.1075685249766));
#5437=CARTESIAN_POINT('',(108.770767620225,4.46437384678245,28.1075685249766));
#5438=CARTESIAN_POINT('',(126.770767620225,4.46437384678242,12.3525685249766));
#5439=CARTESIAN_POINT('',(108.770767620225,4.46437384678243,12.3525685249766));
#5440=CARTESIAN_POINT('',(126.770767620225,4.46437384678244,28.1075685249766));
#5441=CARTESIAN_POINT('Origin',(126.770767620225,3.36437384678244,28.1075685249766));
#5442=CARTESIAN_POINT('',(127.670767620225,3.99682937881612,28.1075685249766));
#5443=CARTESIAN_POINT('Origin',(126.770767620225,3.36437384678244,28.1075685249766));
#5444=CARTESIAN_POINT('',(127.670767620225,3.99682937881611,12.3525685249766));
#5445=CARTESIAN_POINT('Origin',(126.770767620225,3.36437384678243,12.3525685249766));
#5446=CARTESIAN_POINT('',(127.670767620225,3.99682937881612,28.1075685249766));
#5447=CARTESIAN_POINT('Origin',(127.670767620225,3.99682937881612,25.1075685249766));
#5448=CARTESIAN_POINT('',(131.970767620225,3.99682937881611,12.3525685249766));
#5449=CARTESIAN_POINT('',(127.670767620225,3.9968293788161,12.3525685249766));
#5450=CARTESIAN_POINT('',(131.970767620225,3.99682937881612,28.1075685249766));
#5451=CARTESIAN_POINT('',(131.970767620225,3.99682937881611,25.1075685249766));
#5452=CARTESIAN_POINT('',(127.670767620225,3.99682937881612,28.1075685249766));
#5453=CARTESIAN_POINT('Origin',(107.870767620225,3.99682937881612,28.1075685249766));
#5454=CARTESIAN_POINT('',(107.570767620225,3.9968293788161,12.3525685249766));
#5455=CARTESIAN_POINT('',(107.570767620225,3.99682937881612,28.1075685249766));
#5456=CARTESIAN_POINT('',(107.570767620225,3.99682937881612,28.1075685249766));
#5457=CARTESIAN_POINT('',(107.870767620225,3.9968293788161,12.3525685249766));
#5458=CARTESIAN_POINT('',(107.870767620225,3.99682937881612,28.1075685249766));
#5459=CARTESIAN_POINT('Origin',(122.770767620225,-40.3856261532176,28.1075685249766));
#5460=CARTESIAN_POINT('',(121.13123983829,-38.7020440636653,12.3525685249766));
#5461=CARTESIAN_POINT('Origin',(122.770767620225,-40.3856261532176,12.3525685249766));
#5462=CARTESIAN_POINT('',(121.13123983829,-38.7020440636653,28.1075685249766));
#5463=CARTESIAN_POINT('',(121.13123983829,-38.7020440636653,28.1075685249766));
#5464=CARTESIAN_POINT('Origin',(122.770767620225,-40.3856261532176,28.1075685249766));
#5465=CARTESIAN_POINT('Origin',(126.770767620225,-34.6356261532176,28.1075685249766));
#5466=CARTESIAN_POINT('',(126.770767620225,-35.7356261532176,28.1075685249766));
#5467=CARTESIAN_POINT('',(127.670767620225,-35.2680816852512,28.1075685249766));
#5468=CARTESIAN_POINT('Origin',(126.770767620225,-34.6356261532176,28.1075685249766));
#5469=CARTESIAN_POINT('',(127.670767620225,-35.2680816852513,12.3525685249766));
#5470=CARTESIAN_POINT('',(127.670767620225,-35.2680816852512,28.1075685249766));
#5471=CARTESIAN_POINT('',(126.770767620225,-35.7356261532176,12.3525685249766));
#5472=CARTESIAN_POINT('Origin',(126.770767620225,-34.6356261532176,12.3525685249766));
#5473=CARTESIAN_POINT('',(126.770767620225,-35.7356261532176,28.1075685249766));
#5474=CARTESIAN_POINT('Origin',(126.770767620225,-35.7356261532176,28.1075685249766));
#5475=CARTESIAN_POINT('',(108.770767620225,-35.7356261532176,28.1075685249766));
#5476=CARTESIAN_POINT('',(126.770767620225,-35.7356261532176,28.1075685249766));
#5477=CARTESIAN_POINT('',(108.770767620225,-35.7356261532176,12.3525685249766));
#5478=CARTESIAN_POINT('',(126.770767620225,-35.7356261532176,12.3525685249766));
#5479=CARTESIAN_POINT('',(108.770767620225,-35.7356261532176,28.1075685249766));
#5480=CARTESIAN_POINT('Origin',(108.770767620225,-34.6356261532175,28.1075685249766));
#5481=CARTESIAN_POINT('',(107.870767620225,-35.2680816852513,28.1075685249766));
#5482=CARTESIAN_POINT('Origin',(108.770767620225,-34.6356261532175,28.1075685249766));
#5483=CARTESIAN_POINT('',(107.870767620225,-35.2680816852513,12.3525685249766));
#5484=CARTESIAN_POINT('Origin',(108.770767620225,-34.6356261532176,12.3525685249766));
#5485=CARTESIAN_POINT('',(107.870767620225,-35.2680816852513,28.1075685249766));
#5486=CARTESIAN_POINT('Origin',(131.970767620225,-42.7856261532176,28.1075685249766));
#5487=CARTESIAN_POINT('',(131.970767620225,3.99637384678244,28.1075685249766));
#5488=CARTESIAN_POINT('',(131.970767620225,-82.7856261532175,28.1075685249766));
#5489=CARTESIAN_POINT('',(131.970767620225,-42.7856261532176,28.1075685249766));
#5490=CARTESIAN_POINT('',(131.970767620225,-82.7856261532175,12.3525685249766));
#5491=CARTESIAN_POINT('',(131.970767620225,-82.7856261532175,25.1075685249766));
#5492=CARTESIAN_POINT('',(131.970767620225,3.99637384678242,12.3525685249766));
#5493=CARTESIAN_POINT('',(131.970767620225,-42.7856261532176,12.3525685249766));
#5494=CARTESIAN_POINT('',(131.970767620225,3.99637384678243,25.1075685249766));
#5495=CARTESIAN_POINT('Origin',(127.670767620225,-35.2680816852512,28.1075685249766));
#5496=CARTESIAN_POINT('',(128.970767620225,-35.2680816852513,12.3525685249766));
#5497=CARTESIAN_POINT('',(128.970767620225,-35.2680816852513,28.1075685249766));
#5498=CARTESIAN_POINT('',(128.970767620225,-35.2680816852513,28.1075685249766));
#5499=CARTESIAN_POINT('',(127.670767620225,-35.2680816852513,12.3525685249766));
#5500=CARTESIAN_POINT('',(127.670767620225,-35.2680816852512,28.1075685249766));
#5501=CARTESIAN_POINT('Origin',(130.470767620225,3.99637384678244,26.6075685249766));
#5502=CARTESIAN_POINT('',(128.970767620225,3.99637384678242,12.3525685249766));
#5503=CARTESIAN_POINT('',(131.970767620225,3.99637384678242,12.3525685249766));
#5504=CARTESIAN_POINT('',(128.970767620225,3.99637384678244,28.1075685249766));
#5505=CARTESIAN_POINT('',(128.970767620225,3.99637384678243,25.1075685249766));
#5506=CARTESIAN_POINT('',(128.970767620225,3.99637384678244,28.1075685249766));
#5507=CARTESIAN_POINT('Origin',(128.970767620225,-42.7856261532176,28.1075685249766));
#5508=CARTESIAN_POINT('',(128.970767620225,-42.7856261532176,28.1075685249766));
#5509=CARTESIAN_POINT('',(128.970767620225,-42.7856261532176,12.3525685249766));
#5510=CARTESIAN_POINT('Origin',(107.870767620225,-35.2680816852513,25.1075685249766));
#5511=CARTESIAN_POINT('',(107.570767620225,-35.2680816852513,28.1075685249766));
#5512=CARTESIAN_POINT('',(107.570767620225,-35.2680816852513,12.3525685249766));
#5513=CARTESIAN_POINT('',(107.570767620225,-35.2680816852513,26.6075685249766));
#5514=CARTESIAN_POINT('',(107.870767620225,-35.2680816852513,28.1075685249766));
#5515=CARTESIAN_POINT('',(107.870767620225,-35.2680816852513,12.3525685249766));
#5516=CARTESIAN_POINT('Origin',(107.570767620225,3.99682937881612,28.1075685249766));
#5517=CARTESIAN_POINT('',(107.570767620225,3.9968293788161,12.3525685249766));
#5518=CARTESIAN_POINT('',(107.570767620225,3.99682937881612,28.1075685249766));
#5519=CARTESIAN_POINT('Origin',(112.770767620225,9.11437384678244,28.1075685249766));
#5520=CARTESIAN_POINT('',(114.410295402161,7.43079175723019,12.3525685249766));
#5521=CARTESIAN_POINT('Origin',(112.770767620225,9.11437384678243,12.3525685249766));
#5522=CARTESIAN_POINT('',(114.410295402161,7.4307917572302,28.1075685249766));
#5523=CARTESIAN_POINT('',(114.410295402161,7.4307917572302,28.1075685249766));
#5524=CARTESIAN_POINT('Origin',(112.770767620225,9.11437384678244,28.1075685249766));
#5525=CARTESIAN_POINT('Origin',(122.770767620225,9.11437384678244,28.1075685249766));
#5526=CARTESIAN_POINT('',(124.410295402161,7.43079175723019,12.3525685249766));
#5527=CARTESIAN_POINT('Origin',(122.770767620225,9.11437384678243,12.3525685249766));
#5528=CARTESIAN_POINT('',(124.410295402161,7.4307917572302,28.1075685249766));
#5529=CARTESIAN_POINT('',(124.410295402161,7.4307917572302,28.1075685249766));
#5530=CARTESIAN_POINT('Origin',(122.770767620225,9.11437384678244,28.1075685249766));
#5531=CARTESIAN_POINT('Origin',(112.770767620225,-40.3856261532176,28.1075685249766));
#5532=CARTESIAN_POINT('',(111.13123983829,-38.7020440636653,12.3525685249766));
#5533=CARTESIAN_POINT('Origin',(112.770767620225,-40.3856261532176,12.3525685249766));
#5534=CARTESIAN_POINT('',(111.13123983829,-38.7020440636653,28.1075685249766));
#5535=CARTESIAN_POINT('',(111.13123983829,-38.7020440636653,28.1075685249766));
#5536=CARTESIAN_POINT('Origin',(112.770767620225,-40.3856261532176,28.1075685249766));
#5537=CARTESIAN_POINT('Origin',(131.970767620225,3.99682937881612,28.1075685249766));
#5538=CARTESIAN_POINT('',(131.970767620225,4.51437384678243,12.3525685249766));
#5539=CARTESIAN_POINT('',(131.970767620225,4.51437384678244,28.1075685249766));
#5540=CARTESIAN_POINT('',(131.970767620225,4.51437384678244,28.1075685249766));
#5541=CARTESIAN_POINT('',(131.970767620225,-42.7856261532176,28.1075685249766));
#5542=CARTESIAN_POINT('',(131.970767620225,-42.7856261532176,12.3525685249766));
#5543=CARTESIAN_POINT('Origin',(124.970767620225,4.51437384678244,28.1075685249766));
#5544=CARTESIAN_POINT('',(124.970767620225,11.5143738467824,12.3525685249766));
#5545=CARTESIAN_POINT('Origin',(124.970767620225,4.51437384678243,12.3525685249766));
#5546=CARTESIAN_POINT('',(124.970767620225,11.5143738467824,28.1075685249766));
#5547=CARTESIAN_POINT('',(124.970767620225,11.5143738467824,28.1075685249766));
#5548=CARTESIAN_POINT('Origin',(124.970767620225,4.51437384678244,28.1075685249766));
#5549=CARTESIAN_POINT('Origin',(110.433568441721,11.5143738467824,28.1075685249766));
#5550=CARTESIAN_POINT('',(111.570767620225,11.5143738467824,12.3525685249766));
#5551=CARTESIAN_POINT('',(111.570767620225,11.5143738467824,28.1075685249766));
#5552=CARTESIAN_POINT('',(111.570767620225,11.5143738467824,28.1075685249766));
#5553=CARTESIAN_POINT('',(127.670767620225,11.5143738467824,28.1075685249766));
#5554=CARTESIAN_POINT('',(127.670767620225,11.5143738467824,12.3525685249766));
#5555=CARTESIAN_POINT('Origin',(111.570767620225,4.51437384678245,28.1075685249766));
#5556=CARTESIAN_POINT('',(104.570767620225,4.51437384678243,12.3525685249766));
#5557=CARTESIAN_POINT('Origin',(111.570767620225,4.51437384678243,12.3525685249766));
#5558=CARTESIAN_POINT('',(104.570767620225,4.51437384678245,28.1075685249766));
#5559=CARTESIAN_POINT('',(104.570767620225,4.51437384678245,28.1075685249766));
#5560=CARTESIAN_POINT('Origin',(111.570767620225,4.51437384678245,28.1075685249766));
#5561=CARTESIAN_POINT('Origin',(126.770767620225,-48.2856261532176,28.1075685249766));
#5562=CARTESIAN_POINT('',(126.770767620225,-48.2856261532176,28.1075685249766));
#5563=CARTESIAN_POINT('',(109.770767620225,-48.2856261532176,28.1075685249766));
#5564=CARTESIAN_POINT('',(122.270767620225,-48.2856261532176,28.1075685249766));
#5565=CARTESIAN_POINT('',(109.770767620225,-48.2856261532176,12.3525685249766));
#5566=CARTESIAN_POINT('',(109.770767620225,-48.2856261532176,28.1075685249766));
#5567=CARTESIAN_POINT('',(126.770767620225,-48.2856261532176,12.3525685249766));
#5568=CARTESIAN_POINT('',(122.270767620225,-48.2856261532176,12.3525685249766));
#5569=CARTESIAN_POINT('',(126.770767620225,-48.2856261532176,28.1075685249766));
#5570=CARTESIAN_POINT('Origin',(109.770767620225,-48.2856261532176,28.1075685249766));
#5571=CARTESIAN_POINT('',(109.770767620225,-57.2856261532176,28.1075685249766));
#5572=CARTESIAN_POINT('',(109.770767620225,-20.2650122702091,28.1075685249766));
#5573=CARTESIAN_POINT('',(109.770767620225,-57.2856261532176,12.3525685249766));
#5574=CARTESIAN_POINT('',(109.770767620225,-57.2856261532176,28.1075685249766));
#5575=CARTESIAN_POINT('',(109.770767620225,-20.2650122702092,12.3525685249766));
#5576=CARTESIAN_POINT('Origin',(109.770767620225,-57.2856261532176,28.1075685249766));
#5577=CARTESIAN_POINT('',(126.770767620225,-57.2856261532176,28.1075685249766));
#5578=CARTESIAN_POINT('',(113.770767620225,-57.2856261532176,28.1075685249767));
#5579=CARTESIAN_POINT('',(126.770767620225,-57.2856261532176,12.3525685249766));
#5580=CARTESIAN_POINT('',(126.770767620225,-57.2856261532176,28.1075685249766));
#5581=CARTESIAN_POINT('',(113.770767620225,-57.2856261532176,12.3525685249767));
#5582=CARTESIAN_POINT('Origin',(126.770767620225,-57.2856261532176,28.1075685249766));
#5583=CARTESIAN_POINT('',(126.770767620225,-24.7650122702091,28.1075685249766));
#5584=CARTESIAN_POINT('',(126.770767620225,-24.7650122702092,12.3525685249766));
#5585=CARTESIAN_POINT('Origin',(104.570767620225,11.5143738467824,28.1075685249766));
#5586=CARTESIAN_POINT('',(104.570767620225,-82.7856261532175,12.3525685249767));
#5587=CARTESIAN_POINT('',(104.570767620225,11.5143738467824,12.3525685249766));
#5588=CARTESIAN_POINT('',(104.570767620225,-82.7856261532175,24.1688185249766));
#5589=CARTESIAN_POINT('',(104.570767620225,11.5143738467824,28.1075685249766));
#5590=CARTESIAN_POINT('Origin',(109.054382096823,-82.7856261532175,22.5998147041591));
#5591=CARTESIAN_POINT('',(109.054382096823,-82.7856261532175,12.5528147041593));
#5592=CARTESIAN_POINT('',(109.054382096823,-82.7856261532175,22.5998147041591));
#5593=CARTESIAN_POINT('',(109.054382096823,-82.7856261532175,18.089941614568));
#5594=CARTESIAN_POINT('',(109.054382096823,-106.046626153218,12.5528147041593));
#5595=CARTESIAN_POINT('',(109.054382096823,-82.7856261532175,12.5528147041593));
#5596=CARTESIAN_POINT('',(109.054382096823,-106.046626153218,22.5998147041591));
#5597=CARTESIAN_POINT('',(109.054382096823,-106.046626153218,23.4673591721254));
#5598=CARTESIAN_POINT('',(109.054382096823,-82.7856261532175,22.5998147041591));
#5599=CARTESIAN_POINT('',(109.054382096823,-99.4364059526174,18.3498147041595));
#5600=CARTESIAN_POINT('Origin',(109.054382096823,-100.936405952617,18.3498147041595));
#5601=CARTESIAN_POINT('',(109.054382096823,-89.4364059526174,18.3498147041594));
#5602=CARTESIAN_POINT('Origin',(109.054382096823,-90.9364059526174,18.3498147041594));
#5603=CARTESIAN_POINT('Origin',(125.087382096823,-82.7856261532175,22.5998147041591));
#5604=CARTESIAN_POINT('',(125.087382096823,-82.7856261532175,22.5998147041591));
#5605=CARTESIAN_POINT('',(125.087382096823,-104.196185752017,22.5998147041591));
#5606=CARTESIAN_POINT('',(125.087382096823,-82.7856261532175,22.5998147041591));
#5607=CARTESIAN_POINT('',(119.912321413698,-82.7856261532175,22.5998147041591));
#5608=CARTESIAN_POINT('',(109.054927108697,-106.046626153218,22.5998147041591));
#5609=CARTESIAN_POINT('',(108.804382096823,-106.046626153218,22.5998147041591));
#5610=CARTESIAN_POINT('',(111.294927108697,-108.286626153218,22.5998147041581));
#5611=CARTESIAN_POINT('',(107.807790855729,-104.799489900249,22.5998147041591));
#5612=CARTESIAN_POINT('',(111.294927108697,-129.687185752017,22.5998147041581));
#5613=CARTESIAN_POINT('',(111.294927108697,-129.687185752017,22.5998147041581));
#5614=CARTESIAN_POINT('',(126.987153143627,-129.687185752017,22.5998147041581));
#5615=CARTESIAN_POINT('',(113.016093919635,-129.687185752017,22.5998147041581));
#5616=CARTESIAN_POINT('',(126.987153143627,-106.046185752017,22.5998147041581));
#5617=CARTESIAN_POINT('',(126.987153143627,-129.687185752017,22.5998147041581));
#5618=CARTESIAN_POINT('',(126.937382096823,-106.046185752017,22.5998147041581));
#5619=CARTESIAN_POINT('',(126.987153143627,-106.046185752017,22.5998147041581));
#5620=CARTESIAN_POINT('',(120.197242197123,-99.3060458523175,22.5998147041591));
#5621=CARTESIAN_POINT('Origin',(108.770767620225,-215.837185752017,28.1075685249776));
#5622=CARTESIAN_POINT('',(108.770767620225,-216.937185752017,28.1075685249776));
#5623=CARTESIAN_POINT('',(107.870767620225,-216.469641284051,28.1075685249776));
#5624=CARTESIAN_POINT('Origin',(108.770767620225,-215.837185752017,28.1075685249776));
#5625=CARTESIAN_POINT('',(108.770767620225,-216.937185752017,12.3525685249776));
#5626=CARTESIAN_POINT('',(108.770767620225,-216.937185752017,28.1075685249776));
#5627=CARTESIAN_POINT('',(107.870767620225,-216.469641284051,12.3525685249776));
#5628=CARTESIAN_POINT('Origin',(108.770767620225,-215.837185752017,12.3525685249776));
#5629=CARTESIAN_POINT('',(107.870767620225,-216.469641284051,28.1075685249776));
#5630=CARTESIAN_POINT('Origin',(108.770767620225,-216.937185752017,28.1075685249776));
#5631=CARTESIAN_POINT('',(126.770767620225,-216.937185752017,28.1075685249776));
#5632=CARTESIAN_POINT('',(108.770767620225,-216.937185752017,28.1075685249776));
#5633=CARTESIAN_POINT('',(126.770767620225,-216.937185752018,12.3525685249776));
#5634=CARTESIAN_POINT('',(126.770767620225,-216.937185752017,28.1075685249776));
#5635=CARTESIAN_POINT('',(108.770767620225,-216.937185752017,12.3525685249776));
#5636=CARTESIAN_POINT('Origin',(126.770767620225,-215.837185752017,28.1075685249776));
#5637=CARTESIAN_POINT('',(127.670767620225,-216.469641284051,28.1075685249776));
#5638=CARTESIAN_POINT('Origin',(126.770767620225,-215.837185752017,28.1075685249776));
#5639=CARTESIAN_POINT('',(127.670767620225,-216.469641284051,12.3525685249776));
#5640=CARTESIAN_POINT('',(127.670767620225,-216.469641284051,28.1075685249776));
#5641=CARTESIAN_POINT('Origin',(126.770767620225,-215.837185752017,12.3525685249776));
#5642=CARTESIAN_POINT('Origin',(127.670767620225,-216.469641284051,25.1075685249776));
#5643=CARTESIAN_POINT('',(131.970767620225,-216.469641284051,28.1075685249776));
#5644=CARTESIAN_POINT('',(127.670767620225,-216.469641284051,28.1075685249776));
#5645=CARTESIAN_POINT('',(131.970767620225,-216.469641284051,12.3525685249776));
#5646=CARTESIAN_POINT('',(131.970767620225,-216.469641284051,25.1075685249776));
#5647=CARTESIAN_POINT('',(127.670767620225,-216.469641284051,12.3525685249776));
#5648=CARTESIAN_POINT('Origin',(107.870767620225,-216.469641284051,28.1075685249776));
#5649=CARTESIAN_POINT('',(107.570767620225,-216.469641284051,12.3525685249776));
#5650=CARTESIAN_POINT('',(107.570767620225,-216.469641284051,28.1075685249776));
#5651=CARTESIAN_POINT('',(107.570767620225,-216.469641284051,28.1075685249776));
#5652=CARTESIAN_POINT('',(107.870767620225,-216.469641284051,28.1075685249776));
#5653=CARTESIAN_POINT('',(107.870767620225,-216.469641284051,12.3525685249776));
#5654=CARTESIAN_POINT('Origin',(122.770767620225,-172.087185752017,28.1075685249772));
#5655=CARTESIAN_POINT('',(121.131239838289,-173.77076784157,12.3525685249772));
#5656=CARTESIAN_POINT('Origin',(122.770767620225,-172.087185752017,12.3525685249772));
#5657=CARTESIAN_POINT('',(121.131239838289,-173.77076784157,28.1075685249772));
#5658=CARTESIAN_POINT('',(121.131239838289,-173.77076784157,28.1075685249772));
#5659=CARTESIAN_POINT('Origin',(122.770767620225,-172.087185752017,28.1075685249772));
#5660=CARTESIAN_POINT('Origin',(126.770767620225,-177.837185752017,28.1075685249773));
#5661=CARTESIAN_POINT('',(126.770767620225,-176.737185752017,28.1075685249773));
#5662=CARTESIAN_POINT('',(127.670767620225,-177.204730219984,28.1075685249773));
#5663=CARTESIAN_POINT('Origin',(126.770767620225,-177.837185752017,28.1075685249773));
#5664=CARTESIAN_POINT('',(126.770767620225,-176.737185752017,12.3525685249773));
#5665=CARTESIAN_POINT('',(126.770767620225,-176.737185752017,28.1075685249773));
#5666=CARTESIAN_POINT('',(127.670767620225,-177.204730219984,12.3525685249773));
#5667=CARTESIAN_POINT('Origin',(126.770767620225,-177.837185752017,12.3525685249773));
#5668=CARTESIAN_POINT('',(127.670767620225,-177.204730219984,28.1075685249773));
#5669=CARTESIAN_POINT('Origin',(126.770767620225,-176.737185752017,28.1075685249773));
#5670=CARTESIAN_POINT('',(108.770767620225,-176.737185752017,28.1075685249773));
#5671=CARTESIAN_POINT('',(126.770767620225,-176.737185752017,28.1075685249773));
#5672=CARTESIAN_POINT('',(108.770767620225,-176.737185752017,12.3525685249773));
#5673=CARTESIAN_POINT('',(108.770767620225,-176.737185752017,28.1075685249773));
#5674=CARTESIAN_POINT('',(126.770767620225,-176.737185752017,12.3525685249773));
#5675=CARTESIAN_POINT('Origin',(108.770767620225,-177.837185752017,28.1075685249773));
#5676=CARTESIAN_POINT('',(107.870767620225,-177.204730219984,28.1075685249773));
#5677=CARTESIAN_POINT('Origin',(108.770767620225,-177.837185752017,28.1075685249773));
#5678=CARTESIAN_POINT('',(107.870767620225,-177.204730219984,12.3525685249773));
#5679=CARTESIAN_POINT('',(107.870767620225,-177.204730219984,28.1075685249773));
#5680=CARTESIAN_POINT('Origin',(108.770767620225,-177.837185752017,12.3525685249773));
#5681=CARTESIAN_POINT('Origin',(131.970767620225,-169.687185752017,28.1075685249772));
#5682=CARTESIAN_POINT('',(131.970767620225,-216.469185752017,28.1075685249776));
#5683=CARTESIAN_POINT('',(131.970767620225,-169.687185752017,28.1075685249772));
#5684=CARTESIAN_POINT('',(131.970767620225,-216.469185752017,12.3525685249776));
#5685=CARTESIAN_POINT('',(131.970767620225,-216.469185752017,25.1075685249776));
#5686=CARTESIAN_POINT('',(131.970767620225,-129.687185752018,12.3525685249769));
#5687=CARTESIAN_POINT('',(131.970767620225,-169.687185752017,12.3525685249772));
#5688=CARTESIAN_POINT('',(131.970767620225,-129.687185752017,25.1075685249769));
#5689=CARTESIAN_POINT('Origin',(127.670767620225,-177.204730219984,28.1075685249773));
#5690=CARTESIAN_POINT('',(128.970767620225,-177.204730219984,12.3525685249773));
#5691=CARTESIAN_POINT('',(128.970767620225,-177.204730219984,28.1075685249773));
#5692=CARTESIAN_POINT('',(128.970767620225,-177.204730219984,28.1075685249773));
#5693=CARTESIAN_POINT('',(127.670767620225,-177.204730219984,28.1075685249773));
#5694=CARTESIAN_POINT('',(127.670767620225,-177.204730219984,12.3525685249773));
#5695=CARTESIAN_POINT('Origin',(130.470767620225,-216.469185752017,26.6075685249776));
#5696=CARTESIAN_POINT('',(128.970767620225,-216.469185752017,28.1075685249776));
#5697=CARTESIAN_POINT('',(128.970767620225,-216.469185752017,28.1075685249776));
#5698=CARTESIAN_POINT('',(128.970767620225,-216.469185752017,12.3525685249776));
#5699=CARTESIAN_POINT('',(128.970767620225,-216.469185752017,25.1075685249776));
#5700=CARTESIAN_POINT('',(131.970767620225,-216.469185752017,12.3525685249776));
#5701=CARTESIAN_POINT('Origin',(128.970767620225,-169.687185752017,28.1075685249772));
#5702=CARTESIAN_POINT('',(128.970767620225,-169.687185752017,12.3525685249772));
#5703=CARTESIAN_POINT('',(128.970767620225,-169.687185752017,28.1075685249772));
#5704=CARTESIAN_POINT('Origin',(107.870767620225,-177.204730219984,25.1075685249773));
#5705=CARTESIAN_POINT('',(107.570767620225,-177.204730219984,28.1075685249773));
#5706=CARTESIAN_POINT('',(107.570767620225,-177.204730219984,12.3525685249773));
#5707=CARTESIAN_POINT('',(107.570767620225,-177.204730219984,26.6075685249773));
#5708=CARTESIAN_POINT('',(107.870767620225,-177.204730219984,12.3525685249773));
#5709=CARTESIAN_POINT('',(107.870767620225,-177.204730219984,28.1075685249773));
#5710=CARTESIAN_POINT('Origin',(107.570767620225,-216.469641284051,28.1075685249776));
#5711=CARTESIAN_POINT('',(107.570767620225,-216.469641284051,28.1075685249776));
#5712=CARTESIAN_POINT('',(107.570767620225,-216.469641284051,12.3525685249776));
#5713=CARTESIAN_POINT('Origin',(112.770767620225,-221.587185752017,28.1075685249776));
#5714=CARTESIAN_POINT('',(114.410295402161,-219.903603662465,12.3525685249776));
#5715=CARTESIAN_POINT('Origin',(112.770767620225,-221.587185752017,12.3525685249776));
#5716=CARTESIAN_POINT('',(114.410295402161,-219.903603662465,28.1075685249776));
#5717=CARTESIAN_POINT('',(114.410295402161,-219.903603662465,28.1075685249776));
#5718=CARTESIAN_POINT('Origin',(112.770767620225,-221.587185752017,28.1075685249776));
#5719=CARTESIAN_POINT('Origin',(122.770767620225,-221.587185752017,28.1075685249776));
#5720=CARTESIAN_POINT('',(124.410295402161,-219.903603662465,12.3525685249776));
#5721=CARTESIAN_POINT('Origin',(122.770767620225,-221.587185752017,12.3525685249776));
#5722=CARTESIAN_POINT('',(124.410295402161,-219.903603662465,28.1075685249776));
#5723=CARTESIAN_POINT('',(124.410295402161,-219.903603662465,28.1075685249776));
#5724=CARTESIAN_POINT('Origin',(122.770767620225,-221.587185752017,28.1075685249776));
#5725=CARTESIAN_POINT('Origin',(112.770767620225,-172.087185752017,28.1075685249772));
#5726=CARTESIAN_POINT('',(111.131239838289,-173.77076784157,12.3525685249772));
#5727=CARTESIAN_POINT('Origin',(112.770767620225,-172.087185752017,12.3525685249772));
#5728=CARTESIAN_POINT('',(111.131239838289,-173.77076784157,28.1075685249772));
#5729=CARTESIAN_POINT('',(111.131239838289,-173.77076784157,28.1075685249772));
#5730=CARTESIAN_POINT('Origin',(112.770767620225,-172.087185752017,28.1075685249772));
#5731=CARTESIAN_POINT('Origin',(131.970767620225,-216.469641284051,28.1075685249776));
#5732=CARTESIAN_POINT('',(131.970767620225,-216.987185752018,12.3525685249776));
#5733=CARTESIAN_POINT('',(131.970767620225,-216.987185752017,28.1075685249776));
#5734=CARTESIAN_POINT('',(131.970767620225,-216.987185752017,28.1075685249776));
#5735=CARTESIAN_POINT('',(131.970767620225,-169.687185752017,12.3525685249772));
#5736=CARTESIAN_POINT('',(131.970767620225,-169.687185752017,28.1075685249772));
#5737=CARTESIAN_POINT('Origin',(124.970767620225,-216.987185752017,28.1075685249776));
#5738=CARTESIAN_POINT('',(124.970767620225,-223.987185752017,12.3525685249776));
#5739=CARTESIAN_POINT('Origin',(124.970767620225,-216.987185752017,12.3525685249776));
#5740=CARTESIAN_POINT('',(124.970767620225,-223.987185752017,28.1075685249776));
#5741=CARTESIAN_POINT('Origin',(124.970767620225,-216.987185752017,28.1075685249776));
#5742=CARTESIAN_POINT('',(124.970767620225,-223.987185752017,28.1075685249776));
#5743=CARTESIAN_POINT('Origin',(110.433568441721,-223.987185752017,28.1075685249776));
#5744=CARTESIAN_POINT('',(111.570767620225,-223.987185752017,12.3525685249777));
#5745=CARTESIAN_POINT('',(111.570767620225,-223.987185752017,28.1075685249776));
#5746=CARTESIAN_POINT('',(111.570767620225,-223.987185752017,28.1075685249776));
#5747=CARTESIAN_POINT('',(127.670767620225,-223.987185752017,12.3525685249776));
#5748=CARTESIAN_POINT('',(127.670767620225,-223.987185752017,28.1075685249776));
#5749=CARTESIAN_POINT('Origin',(111.570767620225,-216.987185752017,28.1075685249776));
#5750=CARTESIAN_POINT('',(104.570767620225,-216.987185752017,12.3525685249776));
#5751=CARTESIAN_POINT('Origin',(111.570767620225,-216.987185752017,12.3525685249776));
#5752=CARTESIAN_POINT('',(104.570767620225,-216.987185752017,28.1075685249776));
#5753=CARTESIAN_POINT('Origin',(111.570767620225,-216.987185752017,28.1075685249776));
#5754=CARTESIAN_POINT('',(104.570767620225,-216.987185752017,28.1075685249776));
#5755=CARTESIAN_POINT('Origin',(126.770767620225,-164.187185752017,28.1075685249771));
#5756=CARTESIAN_POINT('',(126.770767620225,-164.187185752017,28.1075685249771));
#5757=CARTESIAN_POINT('',(109.770767620225,-164.187185752017,28.1075685249772));
#5758=CARTESIAN_POINT('',(122.270767620225,-164.187185752017,28.1075685249772));
#5759=CARTESIAN_POINT('',(126.770767620225,-164.187185752017,12.3525685249771));
#5760=CARTESIAN_POINT('',(126.770767620225,-164.187185752017,28.1075685249771));
#5761=CARTESIAN_POINT('',(109.770767620225,-164.187185752017,12.3525685249772));
#5762=CARTESIAN_POINT('',(122.270767620225,-164.187185752017,12.3525685249772));
#5763=CARTESIAN_POINT('',(109.770767620225,-164.187185752017,28.1075685249772));
#5764=CARTESIAN_POINT('Origin',(109.770767620225,-164.187185752017,28.1075685249772));
#5765=CARTESIAN_POINT('',(109.770767620225,-155.187185752017,28.1075685249771));
#5766=CARTESIAN_POINT('',(109.770767620225,-192.207799635026,28.1075685249774));
#5767=CARTESIAN_POINT('',(109.770767620225,-155.187185752017,12.3525685249771));
#5768=CARTESIAN_POINT('',(109.770767620225,-192.207799635026,12.3525685249774));
#5769=CARTESIAN_POINT('',(109.770767620225,-155.187185752017,28.1075685249771));
#5770=CARTESIAN_POINT('Origin',(109.770767620225,-155.187185752017,28.1075685249771));
#5771=CARTESIAN_POINT('',(126.770767620225,-155.187185752017,28.1075685249771));
#5772=CARTESIAN_POINT('',(113.770767620225,-155.187185752017,28.1075685249771));
#5773=CARTESIAN_POINT('',(126.770767620225,-155.187185752017,12.3525685249771));
#5774=CARTESIAN_POINT('',(113.770767620225,-155.187185752017,12.3525685249771));
#5775=CARTESIAN_POINT('',(126.770767620225,-155.187185752017,28.1075685249771));
#5776=CARTESIAN_POINT('Origin',(126.770767620225,-155.187185752017,28.1075685249771));
#5777=CARTESIAN_POINT('',(126.770767620225,-187.707799635026,28.1075685249774));
#5778=CARTESIAN_POINT('',(126.770767620225,-187.707799635026,12.3525685249774));
#5779=CARTESIAN_POINT('Origin',(104.570767620225,-223.987185752017,28.1075685249777));
#5780=CARTESIAN_POINT('',(104.570767620225,-129.687185752017,28.1075685249769));
#5781=CARTESIAN_POINT('',(104.570767620225,-223.987185752017,28.1075685249777));
#5782=CARTESIAN_POINT('',(104.570767620225,-129.687185752017,12.3525685249769));
#5783=CARTESIAN_POINT('',(104.570767620225,-129.687185752017,24.1688185249768));
#5784=CARTESIAN_POINT('',(104.570767620225,-223.987185752017,12.3525685249777));
#5785=CARTESIAN_POINT('Origin',(119.141040126162,-106.046185752017,17.5763147041581));
#5786=CARTESIAN_POINT('',(126.937382096823,-106.046185752017,12.5528147041581));
#5787=CARTESIAN_POINT('',(126.937382096823,-106.046185752017,16.7630647041587));
#5788=CARTESIAN_POINT('',(126.987153143627,-106.046185752017,12.5528147041581));
#5789=CARTESIAN_POINT('',(126.987153143627,-106.046185752017,12.5528147041581));
#5790=CARTESIAN_POINT('',(111.294927108697,-106.046185752017,12.5528147041581));
#5791=CARTESIAN_POINT('Origin',(126.987153143627,-129.687185752017,12.5528147041581));
#5792=CARTESIAN_POINT('',(111.294927108697,-129.687185752017,12.5528147041581));
#5793=CARTESIAN_POINT('',(126.987153143627,-129.687185752017,12.5528147041581));
#5794=CARTESIAN_POINT('',(120.8622069371,-129.687185752018,12.5528147041581));
#5795=CARTESIAN_POINT('',(111.294927108697,-108.286626153218,12.5528147041581));
#5796=CARTESIAN_POINT('',(111.294927108697,-129.687185752017,12.5528147041581));
#5797=CARTESIAN_POINT('',(109.054927108697,-106.046626153218,12.5528147041593));
#5798=CARTESIAN_POINT('',(120.00812351713,-116.99982256165,12.5528147041581));
#5799=CARTESIAN_POINT('',(125.087382096823,-106.046626153218,12.5528147041593));
#5800=CARTESIAN_POINT('',(125.087382096823,-82.7856261532175,12.5528147041593));
#5801=CARTESIAN_POINT('',(111.895821413698,-82.7856261532175,12.5528147041593));
#5802=CARTESIAN_POINT('',(125.087382096823,-104.196185752017,12.5528147041593));
#5803=CARTESIAN_POINT('',(125.087382096823,-82.7856261532175,12.5528147041593));
#5804=CARTESIAN_POINT('',(132.397574858524,-111.506378513718,12.5528147041581));
#5805=CARTESIAN_POINT('',(126.987153143627,-129.687185752017,12.5528147041581));
#5806=CARTESIAN_POINT('Origin',(126.987153143627,-129.687185752017,22.5998147041581));
#5807=CARTESIAN_POINT('',(126.987153143627,-129.687185752017,21.4149416145675));
#5808=CARTESIAN_POINT('',(126.987153143627,-113.036405952617,18.3498147041591));
#5809=CARTESIAN_POINT('Origin',(126.987153143627,-111.536405952617,18.3498147041591));
#5810=CARTESIAN_POINT('',(126.987153143627,-123.036405952617,18.3498147041591));
#5811=CARTESIAN_POINT('Origin',(126.987153143627,-121.536405952617,18.3498147041591));
#5812=CARTESIAN_POINT('Origin',(111.294927108697,-129.687185752017,12.5528147041581));
#5813=CARTESIAN_POINT('',(111.294927108697,-108.286626153218,15.9138147041586));
#5814=CARTESIAN_POINT('',(111.294927108697,-129.687185752017,16.3914416145675));
#5815=CARTESIAN_POINT('Origin',(117.070882096823,-106.046626153218,19.2748147041592));
#5816=CARTESIAN_POINT('',(109.054927108697,-106.046626153218,15.9138147041586));
#5817=CARTESIAN_POINT('Origin',(110.174927108697,-107.166626153218,15.9138147041586));
#5818=CARTESIAN_POINT('Origin',(125.087382096823,-82.7856261532175,15.9498147041593));
#5819=CARTESIAN_POINT('',(125.087382096823,-104.196185752017,16.7630647041587));
#5820=CARTESIAN_POINT('',(125.087382096823,-82.7856261532175,18.089941614568));
#5821=CARTESIAN_POINT('',(125.087382096823,-99.4364059526174,18.3498147041595));
#5822=CARTESIAN_POINT('Origin',(125.087382096823,-100.936405952617,18.3498147041595));
#5823=CARTESIAN_POINT('',(125.087382096823,-89.4364059526174,18.3498147041594));
#5824=CARTESIAN_POINT('Origin',(125.087382096823,-90.9364059526174,18.3498147041594));
#5825=CARTESIAN_POINT('Origin',(126.012382096823,-105.121185752017,16.7630647041587));
#5826=CARTESIAN_POINT('Origin',(111.295153143627,-121.536405952617,18.3498147041591));
#5827=CARTESIAN_POINT('',(111.295153143627,-123.036405952617,18.3498147041591));
#5828=CARTESIAN_POINT('Origin',(111.295153143627,-121.536405952617,18.3498147041591));
#5829=CARTESIAN_POINT('Origin',(126.987153143627,-121.536405952617,18.3498147041591));
#5830=CARTESIAN_POINT('',(126.987153143627,-123.036405952617,18.3498147041591));
#5831=CARTESIAN_POINT('Origin',(111.295153143627,-111.536405952617,18.3498147041591));
#5832=CARTESIAN_POINT('',(111.295153143627,-113.036405952617,18.3498147041591));
#5833=CARTESIAN_POINT('Origin',(111.295153143627,-111.536405952617,18.3498147041591));
#5834=CARTESIAN_POINT('Origin',(126.987153143627,-111.536405952617,18.3498147041591));
#5835=CARTESIAN_POINT('',(126.987153143627,-113.036405952617,18.3498147041591));
#5836=CARTESIAN_POINT('Origin',(109.054382096823,-90.9364059526174,18.3498147041594));
#5837=CARTESIAN_POINT('',(109.054382096823,-89.4364059526174,18.3498147041594));
#5838=CARTESIAN_POINT('Origin',(109.054382096823,-100.936405952617,18.3498147041595));
#5839=CARTESIAN_POINT('',(109.054382096823,-99.4364059526174,18.3498147041595));
#5840=CARTESIAN_POINT('Origin',(117.770767620225,-220.228413518034,12.3525685249776));
#5841=CARTESIAN_POINT('',(116.254014175399,-129.687185752018,12.3525685249769));
#5842=CARTESIAN_POINT('Origin',(117.770767620225,-220.228413518034,28.1075685249776));
#5843=CARTESIAN_POINT('',(104.571153143627,-129.687185752017,28.1075685249759));
#5844=CARTESIAN_POINT('',(104.571153143627,-177.581799635026,28.1075685249773));
#5845=CARTESIAN_POINT('',(123.3542069371,-129.687185752017,28.1075685249759));
#5846=CARTESIAN_POINT('Origin',(111.294927108697,-129.687185752017,28.3075685249759));
#5847=CARTESIAN_POINT('',(111.294927108697,-129.687185752017,31.7133134396059));
#5848=CARTESIAN_POINT('Origin',(112.294927108697,-140.183185752017,35.1190583542359));
#5849=CARTESIAN_POINT('Origin',(125.987153143627,-129.687185752017,35.1190583542359));
#5850=CARTESIAN_POINT('',(125.987153143627,-131.887185752017,90.8160583542359));
#5851=CARTESIAN_POINT('',(125.987153143627,-131.887185752018,27.6745634396064));
#5852=CARTESIAN_POINT('',(125.987153143627,-129.687185752017,90.8160583542359));
#5853=CARTESIAN_POINT('Origin',(117.770767620225,7.75560161279928,28.1075685249766));
#5854=CARTESIAN_POINT('',(131.970382096823,-72.2892831095532,28.1075685249759));
#5855=CARTESIAN_POINT('',(131.970382096823,-82.7856261532175,28.1075685249759));
#5856=CARTESIAN_POINT('',(131.970382096823,-34.890926509293,28.1075685249766));
#5857=CARTESIAN_POINT('',(116.254014175399,-82.7856261532175,28.1075685249767));
#5858=CARTESIAN_POINT('',(111.170574858524,-72.2892831095532,28.1075685249767));
#5859=CARTESIAN_POINT('Origin',(117.770767620225,7.75560161279927,12.3525685249766));
#5860=CARTESIAN_POINT('',(116.254014175399,-82.7856261532175,12.3525685249767));
#5861=CARTESIAN_POINT('Origin',(109.054382096823,-72.2892831095532,28.3075685249759));
#5862=CARTESIAN_POINT('',(109.054382096823,-82.7856261532175,32.0486096078598));
#5863=CARTESIAN_POINT('Origin',(125.087382096823,-72.2892831095532,28.3075685249759));
#5864=CARTESIAN_POINT('',(110.054382096823,-72.2892831095532,90.8156506907437));
#5865=CARTESIAN_POINT('',(109.054382096823,-72.2892831095532,90.8156506907437));
#5866=CARTESIAN_POINT('',(110.054382096823,-72.2892831095532,32.0486096078598));
#5867=CARTESIAN_POINT('',(124.087382096823,-72.2892831095532,90.8156506907437));
#5868=CARTESIAN_POINT('',(124.087382096823,-72.2892831095532,32.0486096078598));
#5869=CARTESIAN_POINT('',(131.970382096823,-72.2892831095532,90.8156506907437));
#5870=CARTESIAN_POINT('',(104.570382096823,-72.2892831095532,90.8156506907437));
#5871=CARTESIAN_POINT('',(131.970382096823,-72.2892831095532,35.7896506907437));
#5872=CARTESIAN_POINT('',(127.845481264283,-72.2892831095532,87.513714565942));
#5873=CARTESIAN_POINT('Origin',(126.595481264283,-72.2892831095532,87.513714565942));
#5874=CARTESIAN_POINT('',(127.845481264284,-72.2892831095532,31.887714565942));
#5875=CARTESIAN_POINT('Origin',(126.595481264284,-72.2892831095532,31.887714565942));
#5876=CARTESIAN_POINT('',(108.795481264279,-72.2892831095532,87.5137145659419));
#5877=CARTESIAN_POINT('Origin',(107.545481264279,-72.2892831095532,87.5137145659419));
#5878=CARTESIAN_POINT('',(108.79548126428,-72.2892831095532,31.8877145659419));
#5879=CARTESIAN_POINT('Origin',(107.54548126428,-72.2892831095532,31.8877145659419));
#5880=CARTESIAN_POINT('Origin',(125.087382096823,-82.7856261532175,28.3075685249759));
#5881=CARTESIAN_POINT('',(125.087382096823,-82.7856261532175,32.0486096078598));
#5882=CARTESIAN_POINT('Origin',(124.087382096823,-72.2892831095532,35.7896506907437));
#5883=CARTESIAN_POINT('',(124.087382096823,-72.2892831095532,90.8156506907437));
#5884=CARTESIAN_POINT('Origin',(110.054382096823,-82.7856261532175,35.7896506907437));
#5885=CARTESIAN_POINT('',(110.054382096823,-80.5856261532175,90.8156506907437));
#5886=CARTESIAN_POINT('',(110.054382096823,-80.5856261532175,28.0098596078602));
#5887=CARTESIAN_POINT('',(110.054382096823,-82.7856261532175,90.8156506907437));
#5888=CARTESIAN_POINT('Origin',(114.737260730573,-129.687185752017,20.2300685249769));
#5889=CARTESIAN_POINT('',(104.571153143627,-129.687185752017,35.1190583542359));
#5890=CARTESIAN_POINT('Origin',(114.737260730573,-82.7856261532175,20.2300685249767));
#5891=CARTESIAN_POINT('',(131.970382096823,-82.7856261532175,35.7896506907437));
#5892=CARTESIAN_POINT('Origin',(104.571153143627,-134.935185752017,31.7133134396059));
#5893=CARTESIAN_POINT('Origin',(109.054382096823,-82.7856261532175,90.8156506907437));
#5894=CARTESIAN_POINT('',(78.5701531436274,-80.5856261532175,90.8156506907437));
#5895=CARTESIAN_POINT('',(105.232980561915,-77.4192036813028,90.8156506907437));
#5896=CARTESIAN_POINT('Origin',(106.582980561915,-77.4192036813028,90.8156506907437));
#5897=CARTESIAN_POINT('Origin',(114.737260730573,-80.5856261532175,20.2300685249767));
#5898=CARTESIAN_POINT('Origin',(109.615981264279,-131.887185752017,31.8877145659418));
#5899=CARTESIAN_POINT('',(108.365981264279,-131.887185752017,31.8877145659418));
#5900=CARTESIAN_POINT('Origin',(109.615981264279,-131.887185752017,31.8877145659418));
#5901=CARTESIAN_POINT('Origin',(109.615981264279,-140.183185752017,31.8877145659418));
#5902=CARTESIAN_POINT('',(108.365981264279,-140.183185752017,31.8877145659418));
#5903=CARTESIAN_POINT('Origin',(128.665981264283,-140.183185752017,87.5137145659418));
#5904=CARTESIAN_POINT('',(127.415981264283,-131.887185752017,87.5137145659418));
#5905=CARTESIAN_POINT('',(127.415981264283,-140.183185752017,87.5137145659418));
#5906=CARTESIAN_POINT('Origin',(128.665981264283,-131.887185752018,87.5137145659418));
#5907=CARTESIAN_POINT('',(129.915981264283,-134.110918340781,87.5137145659418));
#5908=CARTESIAN_POINT('',(128.232980561916,-135.419203681303,88.6863229369462));
#5909=CARTESIAN_POINT('Ctrl Pts',(129.915981264283,-134.110918340781,87.5137145659418));
#5910=CARTESIAN_POINT('Ctrl Pts',(129.915981264283,-134.110918340781,87.6588409402997));
#5911=CARTESIAN_POINT('Ctrl Pts',(129.889170044633,-134.103199429462,87.8139240010056));
#5912=CARTESIAN_POINT('Ctrl Pts',(129.779425293946,-134.082405858699,88.1024073252583));
#5913=CARTESIAN_POINT('Ctrl Pts',(129.696517267621,-134.070533796633,88.2359027115203));
#5914=CARTESIAN_POINT('Ctrl Pts',(129.516348595035,-134.068251138154,88.4385139409222));
#5915=CARTESIAN_POINT('Ctrl Pts',(129.399157630428,-134.077284973266,88.5336522675766));
#5916=CARTESIAN_POINT('Ctrl Pts',(129.207569903705,-134.119570346549,88.6445117948));
#5917=CARTESIAN_POINT('Ctrl Pts',(129.111970134335,-134.149832285596,88.6855259883989));
#5918=CARTESIAN_POINT('Ctrl Pts',(128.924461107191,-134.236196181941,88.7405952522099));
#5919=CARTESIAN_POINT('Ctrl Pts',(128.832749190747,-134.292487169223,88.7550248358889));
#5920=CARTESIAN_POINT('Ctrl Pts',(128.597002855383,-134.475745247609,88.7717503918938));
#5921=CARTESIAN_POINT('Ctrl Pts',(128.461607067145,-134.639561903934,88.7504461731565));
#5922=CARTESIAN_POINT('Ctrl Pts',(128.279570173091,-135.011233098572,88.7061747467745));
#5923=CARTESIAN_POINT('Ctrl Pts',(128.232980561916,-135.219477314592,88.6863229369462));
#5924=CARTESIAN_POINT('Ctrl Pts',(128.232980561916,-135.419203681303,88.6863229369462));
#5925=CARTESIAN_POINT('',(128.232980561916,-135.419203681303,86.3411061949373));
#5926=CARTESIAN_POINT('Ctrl Pts',(128.232980561916,-135.419203681303,88.6863229369462));
#5927=CARTESIAN_POINT('Ctrl Pts',(128.232980561916,-135.618930048013,88.6863229369462));
#5928=CARTESIAN_POINT('Ctrl Pts',(128.279570173091,-135.827174264033,88.7061747467745));
#5929=CARTESIAN_POINT('Ctrl Pts',(128.461607067145,-136.198845458671,88.7504461731565));
#5930=CARTESIAN_POINT('Ctrl Pts',(128.597002855383,-136.362662114996,88.7717503918938));
#5931=CARTESIAN_POINT('Ctrl Pts',(128.832749190747,-136.545920193382,88.7550248358889));
#5932=CARTESIAN_POINT('Ctrl Pts',(128.924461107191,-136.602211180664,88.7405952522099));
#5933=CARTESIAN_POINT('Ctrl Pts',(129.111970134335,-136.688575077009,88.6855259883989));
#5934=CARTESIAN_POINT('Ctrl Pts',(129.207569903705,-136.718837016056,88.6445117948));
#5935=CARTESIAN_POINT('Ctrl Pts',(129.399157630428,-136.761122389339,88.5336522675766));
#5936=CARTESIAN_POINT('Ctrl Pts',(129.516348595035,-136.770156224451,88.4385139409222));
#5937=CARTESIAN_POINT('Ctrl Pts',(129.696517267621,-136.767873565972,88.2359027115203));
#5938=CARTESIAN_POINT('Ctrl Pts',(129.779425293946,-136.756001503906,88.1024073252583));
#5939=CARTESIAN_POINT('Ctrl Pts',(129.889170044633,-136.735207933143,87.8139240010056));
#5940=CARTESIAN_POINT('Ctrl Pts',(129.915981264283,-136.727489021824,87.6588409402997));
#5941=CARTESIAN_POINT('Ctrl Pts',(129.915981264283,-136.727489021824,87.3685881915839));
#5942=CARTESIAN_POINT('Ctrl Pts',(129.889170044633,-136.735207933143,87.2135051308779));
#5943=CARTESIAN_POINT('Ctrl Pts',(129.779425293946,-136.756001503906,86.9250218066253));
#5944=CARTESIAN_POINT('Ctrl Pts',(129.696517267621,-136.767873565972,86.7915264203633));
#5945=CARTESIAN_POINT('Ctrl Pts',(129.516348595035,-136.770156224451,86.5889151909613));
#5946=CARTESIAN_POINT('Ctrl Pts',(129.399157630428,-136.761122389339,86.4937768643069));
#5947=CARTESIAN_POINT('Ctrl Pts',(129.207569903705,-136.718837016056,86.3829173370836));
#5948=CARTESIAN_POINT('Ctrl Pts',(129.111970134335,-136.688575077009,86.3419031434846));
#5949=CARTESIAN_POINT('Ctrl Pts',(128.924461107191,-136.602211180664,86.2868338796736));
#5950=CARTESIAN_POINT('Ctrl Pts',(128.832749190747,-136.545920193382,86.2724042959946));
#5951=CARTESIAN_POINT('Ctrl Pts',(128.597002855383,-136.362662114996,86.2556787399898));
#5952=CARTESIAN_POINT('Ctrl Pts',(128.461607067145,-136.198845458671,86.276982958727));
#5953=CARTESIAN_POINT('Ctrl Pts',(128.279570173091,-135.827174264033,86.321254385109));
#5954=CARTESIAN_POINT('Ctrl Pts',(128.232980561916,-135.618930048013,86.3411061949373));
#5955=CARTESIAN_POINT('Ctrl Pts',(128.232980561916,-135.419203681303,86.3411061949373));
#5956=CARTESIAN_POINT('Ctrl Pts',(128.232980561916,-135.419203681303,86.3411061949373));
#5957=CARTESIAN_POINT('Ctrl Pts',(128.232980561916,-135.219477314592,86.3411061949373));
#5958=CARTESIAN_POINT('Ctrl Pts',(128.279570173091,-135.011233098572,86.321254385109));
#5959=CARTESIAN_POINT('Ctrl Pts',(128.461607067145,-134.639561903934,86.276982958727));
#5960=CARTESIAN_POINT('Ctrl Pts',(128.597002855383,-134.475745247609,86.2556787399898));
#5961=CARTESIAN_POINT('Ctrl Pts',(128.832749190747,-134.292487169223,86.2724042959946));
#5962=CARTESIAN_POINT('Ctrl Pts',(128.924461107191,-134.236196181941,86.2868338796736));
#5963=CARTESIAN_POINT('Ctrl Pts',(129.111970134335,-134.149832285596,86.3419031434846));
#5964=CARTESIAN_POINT('Ctrl Pts',(129.207569903705,-134.119570346549,86.3829173370836));
#5965=CARTESIAN_POINT('Ctrl Pts',(129.399157630428,-134.077284973266,86.4937768643069));
#5966=CARTESIAN_POINT('Ctrl Pts',(129.516348595035,-134.068251138154,86.5889151909613));
#5967=CARTESIAN_POINT('Ctrl Pts',(129.696517267621,-134.070533796633,86.7915264203633));
#5968=CARTESIAN_POINT('Ctrl Pts',(129.779425293946,-134.082405858699,86.9250218066253));
#5969=CARTESIAN_POINT('Ctrl Pts',(129.889170044633,-134.103199429462,87.2135051308779));
#5970=CARTESIAN_POINT('Ctrl Pts',(129.915981264283,-134.110918340781,87.3685881915839));
#5971=CARTESIAN_POINT('Ctrl Pts',(129.915981264283,-134.110918340781,87.5137145659418));
#5972=CARTESIAN_POINT('Origin',(128.665981264283,-131.887185752017,31.8877145659418));
#5973=CARTESIAN_POINT('',(127.415981264283,-131.887185752017,31.8877145659418));
#5974=CARTESIAN_POINT('Origin',(128.665981264283,-131.887185752017,31.8877145659418));
#5975=CARTESIAN_POINT('Origin',(128.665981264283,-140.183185752017,31.8877145659418));
#5976=CARTESIAN_POINT('',(127.415981264283,-140.183185752017,31.8877145659418));
#5977=CARTESIAN_POINT('Origin',(109.615981264279,-140.183185752017,87.5137145659418));
#5978=CARTESIAN_POINT('',(108.365981264279,-140.183185752017,87.5137145659418));
#5979=CARTESIAN_POINT('Origin',(106.582980561915,-77.4192036813028,79.8840583542359));
#5980=CARTESIAN_POINT('',(105.232980561915,-77.4192036813028,79.8840583542359));
#5981=CARTESIAN_POINT('Origin',(106.582980561915,-77.4192036813028,79.8840583542359));
#5982=CARTESIAN_POINT('Origin',(106.582980561915,-77.4192036813028,90.9160583542359));
#5983=CARTESIAN_POINT('',(105.232980561915,-77.4192036813028,90.9160583542359));
#5984=CARTESIAN_POINT('',(107.932980561915,-77.4192036813028,86.3252936412137));
#5985=CARTESIAN_POINT('Ctrl Pts',(107.932980561915,-77.4192036813028,86.3252936412137));
#5986=CARTESIAN_POINT('Ctrl Pts',(107.932980561915,-77.2013288459094,86.3252936412137));
#5987=CARTESIAN_POINT('Ctrl Pts',(107.877681608764,-76.9762859759611,86.3038661051595));
#5988=CARTESIAN_POINT('Ctrl Pts',(107.718866005764,-76.6811342722587,86.2746282233257));
#5989=CARTESIAN_POINT('Ctrl Pts',(107.653611921957,-76.5894315965806,86.2661345029293));
#5990=CARTESIAN_POINT('Ctrl Pts',(107.504016539097,-76.4259943569406,86.2621835686147));
#5991=CARTESIAN_POINT('Ctrl Pts',(107.419663272068,-76.3542707561162,86.2667260091536));
#5992=CARTESIAN_POINT('Ctrl Pts',(107.250305576033,-76.2417914680619,86.2963832808953));
#5993=CARTESIAN_POINT('Ctrl Pts',(107.159287998636,-76.1945518701808,86.320847453153));
#5994=CARTESIAN_POINT('Ctrl Pts',(106.97835078714,-76.1247599163741,86.3954837055924));
#5995=CARTESIAN_POINT('Ctrl Pts',(106.888646252945,-76.1019218330254,86.4459094164407));
#5996=CARTESIAN_POINT('Ctrl Pts',(106.657586911108,-76.0622776069037,86.613601553524));
#5997=CARTESIAN_POINT('Ctrl Pts',(106.523013622501,-76.0674637301913,86.7676542544925));
#5998=CARTESIAN_POINT('Ctrl Pts',(106.341971781857,-76.0877713277917,87.1217828552154));
#5999=CARTESIAN_POINT('Ctrl Pts',(106.295481264279,-76.1001721601256,87.3219983018987));
#6000=CARTESIAN_POINT('Ctrl Pts',(106.295481264279,-76.1001721601256,87.7054308299851));
#6001=CARTESIAN_POINT('Ctrl Pts',(106.341971781857,-76.0877713277917,87.9056462766685));
#6002=CARTESIAN_POINT('Ctrl Pts',(106.523013622501,-76.0674637301913,88.2597748773914));
#6003=CARTESIAN_POINT('Ctrl Pts',(106.657586911108,-76.0622776069037,88.4138275783598));
#6004=CARTESIAN_POINT('Ctrl Pts',(106.888646252945,-76.1019218330254,88.5815197154432));
#6005=CARTESIAN_POINT('Ctrl Pts',(106.97835078714,-76.1247599163741,88.6319454262915));
#6006=CARTESIAN_POINT('Ctrl Pts',(107.159287998636,-76.1945518701808,88.7065816787308));
#6007=CARTESIAN_POINT('Ctrl Pts',(107.250305576033,-76.2417914680619,88.7310458509886));
#6008=CARTESIAN_POINT('Ctrl Pts',(107.419663272068,-76.3542707561162,88.7607031227303));
#6009=CARTESIAN_POINT('Ctrl Pts',(107.504016539097,-76.4259943569406,88.7652455632692));
#6010=CARTESIAN_POINT('Ctrl Pts',(107.653611921957,-76.5894315965806,88.7612946289545));
#6011=CARTESIAN_POINT('Ctrl Pts',(107.718866005764,-76.6811342722587,88.7528009085582));
#6012=CARTESIAN_POINT('Ctrl Pts',(107.877681608764,-76.9762859759611,88.7235630267243));
#6013=CARTESIAN_POINT('Ctrl Pts',(107.932980561915,-77.2013288459094,88.7021354906701));
#6014=CARTESIAN_POINT('Ctrl Pts',(107.932980561915,-77.6370785166962,88.7021354906701));
#6015=CARTESIAN_POINT('Ctrl Pts',(107.877681608764,-77.8621213866444,88.7235630267243));
#6016=CARTESIAN_POINT('Ctrl Pts',(107.718866005764,-78.1572730903468,88.7528009085582));
#6017=CARTESIAN_POINT('Ctrl Pts',(107.653611921957,-78.2489757660249,88.7612946289545));
#6018=CARTESIAN_POINT('Ctrl Pts',(107.504016539097,-78.412413005665,88.7652455632692));
#6019=CARTESIAN_POINT('Ctrl Pts',(107.419663272068,-78.4841366064894,88.7607031227303));
#6020=CARTESIAN_POINT('Ctrl Pts',(107.250305576033,-78.5966158945436,88.7310458509886));
#6021=CARTESIAN_POINT('Ctrl Pts',(107.159287998636,-78.6438554924247,88.7065816787309));
#6022=CARTESIAN_POINT('Ctrl Pts',(106.97835078714,-78.7136474462314,88.6319454262915));
#6023=CARTESIAN_POINT('Ctrl Pts',(106.888646252945,-78.7364855295802,88.5815197154432));
#6024=CARTESIAN_POINT('Ctrl Pts',(106.657586911108,-78.7761297557019,88.4138275783598));
#6025=CARTESIAN_POINT('Ctrl Pts',(106.523013622501,-78.7709436324142,88.2597748773914));
#6026=CARTESIAN_POINT('Ctrl Pts',(106.341971781857,-78.7506360348138,87.9056462766685));
#6027=CARTESIAN_POINT('Ctrl Pts',(106.295481264279,-78.7382352024799,87.7054308299851));
#6028=CARTESIAN_POINT('Ctrl Pts',(106.295481264279,-78.7382352024799,87.3219983018987));
#6029=CARTESIAN_POINT('Ctrl Pts',(106.341971781857,-78.7506360348138,87.1217828552154));
#6030=CARTESIAN_POINT('Ctrl Pts',(106.523013622501,-78.7709436324142,86.7676542544925));
#6031=CARTESIAN_POINT('Ctrl Pts',(106.657586911108,-78.7761297557019,86.613601553524));
#6032=CARTESIAN_POINT('Ctrl Pts',(106.888646252945,-78.7364855295802,86.4459094164407));
#6033=CARTESIAN_POINT('Ctrl Pts',(106.97835078714,-78.7136474462315,86.3954837055924));
#6034=CARTESIAN_POINT('Ctrl Pts',(107.159287998636,-78.6438554924247,86.320847453153));
#6035=CARTESIAN_POINT('Ctrl Pts',(107.250305576033,-78.5966158945436,86.2963832808953));
#6036=CARTESIAN_POINT('Ctrl Pts',(107.419663272068,-78.4841366064894,86.2667260091536));
#6037=CARTESIAN_POINT('Ctrl Pts',(107.504016539097,-78.412413005665,86.2621835686147));
#6038=CARTESIAN_POINT('Ctrl Pts',(107.653611921957,-78.2489757660249,86.2661345029293));
#6039=CARTESIAN_POINT('Ctrl Pts',(107.718866005764,-78.1572730903468,86.2746282233257));
#6040=CARTESIAN_POINT('Ctrl Pts',(107.877681608764,-77.8621213866444,86.3038661051595));
#6041=CARTESIAN_POINT('Ctrl Pts',(107.932980561915,-77.6370785166962,86.3252936412137));
#6042=CARTESIAN_POINT('Ctrl Pts',(107.932980561915,-77.4192036813028,86.3252936412137));
#6043=CARTESIAN_POINT('Origin',(106.582980561916,-135.419203681303,79.8840583542359));
#6044=CARTESIAN_POINT('',(105.232980561916,-135.419203681303,79.8840583542359));
#6045=CARTESIAN_POINT('Origin',(106.582980561916,-135.419203681303,79.8840583542359));
#6046=CARTESIAN_POINT('Origin',(106.582980561916,-135.419203681303,90.9160583542359));
#6047=CARTESIAN_POINT('',(105.232980561916,-135.419203681303,90.9160583542359));
#6048=CARTESIAN_POINT('Origin',(129.582980561915,-77.4192036813025,79.8840583542359));
#6049=CARTESIAN_POINT('',(128.232980561915,-77.4192036813025,79.8840583542359));
#6050=CARTESIAN_POINT('Origin',(129.582980561915,-77.4192036813025,79.8840583542359));
#6051=CARTESIAN_POINT('Origin',(129.582980561915,-77.4192036813025,90.9160583542359));
#6052=CARTESIAN_POINT('',(128.232980561915,-77.4192036813025,90.8156506907437));
#6053=CARTESIAN_POINT('Origin',(129.582980561915,-77.4192036813025,90.8156506907437));
#6054=CARTESIAN_POINT('',(128.232980561915,-77.4192036813025,90.9160583542359));
#6055=CARTESIAN_POINT('Origin',(129.582980561916,-135.419203681303,79.8840583542359));
#6056=CARTESIAN_POINT('',(128.232980561916,-135.419203681303,79.8840583542359));
#6057=CARTESIAN_POINT('Origin',(129.582980561916,-135.419203681303,79.8840583542359));
#6058=CARTESIAN_POINT('Origin',(129.582980561916,-135.419203681303,90.9160583542359));
#6059=CARTESIAN_POINT('',(128.232980561916,-135.419203681303,90.8160583542359));
#6060=CARTESIAN_POINT('Origin',(129.582980561916,-135.419203681303,90.8160583542359));
#6061=CARTESIAN_POINT('',(128.232980561916,-135.419203681303,90.9160583542359));
#6062=CARTESIAN_POINT('',(128.232980561916,-135.419203681303,90.9160583542359));
#6063=CARTESIAN_POINT('Origin',(107.54548126428,-80.5852831095532,31.8877145659419));
#6064=CARTESIAN_POINT('',(108.79548126428,-80.5852831095532,31.8877145659419));
#6065=CARTESIAN_POINT('Origin',(107.54548126428,-80.5852831095532,31.8877145659419));
#6066=CARTESIAN_POINT('Origin',(107.54548126428,-72.2892831095532,31.8877145659419));
#6067=CARTESIAN_POINT('',(108.79548126428,-72.2892831095532,31.8877145659419));
#6068=CARTESIAN_POINT('Origin',(107.545481264279,-80.5852831095532,87.5137145659419));
#6069=CARTESIAN_POINT('',(108.795481264279,-80.5852831095532,87.5137145659419));
#6070=CARTESIAN_POINT('Origin',(107.545481264279,-80.5852831095532,87.5137145659419));
#6071=CARTESIAN_POINT('Origin',(107.545481264279,-72.2892831095532,87.5137145659419));
#6072=CARTESIAN_POINT('',(108.795481264279,-72.2892831095532,87.5137145659419));
#6073=CARTESIAN_POINT('Origin',(126.595481264284,-80.5852831095532,31.887714565942));
#6074=CARTESIAN_POINT('',(127.845481264284,-80.5852831095532,31.887714565942));
#6075=CARTESIAN_POINT('Origin',(126.595481264284,-80.5852831095532,31.887714565942));
#6076=CARTESIAN_POINT('Origin',(126.595481264284,-72.2892831095532,31.887714565942));
#6077=CARTESIAN_POINT('',(127.845481264284,-72.2892831095532,31.887714565942));
#6078=CARTESIAN_POINT('Origin',(126.595481264283,-80.5852831095532,87.513714565942));
#6079=CARTESIAN_POINT('',(127.845481264283,-80.5852831095532,87.513714565942));
#6080=CARTESIAN_POINT('Origin',(126.595481264283,-80.5852831095532,87.513714565942));
#6081=CARTESIAN_POINT('Origin',(126.595481264283,-72.2892831095532,87.513714565942));
#6082=CARTESIAN_POINT('',(127.845481264283,-72.2892831095532,87.513714565942));
#6083=CARTESIAN_POINT('Origin',(131.970382096823,-77.5374546313853,31.9486096078598));
#6084=CARTESIAN_POINT('',(131.970382096823,-76.5856261532175,90.8156506907437));
#6085=CARTESIAN_POINT('',(131.970382096823,-76.5856261532175,53.8821301493018));
#6086=CARTESIAN_POINT('',(131.970382096823,-82.7856261532175,90.8156506907437));
#6087=CARTESIAN_POINT('Origin',(114.737260730573,-131.887185752018,20.2300685249769));
#6088=CARTESIAN_POINT('',(198.663153143627,-131.887185752018,90.8156506907437));
#6089=CARTESIAN_POINT('',(155.950321413698,-131.887185752017,90.8156506907437));
#6090=CARTESIAN_POINT('',(132.971153143627,-131.887185752017,90.816058354236));
#6091=CARTESIAN_POINT('Origin',(126.987153143627,-129.687185752017,90.8160583542359));
#6092=CARTESIAN_POINT('',(198.663153143627,-121.061795852317,90.8156506907437));
#6093=CARTESIAN_POINT('Origin',(131.970382096823,-76.5856261532175,75.8156506907437));
#6094=CARTESIAN_POINT('',(131.970382096823,-76.5856261532175,90.8156506907437));
#6095=CARTESIAN_POINT('Origin',(104.570382096823,-72.2892831095532,90.8156506907437));
#6096=UNCERTAINTY_MEASURE_WITH_UNIT(LENGTH_MEASURE(0.01),#6100,
'DISTANCE_ACCURACY_VALUE',
'Maximum model space distance between geometric entities at asserted c
onnectivities');
#6097=UNCERTAINTY_MEASURE_WITH_UNIT(LENGTH_MEASURE(0.01),#6100,
'DISTANCE_ACCURACY_VALUE',
'Maximum model space distance between geometric entities at asserted c
onnectivities');
#6098=(
GEOMETRIC_REPRESENTATION_CONTEXT(3)
GLOBAL_UNCERTAINTY_ASSIGNED_CONTEXT((#6096))
GLOBAL_UNIT_ASSIGNED_CONTEXT((#6100,#6102,#6103))
REPRESENTATION_CONTEXT('','3D')
);
#6099=(
GEOMETRIC_REPRESENTATION_CONTEXT(3)
GLOBAL_UNCERTAINTY_ASSIGNED_CONTEXT((#6097))
GLOBAL_UNIT_ASSIGNED_CONTEXT((#6100,#6102,#6103))
REPRESENTATION_CONTEXT('','3D')
);
#6100=(
LENGTH_UNIT()
NAMED_UNIT(*)
SI_UNIT(.MILLI.,.METRE.)
);
#6101=(
LENGTH_UNIT()
NAMED_UNIT(*)
SI_UNIT($,.METRE.)
);
#6102=(
NAMED_UNIT(*)
PLANE_ANGLE_UNIT()
SI_UNIT($,.RADIAN.)
);
#6103=(
NAMED_UNIT(*)
SI_UNIT($,.STERADIAN.)
SOLID_ANGLE_UNIT()
);
#6104=SHAPE_DEFINITION_REPRESENTATION(#6105,#6106);
#6105=PRODUCT_DEFINITION_SHAPE('',$,#6108);
#6106=SHAPE_REPRESENTATION('',(#3709),#6098);
#6107=PRODUCT_DEFINITION_CONTEXT('part definition',#6112,'design');
#6108=PRODUCT_DEFINITION('1xmidseg','1xmidseg v1',#6109,#6107);
#6109=PRODUCT_DEFINITION_FORMATION('',$,#6114);
#6110=PRODUCT_RELATED_PRODUCT_CATEGORY('1xmidseg v1','1xmidseg v1',(#6114));
#6111=APPLICATION_PROTOCOL_DEFINITION('international standard',
'automotive_design',2009,#6112);
#6112=APPLICATION_CONTEXT(
'Core Data for Automotive Mechanical Design Process');
#6113=PRODUCT_CONTEXT('part definition',#6112,'mechanical');
#6114=PRODUCT('1xmidseg','1xmidseg v1',$,(#6113));
#6115=PRESENTATION_STYLE_ASSIGNMENT((#6117));
#6116=PRESENTATION_STYLE_ASSIGNMENT((#6118));
#6117=SURFACE_STYLE_USAGE(.BOTH.,#6119);
#6118=SURFACE_STYLE_USAGE(.BOTH.,#6120);
#6119=SURFACE_SIDE_STYLE('',(#6121));
#6120=SURFACE_SIDE_STYLE('',(#6122));
#6121=SURFACE_STYLE_FILL_AREA(#6123);
#6122=SURFACE_STYLE_FILL_AREA(#6124);
#6123=FILL_AREA_STYLE('Steel - Satin',(#6125));
#6124=FILL_AREA_STYLE('Paint - Metallic (Black)',(#6126));
#6125=FILL_AREA_STYLE_COLOUR('Steel - Satin',#6127);
#6126=FILL_AREA_STYLE_COLOUR('Paint - Metallic (Black)',#6128);
#6127=COLOUR_RGB('Steel - Satin',0.627450980392157,0.627450980392157,0.627450980392157);
#6128=COLOUR_RGB('Paint - Metallic (Black)',0.0980392156862745,0.0980392156862745,
0.0980392156862745);
ENDSEC;
END-ISO-10303-21;
